id,firstname,lastname,salary,address,dateofbirth,department
1,FirstName1,LastName1,30001,Pune,1995-01-02,HR
2,FirstName2,LastName2,30002,Bangalore,1995-01-03,Finance
3,FirstName3,LastName3,30003,Hyderabad,1995-01-04,Sales
4,FirstName4,LastName4,30004,Chennai,1995-01-05,Marketing
5,FirstName5,LastName5,30005,Delhi,1995-01-06,Support
6,FirstName6,LastName6,30006,Noida,1995-01-07,Admin
7,FirstName7,LastName7,30007,Gurgaon,1995-01-08,Operations
8,FirstName8,LastName8,30008,Mumbai,1995-01-09,IT
9,FirstName9,LastName9,30009,Pune,1995-01-10,HR
10,FirstName10,LastName10,30010,Bangalore,1995-01-11,Finance
11,FirstName11,LastName11,30011,Hyderabad,1995-01-12,Sales
12,FirstName12,LastName12,30012,Chennai,1995-01-13,Marketing
13,FirstName13,LastName13,30013,Delhi,1995-01-14,Support
14,FirstName14,LastName14,30014,Noida,1995-01-15,Admin
15,FirstName15,LastName15,30015,Gurgaon,1995-01-16,Operations
16,FirstName16,LastName16,30016,Mumbai,1995-01-17,IT
17,FirstName17,LastName17,30017,Pune,1995-01-18,HR
18,FirstName18,LastName18,30018,Bangalore,1995-01-19,Finance
19,FirstName19,LastName19,30019,Hyderabad,1995-01-20,Sales
20,FirstName20,LastName20,30020,Chennai,1995-01-21,Marketing
21,FirstName21,LastName21,30021,Delhi,1995-01-22,Support
22,FirstName22,LastName22,30022,Noida,1995-01-23,Admin
23,FirstName23,LastName23,30023,Gurgaon,1995-01-24,Operations
24,FirstName24,LastName24,30024,Mumbai,1995-01-25,IT
25,FirstName25,LastName25,30025,Pune,1995-01-26,HR
26,FirstName26,LastName26,30026,Bangalore,1995-01-27,Finance
27,FirstName27,LastName27,30027,Hyderabad,1995-01-28,Sales
28,FirstName28,LastName28,30028,Chennai,1995-01-29,Marketing
29,FirstName29,LastName29,30029,Delhi,1995-01-30,Support
30,FirstName30,LastName30,30030,Noida,1995-01-31,Admin
31,FirstName31,LastName31,30031,Gurgaon,1995-02-01,Operations
32,FirstName32,LastName32,30032,Mumbai,1995-02-02,IT
33,FirstName33,LastName33,30033,Pune,1995-02-03,HR
34,FirstName34,LastName34,30034,Bangalore,1995-02-04,Finance
35,FirstName35,LastName35,30035,Hyderabad,1995-02-05,Sales
36,FirstName36,LastName36,30036,Chennai,1995-02-06,Marketing
37,FirstName37,LastName37,30037,Delhi,1995-02-07,Support
38,FirstName38,LastName38,30038,Noida,1995-02-08,Admin
39,FirstName39,LastName39,30039,Gurgaon,1995-02-09,Operations
40,FirstName40,LastName40,30040,Mumbai,1995-02-10,IT
41,FirstName41,LastName41,30041,Pune,1995-02-11,HR
42,FirstName42,LastName42,30042,Bangalore,1995-02-12,Finance
43,FirstName43,LastName43,30043,Hyderabad,1995-02-13,Sales
44,FirstName44,LastName44,30044,Chennai,1995-02-14,Marketing
45,FirstName45,LastName45,30045,Delhi,1995-02-15,Support
46,FirstName46,LastName46,30046,Noida,1995-02-16,Admin
47,FirstName47,LastName47,30047,Gurgaon,1995-02-17,Operations
48,FirstName48,LastName48,30048,Mumbai,1995-02-18,IT
49,FirstName49,LastName49,30049,Pune,1995-02-19,HR
50,FirstName50,LastName50,30050,Bangalore,1995-02-20,Finance
51,FirstName51,LastName51,30051,Hyderabad,1995-02-21,Sales
52,FirstName52,LastName52,30052,Chennai,1995-02-22,Marketing
53,FirstName53,LastName53,30053,Delhi,1995-02-23,Support
54,FirstName54,LastName54,30054,Noida,1995-02-24,Admin
55,FirstName55,LastName55,30055,Gurgaon,1995-02-25,Operations
56,FirstName56,LastName56,30056,Mumbai,1995-02-26,IT
57,FirstName57,LastName57,30057,Pune,1995-02-27,HR
58,FirstName58,LastName58,30058,Bangalore,1995-02-28,Finance
59,FirstName59,LastName59,30059,Hyderabad,1995-03-01,Sales
60,FirstName60,LastName60,30060,Chennai,1995-03-02,Marketing
61,FirstName61,LastName61,30061,Delhi,1995-03-03,Support
62,FirstName62,LastName62,30062,Noida,1995-03-04,Admin
63,FirstName63,LastName63,30063,Gurgaon,1995-03-05,Operations
64,FirstName64,LastName64,30064,Mumbai,1995-03-06,IT
65,FirstName65,LastName65,30065,Pune,1995-03-07,HR
66,FirstName66,LastName66,30066,Bangalore,1995-03-08,Finance
67,FirstName67,LastName67,30067,Hyderabad,1995-03-09,Sales
68,FirstName68,LastName68,30068,Chennai,1995-03-10,Marketing
69,FirstName69,LastName69,30069,Delhi,1995-03-11,Support
70,FirstName70,LastName70,30070,Noida,1995-03-12,Admin
71,FirstName71,LastName71,30071,Gurgaon,1995-03-13,Operations
72,FirstName72,LastName72,30072,Mumbai,1995-03-14,IT
73,FirstName73,LastName73,30073,Pune,1995-03-15,HR
74,FirstName74,LastName74,30074,Bangalore,1995-03-16,Finance
75,FirstName75,LastName75,30075,Hyderabad,1995-03-17,Sales
76,FirstName76,LastName76,30076,Chennai,1995-03-18,Marketing
77,FirstName77,LastName77,30077,Delhi,1995-03-19,Support
78,FirstName78,LastName78,30078,Noida,1995-03-20,Admin
79,FirstName79,LastName79,30079,Gurgaon,1995-03-21,Operations
80,FirstName80,LastName80,30080,Mumbai,1995-03-22,IT
81,FirstName81,LastName81,30081,Pune,1995-03-23,HR
82,FirstName82,LastName82,30082,Bangalore,1995-03-24,Finance
83,FirstName83,LastName83,30083,Hyderabad,1995-03-25,Sales
84,FirstName84,LastName84,30084,Chennai,1995-03-26,Marketing
85,FirstName85,LastName85,30085,Delhi,1995-03-27,Support
86,FirstName86,LastName86,30086,Noida,1995-03-28,Admin
87,FirstName87,LastName87,30087,Gurgaon,1995-03-29,Operations
88,FirstName88,LastName88,30088,Mumbai,1995-03-30,IT
89,FirstName89,LastName89,30089,Pune,1995-03-31,HR
90,FirstName90,LastName90,30090,Bangalore,1995-04-01,Finance
91,FirstName91,LastName91,30091,Hyderabad,1995-04-02,Sales
92,FirstName92,LastName92,30092,Chennai,1995-04-03,Marketing
93,FirstName93,LastName93,30093,Delhi,1995-04-04,Support
94,FirstName94,LastName94,30094,Noida,1995-04-05,Admin
95,FirstName95,LastName95,30095,Gurgaon,1995-04-06,Operations
96,FirstName96,LastName96,30096,Mumbai,1995-04-07,IT
97,FirstName97,LastName97,30097,Pune,1995-04-08,HR
98,FirstName98,LastName98,30098,Bangalore,1995-04-09,Finance
99,FirstName99,LastName99,30099,Hyderabad,1995-04-10,Sales
100,FirstName100,LastName100,30100,Chennai,1995-04-11,Marketing
101,FirstName101,LastName101,30101,Delhi,1995-04-12,Support
102,FirstName102,LastName102,30102,Noida,1995-04-13,Admin
103,FirstName103,LastName103,30103,Gurgaon,1995-04-14,Operations
104,FirstName104,LastName104,30104,Mumbai,1995-04-15,IT
105,FirstName105,LastName105,30105,Pune,1995-04-16,HR
106,FirstName106,LastName106,30106,Bangalore,1995-04-17,Finance
107,FirstName107,LastName107,30107,Hyderabad,1995-04-18,Sales
108,FirstName108,LastName108,30108,Chennai,1995-04-19,Marketing
109,FirstName109,LastName109,30109,Delhi,1995-04-20,Support
110,FirstName110,LastName110,30110,Noida,1995-04-21,Admin
111,FirstName111,LastName111,30111,Gurgaon,1995-04-22,Operations
112,FirstName112,LastName112,30112,Mumbai,1995-04-23,IT
113,FirstName113,LastName113,30113,Pune,1995-04-24,HR
114,FirstName114,LastName114,30114,Bangalore,1995-04-25,Finance
115,FirstName115,LastName115,30115,Hyderabad,1995-04-26,Sales
116,FirstName116,LastName116,30116,Chennai,1995-04-27,Marketing
117,FirstName117,LastName117,30117,Delhi,1995-04-28,Support
118,FirstName118,LastName118,30118,Noida,1995-04-29,Admin
119,FirstName119,LastName119,30119,Gurgaon,1995-04-30,Operations
120,FirstName120,LastName120,30120,Mumbai,1995-05-01,IT
121,FirstName121,LastName121,30121,Pune,1995-05-02,HR
122,FirstName122,LastName122,30122,Bangalore,1995-05-03,Finance
123,FirstName123,LastName123,30123,Hyderabad,1995-05-04,Sales
124,FirstName124,LastName124,30124,Chennai,1995-05-05,Marketing
125,FirstName125,LastName125,30125,Delhi,1995-05-06,Support
126,FirstName126,LastName126,30126,Noida,1995-05-07,Admin
127,FirstName127,LastName127,30127,Gurgaon,1995-05-08,Operations
128,FirstName128,LastName128,30128,Mumbai,1995-05-09,IT
129,FirstName129,LastName129,30129,Pune,1995-05-10,HR
130,FirstName130,LastName130,30130,Bangalore,1995-05-11,Finance
131,FirstName131,LastName131,30131,Hyderabad,1995-05-12,Sales
132,FirstName132,LastName132,30132,Chennai,1995-05-13,Marketing
133,FirstName133,LastName133,30133,Delhi,1995-05-14,Support
134,FirstName134,LastName134,30134,Noida,1995-05-15,Admin
135,FirstName135,LastName135,30135,Gurgaon,1995-05-16,Operations
136,FirstName136,LastName136,30136,Mumbai,1995-05-17,IT
137,FirstName137,LastName137,30137,Pune,1995-05-18,HR
138,FirstName138,LastName138,30138,Bangalore,1995-05-19,Finance
139,FirstName139,LastName139,30139,Hyderabad,1995-05-20,Sales
140,FirstName140,LastName140,30140,Chennai,1995-05-21,Marketing
141,FirstName141,LastName141,30141,Delhi,1995-05-22,Support
142,FirstName142,LastName142,30142,Noida,1995-05-23,Admin
143,FirstName143,LastName143,30143,Gurgaon,1995-05-24,Operations
144,FirstName144,LastName144,30144,Mumbai,1995-05-25,IT
145,FirstName145,LastName145,30145,Pune,1995-05-26,HR
146,FirstName146,LastName146,30146,Bangalore,1995-05-27,Finance
147,FirstName147,LastName147,30147,Hyderabad,1995-05-28,Sales
148,FirstName148,LastName148,30148,Chennai,1995-05-29,Marketing
149,FirstName149,LastName149,30149,Delhi,1995-05-30,Support
150,FirstName150,LastName150,30150,Noida,1995-05-31,Admin
151,FirstName151,LastName151,30151,Gurgaon,1995-06-01,Operations
152,FirstName152,LastName152,30152,Mumbai,1995-06-02,IT
153,FirstName153,LastName153,30153,Pune,1995-06-03,HR
154,FirstName154,LastName154,30154,Bangalore,1995-06-04,Finance
155,FirstName155,LastName155,30155,Hyderabad,1995-06-05,Sales
156,FirstName156,LastName156,30156,Chennai,1995-06-06,Marketing
157,FirstName157,LastName157,30157,Delhi,1995-06-07,Support
158,FirstName158,LastName158,30158,Noida,1995-06-08,Admin
159,FirstName159,LastName159,30159,Gurgaon,1995-06-09,Operations
160,FirstName160,LastName160,30160,Mumbai,1995-06-10,IT
161,FirstName161,LastName161,30161,Pune,1995-06-11,HR
162,FirstName162,LastName162,30162,Bangalore,1995-06-12,Finance
163,FirstName163,LastName163,30163,Hyderabad,1995-06-13,Sales
164,FirstName164,LastName164,30164,Chennai,1995-06-14,Marketing
165,FirstName165,LastName165,30165,Delhi,1995-06-15,Support
166,FirstName166,LastName166,30166,Noida,1995-06-16,Admin
167,FirstName167,LastName167,30167,Gurgaon,1995-06-17,Operations
168,FirstName168,LastName168,30168,Mumbai,1995-06-18,IT
169,FirstName169,LastName169,30169,Pune,1995-06-19,HR
170,FirstName170,LastName170,30170,Bangalore,1995-06-20,Finance
171,FirstName171,LastName171,30171,Hyderabad,1995-06-21,Sales
172,FirstName172,LastName172,30172,Chennai,1995-06-22,Marketing
173,FirstName173,LastName173,30173,Delhi,1995-06-23,Support
174,FirstName174,LastName174,30174,Noida,1995-06-24,Admin
175,FirstName175,LastName175,30175,Gurgaon,1995-06-25,Operations
176,FirstName176,LastName176,30176,Mumbai,1995-06-26,IT
177,FirstName177,LastName177,30177,Pune,1995-06-27,HR
178,FirstName178,LastName178,30178,Bangalore,1995-06-28,Finance
179,FirstName179,LastName179,30179,Hyderabad,1995-06-29,Sales
180,FirstName180,LastName180,30180,Chennai,1995-06-30,Marketing
181,FirstName181,LastName181,30181,Delhi,1995-07-01,Support
182,FirstName182,LastName182,30182,Noida,1995-07-02,Admin
183,FirstName183,LastName183,30183,Gurgaon,1995-07-03,Operations
184,FirstName184,LastName184,30184,Mumbai,1995-07-04,IT
185,FirstName185,LastName185,30185,Pune,1995-07-05,HR
186,FirstName186,LastName186,30186,Bangalore,1995-07-06,Finance
187,FirstName187,LastName187,30187,Hyderabad,1995-07-07,Sales
188,FirstName188,LastName188,30188,Chennai,1995-07-08,Marketing
189,FirstName189,LastName189,30189,Delhi,1995-07-09,Support
190,FirstName190,LastName190,30190,Noida,1995-07-10,Admin
191,FirstName191,LastName191,30191,Gurgaon,1995-07-11,Operations
192,FirstName192,LastName192,30192,Mumbai,1995-07-12,IT
193,FirstName193,LastName193,30193,Pune,1995-07-13,HR
194,FirstName194,LastName194,30194,Bangalore,1995-07-14,Finance
195,FirstName195,LastName195,30195,Hyderabad,1995-07-15,Sales
196,FirstName196,LastName196,30196,Chennai,1995-07-16,Marketing
197,FirstName197,LastName197,30197,Delhi,1995-07-17,Support
198,FirstName198,LastName198,30198,Noida,1995-07-18,Admin
199,FirstName199,LastName199,30199,Gurgaon,1995-07-19,Operations
200,FirstName200,LastName200,30200,Mumbai,1995-07-20,IT
201,FirstName201,LastName201,30201,Pune,1995-07-21,HR
202,FirstName202,LastName202,30202,Bangalore,1995-07-22,Finance
203,FirstName203,LastName203,30203,Hyderabad,1995-07-23,Sales
204,FirstName204,LastName204,30204,Chennai,1995-07-24,Marketing
205,FirstName205,LastName205,30205,Delhi,1995-07-25,Support
206,FirstName206,LastName206,30206,Noida,1995-07-26,Admin
207,FirstName207,LastName207,30207,Gurgaon,1995-07-27,Operations
208,FirstName208,LastName208,30208,Mumbai,1995-07-28,IT
209,FirstName209,LastName209,30209,Pune,1995-07-29,HR
210,FirstName210,LastName210,30210,Bangalore,1995-07-30,Finance
211,FirstName211,LastName211,30211,Hyderabad,1995-07-31,Sales
212,FirstName212,LastName212,30212,Chennai,1995-08-01,Marketing
213,FirstName213,LastName213,30213,Delhi,1995-08-02,Support
214,FirstName214,LastName214,30214,Noida,1995-08-03,Admin
215,FirstName215,LastName215,30215,Gurgaon,1995-08-04,Operations
216,FirstName216,LastName216,30216,Mumbai,1995-08-05,IT
217,FirstName217,LastName217,30217,Pune,1995-08-06,HR
218,FirstName218,LastName218,30218,Bangalore,1995-08-07,Finance
219,FirstName219,LastName219,30219,Hyderabad,1995-08-08,Sales
220,FirstName220,LastName220,30220,Chennai,1995-08-09,Marketing
221,FirstName221,LastName221,30221,Delhi,1995-08-10,Support
222,FirstName222,LastName222,30222,Noida,1995-08-11,Admin
223,FirstName223,LastName223,30223,Gurgaon,1995-08-12,Operations
224,FirstName224,LastName224,30224,Mumbai,1995-08-13,IT
225,FirstName225,LastName225,30225,Pune,1995-08-14,HR
226,FirstName226,LastName226,30226,Bangalore,1995-08-15,Finance
227,FirstName227,LastName227,30227,Hyderabad,1995-08-16,Sales
228,FirstName228,LastName228,30228,Chennai,1995-08-17,Marketing
229,FirstName229,LastName229,30229,Delhi,1995-08-18,Support
230,FirstName230,LastName230,30230,Noida,1995-08-19,Admin
231,FirstName231,LastName231,30231,Gurgaon,1995-08-20,Operations
232,FirstName232,LastName232,30232,Mumbai,1995-08-21,IT
233,FirstName233,LastName233,30233,Pune,1995-08-22,HR
234,FirstName234,LastName234,30234,Bangalore,1995-08-23,Finance
235,FirstName235,LastName235,30235,Hyderabad,1995-08-24,Sales
236,FirstName236,LastName236,30236,Chennai,1995-08-25,Marketing
237,FirstName237,LastName237,30237,Delhi,1995-08-26,Support
238,FirstName238,LastName238,30238,Noida,1995-08-27,Admin
239,FirstName239,LastName239,30239,Gurgaon,1995-08-28,Operations
240,FirstName240,LastName240,30240,Mumbai,1995-08-29,IT
241,FirstName241,LastName241,30241,Pune,1995-08-30,HR
242,FirstName242,LastName242,30242,Bangalore,1995-08-31,Finance
243,FirstName243,LastName243,30243,Hyderabad,1995-09-01,Sales
244,FirstName244,LastName244,30244,Chennai,1995-09-02,Marketing
245,FirstName245,LastName245,30245,Delhi,1995-09-03,Support
246,FirstName246,LastName246,30246,Noida,1995-09-04,Admin
247,FirstName247,LastName247,30247,Gurgaon,1995-09-05,Operations
248,FirstName248,LastName248,30248,Mumbai,1995-09-06,IT
249,FirstName249,LastName249,30249,Pune,1995-09-07,HR
250,FirstName250,LastName250,30250,Bangalore,1995-09-08,Finance
251,FirstName251,LastName251,30251,Hyderabad,1995-09-09,Sales
252,FirstName252,LastName252,30252,Chennai,1995-09-10,Marketing
253,FirstName253,LastName253,30253,Delhi,1995-09-11,Support
254,FirstName254,LastName254,30254,Noida,1995-09-12,Admin
255,FirstName255,LastName255,30255,Gurgaon,1995-09-13,Operations
256,FirstName256,LastName256,30256,Mumbai,1995-09-14,IT
257,FirstName257,LastName257,30257,Pune,1995-09-15,HR
258,FirstName258,LastName258,30258,Bangalore,1995-09-16,Finance
259,FirstName259,LastName259,30259,Hyderabad,1995-09-17,Sales
260,FirstName260,LastName260,30260,Chennai,1995-09-18,Marketing
261,FirstName261,LastName261,30261,Delhi,1995-09-19,Support
262,FirstName262,LastName262,30262,Noida,1995-09-20,Admin
263,FirstName263,LastName263,30263,Gurgaon,1995-09-21,Operations
264,FirstName264,LastName264,30264,Mumbai,1995-09-22,IT
265,FirstName265,LastName265,30265,Pune,1995-09-23,HR
266,FirstName266,LastName266,30266,Bangalore,1995-09-24,Finance
267,FirstName267,LastName267,30267,Hyderabad,1995-09-25,Sales
268,FirstName268,LastName268,30268,Chennai,1995-09-26,Marketing
269,FirstName269,LastName269,30269,Delhi,1995-09-27,Support
270,FirstName270,LastName270,30270,Noida,1995-09-28,Admin
271,FirstName271,LastName271,30271,Gurgaon,1995-09-29,Operations
272,FirstName272,LastName272,30272,Mumbai,1995-09-30,IT
273,FirstName273,LastName273,30273,Pune,1995-10-01,HR
274,FirstName274,LastName274,30274,Bangalore,1995-10-02,Finance
275,FirstName275,LastName275,30275,Hyderabad,1995-10-03,Sales
276,FirstName276,LastName276,30276,Chennai,1995-10-04,Marketing
277,FirstName277,LastName277,30277,Delhi,1995-10-05,Support
278,FirstName278,LastName278,30278,Noida,1995-10-06,Admin
279,FirstName279,LastName279,30279,Gurgaon,1995-10-07,Operations
280,FirstName280,LastName280,30280,Mumbai,1995-10-08,IT
281,FirstName281,LastName281,30281,Pune,1995-10-09,HR
282,FirstName282,LastName282,30282,Bangalore,1995-10-10,Finance
283,FirstName283,LastName283,30283,Hyderabad,1995-10-11,Sales
284,FirstName284,LastName284,30284,Chennai,1995-10-12,Marketing
285,FirstName285,LastName285,30285,Delhi,1995-10-13,Support
286,FirstName286,LastName286,30286,Noida,1995-10-14,Admin
287,FirstName287,LastName287,30287,Gurgaon,1995-10-15,Operations
288,FirstName288,LastName288,30288,Mumbai,1995-10-16,IT
289,FirstName289,LastName289,30289,Pune,1995-10-17,HR
290,FirstName290,LastName290,30290,Bangalore,1995-10-18,Finance
291,FirstName291,LastName291,30291,Hyderabad,1995-10-19,Sales
292,FirstName292,LastName292,30292,Chennai,1995-10-20,Marketing
293,FirstName293,LastName293,30293,Delhi,1995-10-21,Support
294,FirstName294,LastName294,30294,Noida,1995-10-22,Admin
295,FirstName295,LastName295,30295,Gurgaon,1995-10-23,Operations
296,FirstName296,LastName296,30296,Mumbai,1995-10-24,IT
297,FirstName297,LastName297,30297,Pune,1995-10-25,HR
298,FirstName298,LastName298,30298,Bangalore,1995-10-26,Finance
299,FirstName299,LastName299,30299,Hyderabad,1995-10-27,Sales
300,FirstName300,LastName300,30300,Chennai,1995-10-28,Marketing
301,FirstName301,LastName301,30301,Delhi,1995-10-29,Support
302,FirstName302,LastName302,30302,Noida,1995-10-30,Admin
303,FirstName303,LastName303,30303,Gurgaon,1995-10-31,Operations
304,FirstName304,LastName304,30304,Mumbai,1995-11-01,IT
305,FirstName305,LastName305,30305,Pune,1995-11-02,HR
306,FirstName306,LastName306,30306,Bangalore,1995-11-03,Finance
307,FirstName307,LastName307,30307,Hyderabad,1995-11-04,Sales
308,FirstName308,LastName308,30308,Chennai,1995-11-05,Marketing
309,FirstName309,LastName309,30309,Delhi,1995-11-06,Support
310,FirstName310,LastName310,30310,Noida,1995-11-07,Admin
311,FirstName311,LastName311,30311,Gurgaon,1995-11-08,Operations
312,FirstName312,LastName312,30312,Mumbai,1995-11-09,IT
313,FirstName313,LastName313,30313,Pune,1995-11-10,HR
314,FirstName314,LastName314,30314,Bangalore,1995-11-11,Finance
315,FirstName315,LastName315,30315,Hyderabad,1995-11-12,Sales
316,FirstName316,LastName316,30316,Chennai,1995-11-13,Marketing
317,FirstName317,LastName317,30317,Delhi,1995-11-14,Support
318,FirstName318,LastName318,30318,Noida,1995-11-15,Admin
319,FirstName319,LastName319,30319,Gurgaon,1995-11-16,Operations
320,FirstName320,LastName320,30320,Mumbai,1995-11-17,IT
321,FirstName321,LastName321,30321,Pune,1995-11-18,HR
322,FirstName322,LastName322,30322,Bangalore,1995-11-19,Finance
323,FirstName323,LastName323,30323,Hyderabad,1995-11-20,Sales
324,FirstName324,LastName324,30324,Chennai,1995-11-21,Marketing
325,FirstName325,LastName325,30325,Delhi,1995-11-22,Support
326,FirstName326,LastName326,30326,Noida,1995-11-23,Admin
327,FirstName327,LastName327,30327,Gurgaon,1995-11-24,Operations
328,FirstName328,LastName328,30328,Mumbai,1995-11-25,IT
329,FirstName329,LastName329,30329,Pune,1995-11-26,HR
330,FirstName330,LastName330,30330,Bangalore,1995-11-27,Finance
331,FirstName331,LastName331,30331,Hyderabad,1995-11-28,Sales
332,FirstName332,LastName332,30332,Chennai,1995-11-29,Marketing
333,FirstName333,LastName333,30333,Delhi,1995-11-30,Support
334,FirstName334,LastName334,30334,Noida,1995-12-01,Admin
335,FirstName335,LastName335,30335,Gurgaon,1995-12-02,Operations
336,FirstName336,LastName336,30336,Mumbai,1995-12-03,IT
337,FirstName337,LastName337,30337,Pune,1995-12-04,HR
338,FirstName338,LastName338,30338,Bangalore,1995-12-05,Finance
339,FirstName339,LastName339,30339,Hyderabad,1995-12-06,Sales
340,FirstName340,LastName340,30340,Chennai,1995-12-07,Marketing
341,FirstName341,LastName341,30341,Delhi,1995-12-08,Support
342,FirstName342,LastName342,30342,Noida,1995-12-09,Admin
343,FirstName343,LastName343,30343,Gurgaon,1995-12-10,Operations
344,FirstName344,LastName344,30344,Mumbai,1995-12-11,IT
345,FirstName345,LastName345,30345,Pune,1995-12-12,HR
346,FirstName346,LastName346,30346,Bangalore,1995-12-13,Finance
347,FirstName347,LastName347,30347,Hyderabad,1995-12-14,Sales
348,FirstName348,LastName348,30348,Chennai,1995-12-15,Marketing
349,FirstName349,LastName349,30349,Delhi,1995-12-16,Support
350,FirstName350,LastName350,30350,Noida,1995-12-17,Admin
351,FirstName351,LastName351,30351,Gurgaon,1995-12-18,Operations
352,FirstName352,LastName352,30352,Mumbai,1995-12-19,IT
353,FirstName353,LastName353,30353,Pune,1995-12-20,HR
354,FirstName354,LastName354,30354,Bangalore,1995-12-21,Finance
355,FirstName355,LastName355,30355,Hyderabad,1995-12-22,Sales
356,FirstName356,LastName356,30356,Chennai,1995-12-23,Marketing
357,FirstName357,LastName357,30357,Delhi,1995-12-24,Support
358,FirstName358,LastName358,30358,Noida,1995-12-25,Admin
359,FirstName359,LastName359,30359,Gurgaon,1995-12-26,Operations
360,FirstName360,LastName360,30360,Mumbai,1995-12-27,IT
361,FirstName361,LastName361,30361,Pune,1995-12-28,HR
362,FirstName362,LastName362,30362,Bangalore,1995-12-29,Finance
363,FirstName363,LastName363,30363,Hyderabad,1995-12-30,Sales
364,FirstName364,LastName364,30364,Chennai,1995-12-31,Marketing
365,FirstName365,LastName365,30365,Delhi,1996-01-01,Support
366,FirstName366,LastName366,30366,Noida,1996-01-02,Admin
367,FirstName367,LastName367,30367,Gurgaon,1996-01-03,Operations
368,FirstName368,LastName368,30368,Mumbai,1996-01-04,IT
369,FirstName369,LastName369,30369,Pune,1996-01-05,HR
370,FirstName370,LastName370,30370,Bangalore,1996-01-06,Finance
371,FirstName371,LastName371,30371,Hyderabad,1996-01-07,Sales
372,FirstName372,LastName372,30372,Chennai,1996-01-08,Marketing
373,FirstName373,LastName373,30373,Delhi,1996-01-09,Support
374,FirstName374,LastName374,30374,Noida,1996-01-10,Admin
375,FirstName375,LastName375,30375,Gurgaon,1996-01-11,Operations
376,FirstName376,LastName376,30376,Mumbai,1996-01-12,IT
377,FirstName377,LastName377,30377,Pune,1996-01-13,HR
378,FirstName378,LastName378,30378,Bangalore,1996-01-14,Finance
379,FirstName379,LastName379,30379,Hyderabad,1996-01-15,Sales
380,FirstName380,LastName380,30380,Chennai,1996-01-16,Marketing
381,FirstName381,LastName381,30381,Delhi,1996-01-17,Support
382,FirstName382,LastName382,30382,Noida,1996-01-18,Admin
383,FirstName383,LastName383,30383,Gurgaon,1996-01-19,Operations
384,FirstName384,LastName384,30384,Mumbai,1996-01-20,IT
385,FirstName385,LastName385,30385,Pune,1996-01-21,HR
386,FirstName386,LastName386,30386,Bangalore,1996-01-22,Finance
387,FirstName387,LastName387,30387,Hyderabad,1996-01-23,Sales
388,FirstName388,LastName388,30388,Chennai,1996-01-24,Marketing
389,FirstName389,LastName389,30389,Delhi,1996-01-25,Support
390,FirstName390,LastName390,30390,Noida,1996-01-26,Admin
391,FirstName391,LastName391,30391,Gurgaon,1996-01-27,Operations
392,FirstName392,LastName392,30392,Mumbai,1996-01-28,IT
393,FirstName393,LastName393,30393,Pune,1996-01-29,HR
394,FirstName394,LastName394,30394,Bangalore,1996-01-30,Finance
395,FirstName395,LastName395,30395,Hyderabad,1996-01-31,Sales
396,FirstName396,LastName396,30396,Chennai,1996-02-01,Marketing
397,FirstName397,LastName397,30397,Delhi,1996-02-02,Support
398,FirstName398,LastName398,30398,Noida,1996-02-03,Admin
399,FirstName399,LastName399,30399,Gurgaon,1996-02-04,Operations
400,FirstName400,LastName400,30400,Mumbai,1996-02-05,IT
401,FirstName401,LastName401,30401,Pune,1996-02-06,HR
402,FirstName402,LastName402,30402,Bangalore,1996-02-07,Finance
403,FirstName403,LastName403,30403,Hyderabad,1996-02-08,Sales
404,FirstName404,LastName404,30404,Chennai,1996-02-09,Marketing
405,FirstName405,LastName405,30405,Delhi,1996-02-10,Support
406,FirstName406,LastName406,30406,Noida,1996-02-11,Admin
407,FirstName407,LastName407,30407,Gurgaon,1996-02-12,Operations
408,FirstName408,LastName408,30408,Mumbai,1996-02-13,IT
409,FirstName409,LastName409,30409,Pune,1996-02-14,HR
410,FirstName410,LastName410,30410,Bangalore,1996-02-15,Finance
411,FirstName411,LastName411,30411,Hyderabad,1996-02-16,Sales
412,FirstName412,LastName412,30412,Chennai,1996-02-17,Marketing
413,FirstName413,LastName413,30413,Delhi,1996-02-18,Support
414,FirstName414,LastName414,30414,Noida,1996-02-19,Admin
415,FirstName415,LastName415,30415,Gurgaon,1996-02-20,Operations
416,FirstName416,LastName416,30416,Mumbai,1996-02-21,IT
417,FirstName417,LastName417,30417,Pune,1996-02-22,HR
418,FirstName418,LastName418,30418,Bangalore,1996-02-23,Finance
419,FirstName419,LastName419,30419,Hyderabad,1996-02-24,Sales
420,FirstName420,LastName420,30420,Chennai,1996-02-25,Marketing
421,FirstName421,LastName421,30421,Delhi,1996-02-26,Support
422,FirstName422,LastName422,30422,Noida,1996-02-27,Admin
423,FirstName423,LastName423,30423,Gurgaon,1996-02-28,Operations
424,FirstName424,LastName424,30424,Mumbai,1996-02-29,IT
425,FirstName425,LastName425,30425,Pune,1996-03-01,HR
426,FirstName426,LastName426,30426,Bangalore,1996-03-02,Finance
427,FirstName427,LastName427,30427,Hyderabad,1996-03-03,Sales
428,FirstName428,LastName428,30428,Chennai,1996-03-04,Marketing
429,FirstName429,LastName429,30429,Delhi,1996-03-05,Support
430,FirstName430,LastName430,30430,Noida,1996-03-06,Admin
431,FirstName431,LastName431,30431,Gurgaon,1996-03-07,Operations
432,FirstName432,LastName432,30432,Mumbai,1996-03-08,IT
433,FirstName433,LastName433,30433,Pune,1996-03-09,HR
434,FirstName434,LastName434,30434,Bangalore,1996-03-10,Finance
435,FirstName435,LastName435,30435,Hyderabad,1996-03-11,Sales
436,FirstName436,LastName436,30436,Chennai,1996-03-12,Marketing
437,FirstName437,LastName437,30437,Delhi,1996-03-13,Support
438,FirstName438,LastName438,30438,Noida,1996-03-14,Admin
439,FirstName439,LastName439,30439,Gurgaon,1996-03-15,Operations
440,FirstName440,LastName440,30440,Mumbai,1996-03-16,IT
441,FirstName441,LastName441,30441,Pune,1996-03-17,HR
442,FirstName442,LastName442,30442,Bangalore,1996-03-18,Finance
443,FirstName443,LastName443,30443,Hyderabad,1996-03-19,Sales
444,FirstName444,LastName444,30444,Chennai,1996-03-20,Marketing
445,FirstName445,LastName445,30445,Delhi,1996-03-21,Support
446,FirstName446,LastName446,30446,Noida,1996-03-22,Admin
447,FirstName447,LastName447,30447,Gurgaon,1996-03-23,Operations
448,FirstName448,LastName448,30448,Mumbai,1996-03-24,IT
449,FirstName449,LastName449,30449,Pune,1996-03-25,HR
450,FirstName450,LastName450,30450,Bangalore,1996-03-26,Finance
451,FirstName451,LastName451,30451,Hyderabad,1996-03-27,Sales
452,FirstName452,LastName452,30452,Chennai,1996-03-28,Marketing
453,FirstName453,LastName453,30453,Delhi,1996-03-29,Support
454,FirstName454,LastName454,30454,Noida,1996-03-30,Admin
455,FirstName455,LastName455,30455,Gurgaon,1996-03-31,Operations
456,FirstName456,LastName456,30456,Mumbai,1996-04-01,IT
457,FirstName457,LastName457,30457,Pune,1996-04-02,HR
458,FirstName458,LastName458,30458,Bangalore,1996-04-03,Finance
459,FirstName459,LastName459,30459,Hyderabad,1996-04-04,Sales
460,FirstName460,LastName460,30460,Chennai,1996-04-05,Marketing
461,FirstName461,LastName461,30461,Delhi,1996-04-06,Support
462,FirstName462,LastName462,30462,Noida,1996-04-07,Admin
463,FirstName463,LastName463,30463,Gurgaon,1996-04-08,Operations
464,FirstName464,LastName464,30464,Mumbai,1996-04-09,IT
465,FirstName465,LastName465,30465,Pune,1996-04-10,HR
466,FirstName466,LastName466,30466,Bangalore,1996-04-11,Finance
467,FirstName467,LastName467,30467,Hyderabad,1996-04-12,Sales
468,FirstName468,LastName468,30468,Chennai,1996-04-13,Marketing
469,FirstName469,LastName469,30469,Delhi,1996-04-14,Support
470,FirstName470,LastName470,30470,Noida,1996-04-15,Admin
471,FirstName471,LastName471,30471,Gurgaon,1996-04-16,Operations
472,FirstName472,LastName472,30472,Mumbai,1996-04-17,IT
473,FirstName473,LastName473,30473,Pune,1996-04-18,HR
474,FirstName474,LastName474,30474,Bangalore,1996-04-19,Finance
475,FirstName475,LastName475,30475,Hyderabad,1996-04-20,Sales
476,FirstName476,LastName476,30476,Chennai,1996-04-21,Marketing
477,FirstName477,LastName477,30477,Delhi,1996-04-22,Support
478,FirstName478,LastName478,30478,Noida,1996-04-23,Admin
479,FirstName479,LastName479,30479,Gurgaon,1996-04-24,Operations
480,FirstName480,LastName480,30480,Mumbai,1996-04-25,IT
481,FirstName481,LastName481,30481,Pune,1996-04-26,HR
482,FirstName482,LastName482,30482,Bangalore,1996-04-27,Finance
483,FirstName483,LastName483,30483,Hyderabad,1996-04-28,Sales
484,FirstName484,LastName484,30484,Chennai,1996-04-29,Marketing
485,FirstName485,LastName485,30485,Delhi,1996-04-30,Support
486,FirstName486,LastName486,30486,Noida,1996-05-01,Admin
487,FirstName487,LastName487,30487,Gurgaon,1996-05-02,Operations
488,FirstName488,LastName488,30488,Mumbai,1996-05-03,IT
489,FirstName489,LastName489,30489,Pune,1996-05-04,HR
490,FirstName490,LastName490,30490,Bangalore,1996-05-05,Finance
491,FirstName491,LastName491,30491,Hyderabad,1996-05-06,Sales
492,FirstName492,LastName492,30492,Chennai,1996-05-07,Marketing
493,FirstName493,LastName493,30493,Delhi,1996-05-08,Support
494,FirstName494,LastName494,30494,Noida,1996-05-09,Admin
495,FirstName495,LastName495,30495,Gurgaon,1996-05-10,Operations
496,FirstName496,LastName496,30496,Mumbai,1996-05-11,IT
497,FirstName497,LastName497,30497,Pune,1996-05-12,HR
498,FirstName498,LastName498,30498,Bangalore,1996-05-13,Finance
499,FirstName499,LastName499,30499,Hyderabad,1996-05-14,Sales
500,FirstName500,LastName500,30500,Chennai,1996-05-15,Marketing
501,FirstName501,LastName501,30501,Delhi,1996-05-16,Support
502,FirstName502,LastName502,30502,Noida,1996-05-17,Admin
503,FirstName503,LastName503,30503,Gurgaon,1996-05-18,Operations
504,FirstName504,LastName504,30504,Mumbai,1996-05-19,IT
505,FirstName505,LastName505,30505,Pune,1996-05-20,HR
506,FirstName506,LastName506,30506,Bangalore,1996-05-21,Finance
507,FirstName507,LastName507,30507,Hyderabad,1996-05-22,Sales
508,FirstName508,LastName508,30508,Chennai,1996-05-23,Marketing
509,FirstName509,LastName509,30509,Delhi,1996-05-24,Support
510,FirstName510,LastName510,30510,Noida,1996-05-25,Admin
511,FirstName511,LastName511,30511,Gurgaon,1996-05-26,Operations
512,FirstName512,LastName512,30512,Mumbai,1996-05-27,IT
513,FirstName513,LastName513,30513,Pune,1996-05-28,HR
514,FirstName514,LastName514,30514,Bangalore,1996-05-29,Finance
515,FirstName515,LastName515,30515,Hyderabad,1996-05-30,Sales
516,FirstName516,LastName516,30516,Chennai,1996-05-31,Marketing
517,FirstName517,LastName517,30517,Delhi,1996-06-01,Support
518,FirstName518,LastName518,30518,Noida,1996-06-02,Admin
519,FirstName519,LastName519,30519,Gurgaon,1996-06-03,Operations
520,FirstName520,LastName520,30520,Mumbai,1996-06-04,IT
521,FirstName521,LastName521,30521,Pune,1996-06-05,HR
522,FirstName522,LastName522,30522,Bangalore,1996-06-06,Finance
523,FirstName523,LastName523,30523,Hyderabad,1996-06-07,Sales
524,FirstName524,LastName524,30524,Chennai,1996-06-08,Marketing
525,FirstName525,LastName525,30525,Delhi,1996-06-09,Support
526,FirstName526,LastName526,30526,Noida,1996-06-10,Admin
527,FirstName527,LastName527,30527,Gurgaon,1996-06-11,Operations
528,FirstName528,LastName528,30528,Mumbai,1996-06-12,IT
529,FirstName529,LastName529,30529,Pune,1996-06-13,HR
530,FirstName530,LastName530,30530,Bangalore,1996-06-14,Finance
531,FirstName531,LastName531,30531,Hyderabad,1996-06-15,Sales
532,FirstName532,LastName532,30532,Chennai,1996-06-16,Marketing
533,FirstName533,LastName533,30533,Delhi,1996-06-17,Support
534,FirstName534,LastName534,30534,Noida,1996-06-18,Admin
535,FirstName535,LastName535,30535,Gurgaon,1996-06-19,Operations
536,FirstName536,LastName536,30536,Mumbai,1996-06-20,IT
537,FirstName537,LastName537,30537,Pune,1996-06-21,HR
538,FirstName538,LastName538,30538,Bangalore,1996-06-22,Finance
539,FirstName539,LastName539,30539,Hyderabad,1996-06-23,Sales
540,FirstName540,LastName540,30540,Chennai,1996-06-24,Marketing
541,FirstName541,LastName541,30541,Delhi,1996-06-25,Support
542,FirstName542,LastName542,30542,Noida,1996-06-26,Admin
543,FirstName543,LastName543,30543,Gurgaon,1996-06-27,Operations
544,FirstName544,LastName544,30544,Mumbai,1996-06-28,IT
545,FirstName545,LastName545,30545,Pune,1996-06-29,HR
546,FirstName546,LastName546,30546,Bangalore,1996-06-30,Finance
547,FirstName547,LastName547,30547,Hyderabad,1996-07-01,Sales
548,FirstName548,LastName548,30548,Chennai,1996-07-02,Marketing
549,FirstName549,LastName549,30549,Delhi,1996-07-03,Support
550,FirstName550,LastName550,30550,Noida,1996-07-04,Admin
551,FirstName551,LastName551,30551,Gurgaon,1996-07-05,Operations
552,FirstName552,LastName552,30552,Mumbai,1996-07-06,IT
553,FirstName553,LastName553,30553,Pune,1996-07-07,HR
554,FirstName554,LastName554,30554,Bangalore,1996-07-08,Finance
555,FirstName555,LastName555,30555,Hyderabad,1996-07-09,Sales
556,FirstName556,LastName556,30556,Chennai,1996-07-10,Marketing
557,FirstName557,LastName557,30557,Delhi,1996-07-11,Support
558,FirstName558,LastName558,30558,Noida,1996-07-12,Admin
559,FirstName559,LastName559,30559,Gurgaon,1996-07-13,Operations
560,FirstName560,LastName560,30560,Mumbai,1996-07-14,IT
561,FirstName561,LastName561,30561,Pune,1996-07-15,HR
562,FirstName562,LastName562,30562,Bangalore,1996-07-16,Finance
563,FirstName563,LastName563,30563,Hyderabad,1996-07-17,Sales
564,FirstName564,LastName564,30564,Chennai,1996-07-18,Marketing
565,FirstName565,LastName565,30565,Delhi,1996-07-19,Support
566,FirstName566,LastName566,30566,Noida,1996-07-20,Admin
567,FirstName567,LastName567,30567,Gurgaon,1996-07-21,Operations
568,FirstName568,LastName568,30568,Mumbai,1996-07-22,IT
569,FirstName569,LastName569,30569,Pune,1996-07-23,HR
570,FirstName570,LastName570,30570,Bangalore,1996-07-24,Finance
571,FirstName571,LastName571,30571,Hyderabad,1996-07-25,Sales
572,FirstName572,LastName572,30572,Chennai,1996-07-26,Marketing
573,FirstName573,LastName573,30573,Delhi,1996-07-27,Support
574,FirstName574,LastName574,30574,Noida,1996-07-28,Admin
575,FirstName575,LastName575,30575,Gurgaon,1996-07-29,Operations
576,FirstName576,LastName576,30576,Mumbai,1996-07-30,IT
577,FirstName577,LastName577,30577,Pune,1996-07-31,HR
578,FirstName578,LastName578,30578,Bangalore,1996-08-01,Finance
579,FirstName579,LastName579,30579,Hyderabad,1996-08-02,Sales
580,FirstName580,LastName580,30580,Chennai,1996-08-03,Marketing
581,FirstName581,LastName581,30581,Delhi,1996-08-04,Support
582,FirstName582,LastName582,30582,Noida,1996-08-05,Admin
583,FirstName583,LastName583,30583,Gurgaon,1996-08-06,Operations
584,FirstName584,LastName584,30584,Mumbai,1996-08-07,IT
585,FirstName585,LastName585,30585,Pune,1996-08-08,HR
586,FirstName586,LastName586,30586,Bangalore,1996-08-09,Finance
587,FirstName587,LastName587,30587,Hyderabad,1996-08-10,Sales
588,FirstName588,LastName588,30588,Chennai,1996-08-11,Marketing
589,FirstName589,LastName589,30589,Delhi,1996-08-12,Support
590,FirstName590,LastName590,30590,Noida,1996-08-13,Admin
591,FirstName591,LastName591,30591,Gurgaon,1996-08-14,Operations
592,FirstName592,LastName592,30592,Mumbai,1996-08-15,IT
593,FirstName593,LastName593,30593,Pune,1996-08-16,HR
594,FirstName594,LastName594,30594,Bangalore,1996-08-17,Finance
595,FirstName595,LastName595,30595,Hyderabad,1996-08-18,Sales
596,FirstName596,LastName596,30596,Chennai,1996-08-19,Marketing
597,FirstName597,LastName597,30597,Delhi,1996-08-20,Support
598,FirstName598,LastName598,30598,Noida,1996-08-21,Admin
599,FirstName599,LastName599,30599,Gurgaon,1996-08-22,Operations
600,FirstName600,LastName600,30600,Mumbai,1996-08-23,IT
601,FirstName601,LastName601,30601,Pune,1996-08-24,HR
602,FirstName602,LastName602,30602,Bangalore,1996-08-25,Finance
603,FirstName603,LastName603,30603,Hyderabad,1996-08-26,Sales
604,FirstName604,LastName604,30604,Chennai,1996-08-27,Marketing
605,FirstName605,LastName605,30605,Delhi,1996-08-28,Support
606,FirstName606,LastName606,30606,Noida,1996-08-29,Admin
607,FirstName607,LastName607,30607,Gurgaon,1996-08-30,Operations
608,FirstName608,LastName608,30608,Mumbai,1996-08-31,IT
609,FirstName609,LastName609,30609,Pune,1996-09-01,HR
610,FirstName610,LastName610,30610,Bangalore,1996-09-02,Finance
611,FirstName611,LastName611,30611,Hyderabad,1996-09-03,Sales
612,FirstName612,LastName612,30612,Chennai,1996-09-04,Marketing
613,FirstName613,LastName613,30613,Delhi,1996-09-05,Support
614,FirstName614,LastName614,30614,Noida,1996-09-06,Admin
615,FirstName615,LastName615,30615,Gurgaon,1996-09-07,Operations
616,FirstName616,LastName616,30616,Mumbai,1996-09-08,IT
617,FirstName617,LastName617,30617,Pune,1996-09-09,HR
618,FirstName618,LastName618,30618,Bangalore,1996-09-10,Finance
619,FirstName619,LastName619,30619,Hyderabad,1996-09-11,Sales
620,FirstName620,LastName620,30620,Chennai,1996-09-12,Marketing
621,FirstName621,LastName621,30621,Delhi,1996-09-13,Support
622,FirstName622,LastName622,30622,Noida,1996-09-14,Admin
623,FirstName623,LastName623,30623,Gurgaon,1996-09-15,Operations
624,FirstName624,LastName624,30624,Mumbai,1996-09-16,IT
625,FirstName625,LastName625,30625,Pune,1996-09-17,HR
626,FirstName626,LastName626,30626,Bangalore,1996-09-18,Finance
627,FirstName627,LastName627,30627,Hyderabad,1996-09-19,Sales
628,FirstName628,LastName628,30628,Chennai,1996-09-20,Marketing
629,FirstName629,LastName629,30629,Delhi,1996-09-21,Support
630,FirstName630,LastName630,30630,Noida,1996-09-22,Admin
631,FirstName631,LastName631,30631,Gurgaon,1996-09-23,Operations
632,FirstName632,LastName632,30632,Mumbai,1996-09-24,IT
633,FirstName633,LastName633,30633,Pune,1996-09-25,HR
634,FirstName634,LastName634,30634,Bangalore,1996-09-26,Finance
635,FirstName635,LastName635,30635,Hyderabad,1996-09-27,Sales
636,FirstName636,LastName636,30636,Chennai,1996-09-28,Marketing
637,FirstName637,LastName637,30637,Delhi,1996-09-29,Support
638,FirstName638,LastName638,30638,Noida,1996-09-30,Admin
639,FirstName639,LastName639,30639,Gurgaon,1996-10-01,Operations
640,FirstName640,LastName640,30640,Mumbai,1996-10-02,IT
641,FirstName641,LastName641,30641,Pune,1996-10-03,HR
642,FirstName642,LastName642,30642,Bangalore,1996-10-04,Finance
643,FirstName643,LastName643,30643,Hyderabad,1996-10-05,Sales
644,FirstName644,LastName644,30644,Chennai,1996-10-06,Marketing
645,FirstName645,LastName645,30645,Delhi,1996-10-07,Support
646,FirstName646,LastName646,30646,Noida,1996-10-08,Admin
647,FirstName647,LastName647,30647,Gurgaon,1996-10-09,Operations
648,FirstName648,LastName648,30648,Mumbai,1996-10-10,IT
649,FirstName649,LastName649,30649,Pune,1996-10-11,HR
650,FirstName650,LastName650,30650,Bangalore,1996-10-12,Finance
651,FirstName651,LastName651,30651,Hyderabad,1996-10-13,Sales
652,FirstName652,LastName652,30652,Chennai,1996-10-14,Marketing
653,FirstName653,LastName653,30653,Delhi,1996-10-15,Support
654,FirstName654,LastName654,30654,Noida,1996-10-16,Admin
655,FirstName655,LastName655,30655,Gurgaon,1996-10-17,Operations
656,FirstName656,LastName656,30656,Mumbai,1996-10-18,IT
657,FirstName657,LastName657,30657,Pune,1996-10-19,HR
658,FirstName658,LastName658,30658,Bangalore,1996-10-20,Finance
659,FirstName659,LastName659,30659,Hyderabad,1996-10-21,Sales
660,FirstName660,LastName660,30660,Chennai,1996-10-22,Marketing
661,FirstName661,LastName661,30661,Delhi,1996-10-23,Support
662,FirstName662,LastName662,30662,Noida,1996-10-24,Admin
663,FirstName663,LastName663,30663,Gurgaon,1996-10-25,Operations
664,FirstName664,LastName664,30664,Mumbai,1996-10-26,IT
665,FirstName665,LastName665,30665,Pune,1996-10-27,HR
666,FirstName666,LastName666,30666,Bangalore,1996-10-28,Finance
667,FirstName667,LastName667,30667,Hyderabad,1996-10-29,Sales
668,FirstName668,LastName668,30668,Chennai,1996-10-30,Marketing
669,FirstName669,LastName669,30669,Delhi,1996-10-31,Support
670,FirstName670,LastName670,30670,Noida,1996-11-01,Admin
671,FirstName671,LastName671,30671,Gurgaon,1996-11-02,Operations
672,FirstName672,LastName672,30672,Mumbai,1996-11-03,IT
673,FirstName673,LastName673,30673,Pune,1996-11-04,HR
674,FirstName674,LastName674,30674,Bangalore,1996-11-05,Finance
675,FirstName675,LastName675,30675,Hyderabad,1996-11-06,Sales
676,FirstName676,LastName676,30676,Chennai,1996-11-07,Marketing
677,FirstName677,LastName677,30677,Delhi,1996-11-08,Support
678,FirstName678,LastName678,30678,Noida,1996-11-09,Admin
679,FirstName679,LastName679,30679,Gurgaon,1996-11-10,Operations
680,FirstName680,LastName680,30680,Mumbai,1996-11-11,IT
681,FirstName681,LastName681,30681,Pune,1996-11-12,HR
682,FirstName682,LastName682,30682,Bangalore,1996-11-13,Finance
683,FirstName683,LastName683,30683,Hyderabad,1996-11-14,Sales
684,FirstName684,LastName684,30684,Chennai,1996-11-15,Marketing
685,FirstName685,LastName685,30685,Delhi,1996-11-16,Support
686,FirstName686,LastName686,30686,Noida,1996-11-17,Admin
687,FirstName687,LastName687,30687,Gurgaon,1996-11-18,Operations
688,FirstName688,LastName688,30688,Mumbai,1996-11-19,IT
689,FirstName689,LastName689,30689,Pune,1996-11-20,HR
690,FirstName690,LastName690,30690,Bangalore,1996-11-21,Finance
691,FirstName691,LastName691,30691,Hyderabad,1996-11-22,Sales
692,FirstName692,LastName692,30692,Chennai,1996-11-23,Marketing
693,FirstName693,LastName693,30693,Delhi,1996-11-24,Support
694,FirstName694,LastName694,30694,Noida,1996-11-25,Admin
695,FirstName695,LastName695,30695,Gurgaon,1996-11-26,Operations
696,FirstName696,LastName696,30696,Mumbai,1996-11-27,IT
697,FirstName697,LastName697,30697,Pune,1996-11-28,HR
698,FirstName698,LastName698,30698,Bangalore,1996-11-29,Finance
699,FirstName699,LastName699,30699,Hyderabad,1996-11-30,Sales
700,FirstName700,LastName700,30700,Chennai,1996-12-01,Marketing
701,FirstName701,LastName701,30701,Delhi,1996-12-02,Support
702,FirstName702,LastName702,30702,Noida,1996-12-03,Admin
703,FirstName703,LastName703,30703,Gurgaon,1996-12-04,Operations
704,FirstName704,LastName704,30704,Mumbai,1996-12-05,IT
705,FirstName705,LastName705,30705,Pune,1996-12-06,HR
706,FirstName706,LastName706,30706,Bangalore,1996-12-07,Finance
707,FirstName707,LastName707,30707,Hyderabad,1996-12-08,Sales
708,FirstName708,LastName708,30708,Chennai,1996-12-09,Marketing
709,FirstName709,LastName709,30709,Delhi,1996-12-10,Support
710,FirstName710,LastName710,30710,Noida,1996-12-11,Admin
711,FirstName711,LastName711,30711,Gurgaon,1996-12-12,Operations
712,FirstName712,LastName712,30712,Mumbai,1996-12-13,IT
713,FirstName713,LastName713,30713,Pune,1996-12-14,HR
714,FirstName714,LastName714,30714,Bangalore,1996-12-15,Finance
715,FirstName715,LastName715,30715,Hyderabad,1996-12-16,Sales
716,FirstName716,LastName716,30716,Chennai,1996-12-17,Marketing
717,FirstName717,LastName717,30717,Delhi,1996-12-18,Support
718,FirstName718,LastName718,30718,Noida,1996-12-19,Admin
719,FirstName719,LastName719,30719,Gurgaon,1996-12-20,Operations
720,FirstName720,LastName720,30720,Mumbai,1996-12-21,IT
721,FirstName721,LastName721,30721,Pune,1996-12-22,HR
722,FirstName722,LastName722,30722,Bangalore,1996-12-23,Finance
723,FirstName723,LastName723,30723,Hyderabad,1996-12-24,Sales
724,FirstName724,LastName724,30724,Chennai,1996-12-25,Marketing
725,FirstName725,LastName725,30725,Delhi,1996-12-26,Support
726,FirstName726,LastName726,30726,Noida,1996-12-27,Admin
727,FirstName727,LastName727,30727,Gurgaon,1996-12-28,Operations
728,FirstName728,LastName728,30728,Mumbai,1996-12-29,IT
729,FirstName729,LastName729,30729,Pune,1996-12-30,HR
730,FirstName730,LastName730,30730,Bangalore,1996-12-31,Finance
731,FirstName731,LastName731,30731,Hyderabad,1997-01-01,Sales
732,FirstName732,LastName732,30732,Chennai,1997-01-02,Marketing
733,FirstName733,LastName733,30733,Delhi,1997-01-03,Support
734,FirstName734,LastName734,30734,Noida,1997-01-04,Admin
735,FirstName735,LastName735,30735,Gurgaon,1997-01-05,Operations
736,FirstName736,LastName736,30736,Mumbai,1997-01-06,IT
737,FirstName737,LastName737,30737,Pune,1997-01-07,HR
738,FirstName738,LastName738,30738,Bangalore,1997-01-08,Finance
739,FirstName739,LastName739,30739,Hyderabad,1997-01-09,Sales
740,FirstName740,LastName740,30740,Chennai,1997-01-10,Marketing
741,FirstName741,LastName741,30741,Delhi,1997-01-11,Support
742,FirstName742,LastName742,30742,Noida,1997-01-12,Admin
743,FirstName743,LastName743,30743,Gurgaon,1997-01-13,Operations
744,FirstName744,LastName744,30744,Mumbai,1997-01-14,IT
745,FirstName745,LastName745,30745,Pune,1997-01-15,HR
746,FirstName746,LastName746,30746,Bangalore,1997-01-16,Finance
747,FirstName747,LastName747,30747,Hyderabad,1997-01-17,Sales
748,FirstName748,LastName748,30748,Chennai,1997-01-18,Marketing
749,FirstName749,LastName749,30749,Delhi,1997-01-19,Support
750,FirstName750,LastName750,30750,Noida,1997-01-20,Admin
751,FirstName751,LastName751,30751,Gurgaon,1997-01-21,Operations
752,FirstName752,LastName752,30752,Mumbai,1997-01-22,IT
753,FirstName753,LastName753,30753,Pune,1997-01-23,HR
754,FirstName754,LastName754,30754,Bangalore,1997-01-24,Finance
755,FirstName755,LastName755,30755,Hyderabad,1997-01-25,Sales
756,FirstName756,LastName756,30756,Chennai,1997-01-26,Marketing
757,FirstName757,LastName757,30757,Delhi,1997-01-27,Support
758,FirstName758,LastName758,30758,Noida,1997-01-28,Admin
759,FirstName759,LastName759,30759,Gurgaon,1997-01-29,Operations
760,FirstName760,LastName760,30760,Mumbai,1997-01-30,IT
761,FirstName761,LastName761,30761,Pune,1997-01-31,HR
762,FirstName762,LastName762,30762,Bangalore,1997-02-01,Finance
763,FirstName763,LastName763,30763,Hyderabad,1997-02-02,Sales
764,FirstName764,LastName764,30764,Chennai,1997-02-03,Marketing
765,FirstName765,LastName765,30765,Delhi,1997-02-04,Support
766,FirstName766,LastName766,30766,Noida,1997-02-05,Admin
767,FirstName767,LastName767,30767,Gurgaon,1997-02-06,Operations
768,FirstName768,LastName768,30768,Mumbai,1997-02-07,IT
769,FirstName769,LastName769,30769,Pune,1997-02-08,HR
770,FirstName770,LastName770,30770,Bangalore,1997-02-09,Finance
771,FirstName771,LastName771,30771,Hyderabad,1997-02-10,Sales
772,FirstName772,LastName772,30772,Chennai,1997-02-11,Marketing
773,FirstName773,LastName773,30773,Delhi,1997-02-12,Support
774,FirstName774,LastName774,30774,Noida,1997-02-13,Admin
775,FirstName775,LastName775,30775,Gurgaon,1997-02-14,Operations
776,FirstName776,LastName776,30776,Mumbai,1997-02-15,IT
777,FirstName777,LastName777,30777,Pune,1997-02-16,HR
778,FirstName778,LastName778,30778,Bangalore,1997-02-17,Finance
779,FirstName779,LastName779,30779,Hyderabad,1997-02-18,Sales
780,FirstName780,LastName780,30780,Chennai,1997-02-19,Marketing
781,FirstName781,LastName781,30781,Delhi,1997-02-20,Support
782,FirstName782,LastName782,30782,Noida,1997-02-21,Admin
783,FirstName783,LastName783,30783,Gurgaon,1997-02-22,Operations
784,FirstName784,LastName784,30784,Mumbai,1997-02-23,IT
785,FirstName785,LastName785,30785,Pune,1997-02-24,HR
786,FirstName786,LastName786,30786,Bangalore,1997-02-25,Finance
787,FirstName787,LastName787,30787,Hyderabad,1997-02-26,Sales
788,FirstName788,LastName788,30788,Chennai,1997-02-27,Marketing
789,FirstName789,LastName789,30789,Delhi,1997-02-28,Support
790,FirstName790,LastName790,30790,Noida,1997-03-01,Admin
791,FirstName791,LastName791,30791,Gurgaon,1997-03-02,Operations
792,FirstName792,LastName792,30792,Mumbai,1997-03-03,IT
793,FirstName793,LastName793,30793,Pune,1997-03-04,HR
794,FirstName794,LastName794,30794,Bangalore,1997-03-05,Finance
795,FirstName795,LastName795,30795,Hyderabad,1997-03-06,Sales
796,FirstName796,LastName796,30796,Chennai,1997-03-07,Marketing
797,FirstName797,LastName797,30797,Delhi,1997-03-08,Support
798,FirstName798,LastName798,30798,Noida,1997-03-09,Admin
799,FirstName799,LastName799,30799,Gurgaon,1997-03-10,Operations
800,FirstName800,LastName800,30800,Mumbai,1997-03-11,IT
801,FirstName801,LastName801,30801,Pune,1997-03-12,HR
802,FirstName802,LastName802,30802,Bangalore,1997-03-13,Finance
803,FirstName803,LastName803,30803,Hyderabad,1997-03-14,Sales
804,FirstName804,LastName804,30804,Chennai,1997-03-15,Marketing
805,FirstName805,LastName805,30805,Delhi,1997-03-16,Support
806,FirstName806,LastName806,30806,Noida,1997-03-17,Admin
807,FirstName807,LastName807,30807,Gurgaon,1997-03-18,Operations
808,FirstName808,LastName808,30808,Mumbai,1997-03-19,IT
809,FirstName809,LastName809,30809,Pune,1997-03-20,HR
810,FirstName810,LastName810,30810,Bangalore,1997-03-21,Finance
811,FirstName811,LastName811,30811,Hyderabad,1997-03-22,Sales
812,FirstName812,LastName812,30812,Chennai,1997-03-23,Marketing
813,FirstName813,LastName813,30813,Delhi,1997-03-24,Support
814,FirstName814,LastName814,30814,Noida,1997-03-25,Admin
815,FirstName815,LastName815,30815,Gurgaon,1997-03-26,Operations
816,FirstName816,LastName816,30816,Mumbai,1997-03-27,IT
817,FirstName817,LastName817,30817,Pune,1997-03-28,HR
818,FirstName818,LastName818,30818,Bangalore,1997-03-29,Finance
819,FirstName819,LastName819,30819,Hyderabad,1997-03-30,Sales
820,FirstName820,LastName820,30820,Chennai,1997-03-31,Marketing
821,FirstName821,LastName821,30821,Delhi,1997-04-01,Support
822,FirstName822,LastName822,30822,Noida,1997-04-02,Admin
823,FirstName823,LastName823,30823,Gurgaon,1997-04-03,Operations
824,FirstName824,LastName824,30824,Mumbai,1997-04-04,IT
825,FirstName825,LastName825,30825,Pune,1997-04-05,HR
826,FirstName826,LastName826,30826,Bangalore,1997-04-06,Finance
827,FirstName827,LastName827,30827,Hyderabad,1997-04-07,Sales
828,FirstName828,LastName828,30828,Chennai,1997-04-08,Marketing
829,FirstName829,LastName829,30829,Delhi,1997-04-09,Support
830,FirstName830,LastName830,30830,Noida,1997-04-10,Admin
831,FirstName831,LastName831,30831,Gurgaon,1997-04-11,Operations
832,FirstName832,LastName832,30832,Mumbai,1997-04-12,IT
833,FirstName833,LastName833,30833,Pune,1997-04-13,HR
834,FirstName834,LastName834,30834,Bangalore,1997-04-14,Finance
835,FirstName835,LastName835,30835,Hyderabad,1997-04-15,Sales
836,FirstName836,LastName836,30836,Chennai,1997-04-16,Marketing
837,FirstName837,LastName837,30837,Delhi,1997-04-17,Support
838,FirstName838,LastName838,30838,Noida,1997-04-18,Admin
839,FirstName839,LastName839,30839,Gurgaon,1997-04-19,Operations
840,FirstName840,LastName840,30840,Mumbai,1997-04-20,IT
841,FirstName841,LastName841,30841,Pune,1997-04-21,HR
842,FirstName842,LastName842,30842,Bangalore,1997-04-22,Finance
843,FirstName843,LastName843,30843,Hyderabad,1997-04-23,Sales
844,FirstName844,LastName844,30844,Chennai,1997-04-24,Marketing
845,FirstName845,LastName845,30845,Delhi,1997-04-25,Support
846,FirstName846,LastName846,30846,Noida,1997-04-26,Admin
847,FirstName847,LastName847,30847,Gurgaon,1997-04-27,Operations
848,FirstName848,LastName848,30848,Mumbai,1997-04-28,IT
849,FirstName849,LastName849,30849,Pune,1997-04-29,HR
850,FirstName850,LastName850,30850,Bangalore,1997-04-30,Finance
851,FirstName851,LastName851,30851,Hyderabad,1997-05-01,Sales
852,FirstName852,LastName852,30852,Chennai,1997-05-02,Marketing
853,FirstName853,LastName853,30853,Delhi,1997-05-03,Support
854,FirstName854,LastName854,30854,Noida,1997-05-04,Admin
855,FirstName855,LastName855,30855,Gurgaon,1997-05-05,Operations
856,FirstName856,LastName856,30856,Mumbai,1997-05-06,IT
857,FirstName857,LastName857,30857,Pune,1997-05-07,HR
858,FirstName858,LastName858,30858,Bangalore,1997-05-08,Finance
859,FirstName859,LastName859,30859,Hyderabad,1997-05-09,Sales
860,FirstName860,LastName860,30860,Chennai,1997-05-10,Marketing
861,FirstName861,LastName861,30861,Delhi,1997-05-11,Support
862,FirstName862,LastName862,30862,Noida,1997-05-12,Admin
863,FirstName863,LastName863,30863,Gurgaon,1997-05-13,Operations
864,FirstName864,LastName864,30864,Mumbai,1997-05-14,IT
865,FirstName865,LastName865,30865,Pune,1997-05-15,HR
866,FirstName866,LastName866,30866,Bangalore,1997-05-16,Finance
867,FirstName867,LastName867,30867,Hyderabad,1997-05-17,Sales
868,FirstName868,LastName868,30868,Chennai,1997-05-18,Marketing
869,FirstName869,LastName869,30869,Delhi,1997-05-19,Support
870,FirstName870,LastName870,30870,Noida,1997-05-20,Admin
871,FirstName871,LastName871,30871,Gurgaon,1997-05-21,Operations
872,FirstName872,LastName872,30872,Mumbai,1997-05-22,IT
873,FirstName873,LastName873,30873,Pune,1997-05-23,HR
874,FirstName874,LastName874,30874,Bangalore,1997-05-24,Finance
875,FirstName875,LastName875,30875,Hyderabad,1997-05-25,Sales
876,FirstName876,LastName876,30876,Chennai,1997-05-26,Marketing
877,FirstName877,LastName877,30877,Delhi,1997-05-27,Support
878,FirstName878,LastName878,30878,Noida,1997-05-28,Admin
879,FirstName879,LastName879,30879,Gurgaon,1997-05-29,Operations
880,FirstName880,LastName880,30880,Mumbai,1997-05-30,IT
881,FirstName881,LastName881,30881,Pune,1997-05-31,HR
882,FirstName882,LastName882,30882,Bangalore,1997-06-01,Finance
883,FirstName883,LastName883,30883,Hyderabad,1997-06-02,Sales
884,FirstName884,LastName884,30884,Chennai,1997-06-03,Marketing
885,FirstName885,LastName885,30885,Delhi,1997-06-04,Support
886,FirstName886,LastName886,30886,Noida,1997-06-05,Admin
887,FirstName887,LastName887,30887,Gurgaon,1997-06-06,Operations
888,FirstName888,LastName888,30888,Mumbai,1997-06-07,IT
889,FirstName889,LastName889,30889,Pune,1997-06-08,HR
890,FirstName890,LastName890,30890,Bangalore,1997-06-09,Finance
891,FirstName891,LastName891,30891,Hyderabad,1997-06-10,Sales
892,FirstName892,LastName892,30892,Chennai,1997-06-11,Marketing
893,FirstName893,LastName893,30893,Delhi,1997-06-12,Support
894,FirstName894,LastName894,30894,Noida,1997-06-13,Admin
895,FirstName895,LastName895,30895,Gurgaon,1997-06-14,Operations
896,FirstName896,LastName896,30896,Mumbai,1997-06-15,IT
897,FirstName897,LastName897,30897,Pune,1997-06-16,HR
898,FirstName898,LastName898,30898,Bangalore,1997-06-17,Finance
899,FirstName899,LastName899,30899,Hyderabad,1997-06-18,Sales
900,FirstName900,LastName900,30900,Chennai,1997-06-19,Marketing
901,FirstName901,LastName901,30901,Delhi,1997-06-20,Support
902,FirstName902,LastName902,30902,Noida,1997-06-21,Admin
903,FirstName903,LastName903,30903,Gurgaon,1997-06-22,Operations
904,FirstName904,LastName904,30904,Mumbai,1997-06-23,IT
905,FirstName905,LastName905,30905,Pune,1997-06-24,HR
906,FirstName906,LastName906,30906,Bangalore,1997-06-25,Finance
907,FirstName907,LastName907,30907,Hyderabad,1997-06-26,Sales
908,FirstName908,LastName908,30908,Chennai,1997-06-27,Marketing
909,FirstName909,LastName909,30909,Delhi,1997-06-28,Support
910,FirstName910,LastName910,30910,Noida,1997-06-29,Admin
911,FirstName911,LastName911,30911,Gurgaon,1997-06-30,Operations
912,FirstName912,LastName912,30912,Mumbai,1997-07-01,IT
913,FirstName913,LastName913,30913,Pune,1997-07-02,HR
914,FirstName914,LastName914,30914,Bangalore,1997-07-03,Finance
915,FirstName915,LastName915,30915,Hyderabad,1997-07-04,Sales
916,FirstName916,LastName916,30916,Chennai,1997-07-05,Marketing
917,FirstName917,LastName917,30917,Delhi,1997-07-06,Support
918,FirstName918,LastName918,30918,Noida,1997-07-07,Admin
919,FirstName919,LastName919,30919,Gurgaon,1997-07-08,Operations
920,FirstName920,LastName920,30920,Mumbai,1997-07-09,IT
921,FirstName921,LastName921,30921,Pune,1997-07-10,HR
922,FirstName922,LastName922,30922,Bangalore,1997-07-11,Finance
923,FirstName923,LastName923,30923,Hyderabad,1997-07-12,Sales
924,FirstName924,LastName924,30924,Chennai,1997-07-13,Marketing
925,FirstName925,LastName925,30925,Delhi,1997-07-14,Support
926,FirstName926,LastName926,30926,Noida,1997-07-15,Admin
927,FirstName927,LastName927,30927,Gurgaon,1997-07-16,Operations
928,FirstName928,LastName928,30928,Mumbai,1997-07-17,IT
929,FirstName929,LastName929,30929,Pune,1997-07-18,HR
930,FirstName930,LastName930,30930,Bangalore,1997-07-19,Finance
931,FirstName931,LastName931,30931,Hyderabad,1997-07-20,Sales
932,FirstName932,LastName932,30932,Chennai,1997-07-21,Marketing
933,FirstName933,LastName933,30933,Delhi,1997-07-22,Support
934,FirstName934,LastName934,30934,Noida,1997-07-23,Admin
935,FirstName935,LastName935,30935,Gurgaon,1997-07-24,Operations
936,FirstName936,LastName936,30936,Mumbai,1997-07-25,IT
937,FirstName937,LastName937,30937,Pune,1997-07-26,HR
938,FirstName938,LastName938,30938,Bangalore,1997-07-27,Finance
939,FirstName939,LastName939,30939,Hyderabad,1997-07-28,Sales
940,FirstName940,LastName940,30940,Chennai,1997-07-29,Marketing
941,FirstName941,LastName941,30941,Delhi,1997-07-30,Support
942,FirstName942,LastName942,30942,Noida,1997-07-31,Admin
943,FirstName943,LastName943,30943,Gurgaon,1997-08-01,Operations
944,FirstName944,LastName944,30944,Mumbai,1997-08-02,IT
945,FirstName945,LastName945,30945,Pune,1997-08-03,HR
946,FirstName946,LastName946,30946,Bangalore,1997-08-04,Finance
947,FirstName947,LastName947,30947,Hyderabad,1997-08-05,Sales
948,FirstName948,LastName948,30948,Chennai,1997-08-06,Marketing
949,FirstName949,LastName949,30949,Delhi,1997-08-07,Support
950,FirstName950,LastName950,30950,Noida,1997-08-08,Admin
951,FirstName951,LastName951,30951,Gurgaon,1997-08-09,Operations
952,FirstName952,LastName952,30952,Mumbai,1997-08-10,IT
953,FirstName953,LastName953,30953,Pune,1997-08-11,HR
954,FirstName954,LastName954,30954,Bangalore,1997-08-12,Finance
955,FirstName955,LastName955,30955,Hyderabad,1997-08-13,Sales
956,FirstName956,LastName956,30956,Chennai,1997-08-14,Marketing
957,FirstName957,LastName957,30957,Delhi,1997-08-15,Support
958,FirstName958,LastName958,30958,Noida,1997-08-16,Admin
959,FirstName959,LastName959,30959,Gurgaon,1997-08-17,Operations
960,FirstName960,LastName960,30960,Mumbai,1997-08-18,IT
961,FirstName961,LastName961,30961,Pune,1997-08-19,HR
962,FirstName962,LastName962,30962,Bangalore,1997-08-20,Finance
963,FirstName963,LastName963,30963,Hyderabad,1997-08-21,Sales
964,FirstName964,LastName964,30964,Chennai,1997-08-22,Marketing
965,FirstName965,LastName965,30965,Delhi,1997-08-23,Support
966,FirstName966,LastName966,30966,Noida,1997-08-24,Admin
967,FirstName967,LastName967,30967,Gurgaon,1997-08-25,Operations
968,FirstName968,LastName968,30968,Mumbai,1997-08-26,IT
969,FirstName969,LastName969,30969,Pune,1997-08-27,HR
970,FirstName970,LastName970,30970,Bangalore,1997-08-28,Finance
971,FirstName971,LastName971,30971,Hyderabad,1997-08-29,Sales
972,FirstName972,LastName972,30972,Chennai,1997-08-30,Marketing
973,FirstName973,LastName973,30973,Delhi,1997-08-31,Support
974,FirstName974,LastName974,30974,Noida,1997-09-01,Admin
975,FirstName975,LastName975,30975,Gurgaon,1997-09-02,Operations
976,FirstName976,LastName976,30976,Mumbai,1997-09-03,IT
977,FirstName977,LastName977,30977,Pune,1997-09-04,HR
978,FirstName978,LastName978,30978,Bangalore,1997-09-05,Finance
979,FirstName979,LastName979,30979,Hyderabad,1997-09-06,Sales
980,FirstName980,LastName980,30980,Chennai,1997-09-07,Marketing
981,FirstName981,LastName981,30981,Delhi,1997-09-08,Support
982,FirstName982,LastName982,30982,Noida,1997-09-09,Admin
983,FirstName983,LastName983,30983,Gurgaon,1997-09-10,Operations
984,FirstName984,LastName984,30984,Mumbai,1997-09-11,IT
985,FirstName985,LastName985,30985,Pune,1997-09-12,HR
986,FirstName986,LastName986,30986,Bangalore,1997-09-13,Finance
987,FirstName987,LastName987,30987,Hyderabad,1997-09-14,Sales
988,FirstName988,LastName988,30988,Chennai,1997-09-15,Marketing
989,FirstName989,LastName989,30989,Delhi,1997-09-16,Support
990,FirstName990,LastName990,30990,Noida,1997-09-17,Admin
991,FirstName991,LastName991,30991,Gurgaon,1997-09-18,Operations
992,FirstName992,LastName992,30992,Mumbai,1997-09-19,IT
993,FirstName993,LastName993,30993,Pune,1997-09-20,HR
994,FirstName994,LastName994,30994,Bangalore,1997-09-21,Finance
995,FirstName995,LastName995,30995,Hyderabad,1997-09-22,Sales
996,FirstName996,LastName996,30996,Chennai,1997-09-23,Marketing
997,FirstName997,LastName997,30997,Delhi,1997-09-24,Support
998,FirstName998,LastName998,30998,Noida,1997-09-25,Admin
999,FirstName999,LastName999,30999,Gurgaon,1997-09-26,Operations
1000,FirstName1000,LastName1000,31000,Mumbai,1997-09-27,IT
1001,FirstName1001,LastName1001,31001,Pune,1997-09-28,HR
1002,FirstName1002,LastName1002,31002,Bangalore,1997-09-29,Finance
1003,FirstName1003,LastName1003,31003,Hyderabad,1997-09-30,Sales
1004,FirstName1004,LastName1004,31004,Chennai,1997-10-01,Marketing
1005,FirstName1005,LastName1005,31005,Delhi,1997-10-02,Support
1006,FirstName1006,LastName1006,31006,Noida,1997-10-03,Admin
1007,FirstName1007,LastName1007,31007,Gurgaon,1997-10-04,Operations
1008,FirstName1008,LastName1008,31008,Mumbai,1997-10-05,IT
1009,FirstName1009,LastName1009,31009,Pune,1997-10-06,HR
1010,FirstName1010,LastName1010,31010,Bangalore,1997-10-07,Finance
1011,FirstName1011,LastName1011,31011,Hyderabad,1997-10-08,Sales
1012,FirstName1012,LastName1012,31012,Chennai,1997-10-09,Marketing
1013,FirstName1013,LastName1013,31013,Delhi,1997-10-10,Support
1014,FirstName1014,LastName1014,31014,Noida,1997-10-11,Admin
1015,FirstName1015,LastName1015,31015,Gurgaon,1997-10-12,Operations
1016,FirstName1016,LastName1016,31016,Mumbai,1997-10-13,IT
1017,FirstName1017,LastName1017,31017,Pune,1997-10-14,HR
1018,FirstName1018,LastName1018,31018,Bangalore,1997-10-15,Finance
1019,FirstName1019,LastName1019,31019,Hyderabad,1997-10-16,Sales
1020,FirstName1020,LastName1020,31020,Chennai,1997-10-17,Marketing
1021,FirstName1021,LastName1021,31021,Delhi,1997-10-18,Support
1022,FirstName1022,LastName1022,31022,Noida,1997-10-19,Admin
1023,FirstName1023,LastName1023,31023,Gurgaon,1997-10-20,Operations
1024,FirstName1024,LastName1024,31024,Mumbai,1997-10-21,IT
1025,FirstName1025,LastName1025,31025,Pune,1997-10-22,HR
1026,FirstName1026,LastName1026,31026,Bangalore,1997-10-23,Finance
1027,FirstName1027,LastName1027,31027,Hyderabad,1997-10-24,Sales
1028,FirstName1028,LastName1028,31028,Chennai,1997-10-25,Marketing
1029,FirstName1029,LastName1029,31029,Delhi,1997-10-26,Support
1030,FirstName1030,LastName1030,31030,Noida,1997-10-27,Admin
1031,FirstName1031,LastName1031,31031,Gurgaon,1997-10-28,Operations
1032,FirstName1032,LastName1032,31032,Mumbai,1997-10-29,IT
1033,FirstName1033,LastName1033,31033,Pune,1997-10-30,HR
1034,FirstName1034,LastName1034,31034,Bangalore,1997-10-31,Finance
1035,FirstName1035,LastName1035,31035,Hyderabad,1997-11-01,Sales
1036,FirstName1036,LastName1036,31036,Chennai,1997-11-02,Marketing
1037,FirstName1037,LastName1037,31037,Delhi,1997-11-03,Support
1038,FirstName1038,LastName1038,31038,Noida,1997-11-04,Admin
1039,FirstName1039,LastName1039,31039,Gurgaon,1997-11-05,Operations
1040,FirstName1040,LastName1040,31040,Mumbai,1997-11-06,IT
1041,FirstName1041,LastName1041,31041,Pune,1997-11-07,HR
1042,FirstName1042,LastName1042,31042,Bangalore,1997-11-08,Finance
1043,FirstName1043,LastName1043,31043,Hyderabad,1997-11-09,Sales
1044,FirstName1044,LastName1044,31044,Chennai,1997-11-10,Marketing
1045,FirstName1045,LastName1045,31045,Delhi,1997-11-11,Support
1046,FirstName1046,LastName1046,31046,Noida,1997-11-12,Admin
1047,FirstName1047,LastName1047,31047,Gurgaon,1997-11-13,Operations
1048,FirstName1048,LastName1048,31048,Mumbai,1997-11-14,IT
1049,FirstName1049,LastName1049,31049,Pune,1997-11-15,HR
1050,FirstName1050,LastName1050,31050,Bangalore,1997-11-16,Finance
1051,FirstName1051,LastName1051,31051,Hyderabad,1997-11-17,Sales
1052,FirstName1052,LastName1052,31052,Chennai,1997-11-18,Marketing
1053,FirstName1053,LastName1053,31053,Delhi,1997-11-19,Support
1054,FirstName1054,LastName1054,31054,Noida,1997-11-20,Admin
1055,FirstName1055,LastName1055,31055,Gurgaon,1997-11-21,Operations
1056,FirstName1056,LastName1056,31056,Mumbai,1997-11-22,IT
1057,FirstName1057,LastName1057,31057,Pune,1997-11-23,HR
1058,FirstName1058,LastName1058,31058,Bangalore,1997-11-24,Finance
1059,FirstName1059,LastName1059,31059,Hyderabad,1997-11-25,Sales
1060,FirstName1060,LastName1060,31060,Chennai,1997-11-26,Marketing
1061,FirstName1061,LastName1061,31061,Delhi,1997-11-27,Support
1062,FirstName1062,LastName1062,31062,Noida,1997-11-28,Admin
1063,FirstName1063,LastName1063,31063,Gurgaon,1997-11-29,Operations
1064,FirstName1064,LastName1064,31064,Mumbai,1997-11-30,IT
1065,FirstName1065,LastName1065,31065,Pune,1997-12-01,HR
1066,FirstName1066,LastName1066,31066,Bangalore,1997-12-02,Finance
1067,FirstName1067,LastName1067,31067,Hyderabad,1997-12-03,Sales
1068,FirstName1068,LastName1068,31068,Chennai,1997-12-04,Marketing
1069,FirstName1069,LastName1069,31069,Delhi,1997-12-05,Support
1070,FirstName1070,LastName1070,31070,Noida,1997-12-06,Admin
1071,FirstName1071,LastName1071,31071,Gurgaon,1997-12-07,Operations
1072,FirstName1072,LastName1072,31072,Mumbai,1997-12-08,IT
1073,FirstName1073,LastName1073,31073,Pune,1997-12-09,HR
1074,FirstName1074,LastName1074,31074,Bangalore,1997-12-10,Finance
1075,FirstName1075,LastName1075,31075,Hyderabad,1997-12-11,Sales
1076,FirstName1076,LastName1076,31076,Chennai,1997-12-12,Marketing
1077,FirstName1077,LastName1077,31077,Delhi,1997-12-13,Support
1078,FirstName1078,LastName1078,31078,Noida,1997-12-14,Admin
1079,FirstName1079,LastName1079,31079,Gurgaon,1997-12-15,Operations
1080,FirstName1080,LastName1080,31080,Mumbai,1997-12-16,IT
1081,FirstName1081,LastName1081,31081,Pune,1997-12-17,HR
1082,FirstName1082,LastName1082,31082,Bangalore,1997-12-18,Finance
1083,FirstName1083,LastName1083,31083,Hyderabad,1997-12-19,Sales
1084,FirstName1084,LastName1084,31084,Chennai,1997-12-20,Marketing
1085,FirstName1085,LastName1085,31085,Delhi,1997-12-21,Support
1086,FirstName1086,LastName1086,31086,Noida,1997-12-22,Admin
1087,FirstName1087,LastName1087,31087,Gurgaon,1997-12-23,Operations
1088,FirstName1088,LastName1088,31088,Mumbai,1997-12-24,IT
1089,FirstName1089,LastName1089,31089,Pune,1997-12-25,HR
1090,FirstName1090,LastName1090,31090,Bangalore,1997-12-26,Finance
1091,FirstName1091,LastName1091,31091,Hyderabad,1997-12-27,Sales
1092,FirstName1092,LastName1092,31092,Chennai,1997-12-28,Marketing
1093,FirstName1093,LastName1093,31093,Delhi,1997-12-29,Support
1094,FirstName1094,LastName1094,31094,Noida,1997-12-30,Admin
1095,FirstName1095,LastName1095,31095,Gurgaon,1997-12-31,Operations
1096,FirstName1096,LastName1096,31096,Mumbai,1998-01-01,IT
1097,FirstName1097,LastName1097,31097,Pune,1998-01-02,HR
1098,FirstName1098,LastName1098,31098,Bangalore,1998-01-03,Finance
1099,FirstName1099,LastName1099,31099,Hyderabad,1998-01-04,Sales
1100,FirstName1100,LastName1100,31100,Chennai,1998-01-05,Marketing
1101,FirstName1101,LastName1101,31101,Delhi,1998-01-06,Support
1102,FirstName1102,LastName1102,31102,Noida,1998-01-07,Admin
1103,FirstName1103,LastName1103,31103,Gurgaon,1998-01-08,Operations
1104,FirstName1104,LastName1104,31104,Mumbai,1998-01-09,IT
1105,FirstName1105,LastName1105,31105,Pune,1998-01-10,HR
1106,FirstName1106,LastName1106,31106,Bangalore,1998-01-11,Finance
1107,FirstName1107,LastName1107,31107,Hyderabad,1998-01-12,Sales
1108,FirstName1108,LastName1108,31108,Chennai,1998-01-13,Marketing
1109,FirstName1109,LastName1109,31109,Delhi,1998-01-14,Support
1110,FirstName1110,LastName1110,31110,Noida,1998-01-15,Admin
1111,FirstName1111,LastName1111,31111,Gurgaon,1998-01-16,Operations
1112,FirstName1112,LastName1112,31112,Mumbai,1998-01-17,IT
1113,FirstName1113,LastName1113,31113,Pune,1998-01-18,HR
1114,FirstName1114,LastName1114,31114,Bangalore,1998-01-19,Finance
1115,FirstName1115,LastName1115,31115,Hyderabad,1998-01-20,Sales
1116,FirstName1116,LastName1116,31116,Chennai,1998-01-21,Marketing
1117,FirstName1117,LastName1117,31117,Delhi,1998-01-22,Support
1118,FirstName1118,LastName1118,31118,Noida,1998-01-23,Admin
1119,FirstName1119,LastName1119,31119,Gurgaon,1998-01-24,Operations
1120,FirstName1120,LastName1120,31120,Mumbai,1998-01-25,IT
1121,FirstName1121,LastName1121,31121,Pune,1998-01-26,HR
1122,FirstName1122,LastName1122,31122,Bangalore,1998-01-27,Finance
1123,FirstName1123,LastName1123,31123,Hyderabad,1998-01-28,Sales
1124,FirstName1124,LastName1124,31124,Chennai,1998-01-29,Marketing
1125,FirstName1125,LastName1125,31125,Delhi,1998-01-30,Support
1126,FirstName1126,LastName1126,31126,Noida,1998-01-31,Admin
1127,FirstName1127,LastName1127,31127,Gurgaon,1998-02-01,Operations
1128,FirstName1128,LastName1128,31128,Mumbai,1998-02-02,IT
1129,FirstName1129,LastName1129,31129,Pune,1998-02-03,HR
1130,FirstName1130,LastName1130,31130,Bangalore,1998-02-04,Finance
1131,FirstName1131,LastName1131,31131,Hyderabad,1998-02-05,Sales
1132,FirstName1132,LastName1132,31132,Chennai,1998-02-06,Marketing
1133,FirstName1133,LastName1133,31133,Delhi,1998-02-07,Support
1134,FirstName1134,LastName1134,31134,Noida,1998-02-08,Admin
1135,FirstName1135,LastName1135,31135,Gurgaon,1998-02-09,Operations
1136,FirstName1136,LastName1136,31136,Mumbai,1998-02-10,IT
1137,FirstName1137,LastName1137,31137,Pune,1998-02-11,HR
1138,FirstName1138,LastName1138,31138,Bangalore,1998-02-12,Finance
1139,FirstName1139,LastName1139,31139,Hyderabad,1998-02-13,Sales
1140,FirstName1140,LastName1140,31140,Chennai,1998-02-14,Marketing
1141,FirstName1141,LastName1141,31141,Delhi,1998-02-15,Support
1142,FirstName1142,LastName1142,31142,Noida,1998-02-16,Admin
1143,FirstName1143,LastName1143,31143,Gurgaon,1998-02-17,Operations
1144,FirstName1144,LastName1144,31144,Mumbai,1998-02-18,IT
1145,FirstName1145,LastName1145,31145,Pune,1998-02-19,HR
1146,FirstName1146,LastName1146,31146,Bangalore,1998-02-20,Finance
1147,FirstName1147,LastName1147,31147,Hyderabad,1998-02-21,Sales
1148,FirstName1148,LastName1148,31148,Chennai,1998-02-22,Marketing
1149,FirstName1149,LastName1149,31149,Delhi,1998-02-23,Support
1150,FirstName1150,LastName1150,31150,Noida,1998-02-24,Admin
1151,FirstName1151,LastName1151,31151,Gurgaon,1998-02-25,Operations
1152,FirstName1152,LastName1152,31152,Mumbai,1998-02-26,IT
1153,FirstName1153,LastName1153,31153,Pune,1998-02-27,HR
1154,FirstName1154,LastName1154,31154,Bangalore,1998-02-28,Finance
1155,FirstName1155,LastName1155,31155,Hyderabad,1998-03-01,Sales
1156,FirstName1156,LastName1156,31156,Chennai,1998-03-02,Marketing
1157,FirstName1157,LastName1157,31157,Delhi,1998-03-03,Support
1158,FirstName1158,LastName1158,31158,Noida,1998-03-04,Admin
1159,FirstName1159,LastName1159,31159,Gurgaon,1998-03-05,Operations
1160,FirstName1160,LastName1160,31160,Mumbai,1998-03-06,IT
1161,FirstName1161,LastName1161,31161,Pune,1998-03-07,HR
1162,FirstName1162,LastName1162,31162,Bangalore,1998-03-08,Finance
1163,FirstName1163,LastName1163,31163,Hyderabad,1998-03-09,Sales
1164,FirstName1164,LastName1164,31164,Chennai,1998-03-10,Marketing
1165,FirstName1165,LastName1165,31165,Delhi,1998-03-11,Support
1166,FirstName1166,LastName1166,31166,Noida,1998-03-12,Admin
1167,FirstName1167,LastName1167,31167,Gurgaon,1998-03-13,Operations
1168,FirstName1168,LastName1168,31168,Mumbai,1998-03-14,IT
1169,FirstName1169,LastName1169,31169,Pune,1998-03-15,HR
1170,FirstName1170,LastName1170,31170,Bangalore,1998-03-16,Finance
1171,FirstName1171,LastName1171,31171,Hyderabad,1998-03-17,Sales
1172,FirstName1172,LastName1172,31172,Chennai,1998-03-18,Marketing
1173,FirstName1173,LastName1173,31173,Delhi,1998-03-19,Support
1174,FirstName1174,LastName1174,31174,Noida,1998-03-20,Admin
1175,FirstName1175,LastName1175,31175,Gurgaon,1998-03-21,Operations
1176,FirstName1176,LastName1176,31176,Mumbai,1998-03-22,IT
1177,FirstName1177,LastName1177,31177,Pune,1998-03-23,HR
1178,FirstName1178,LastName1178,31178,Bangalore,1998-03-24,Finance
1179,FirstName1179,LastName1179,31179,Hyderabad,1998-03-25,Sales
1180,FirstName1180,LastName1180,31180,Chennai,1998-03-26,Marketing
1181,FirstName1181,LastName1181,31181,Delhi,1998-03-27,Support
1182,FirstName1182,LastName1182,31182,Noida,1998-03-28,Admin
1183,FirstName1183,LastName1183,31183,Gurgaon,1998-03-29,Operations
1184,FirstName1184,LastName1184,31184,Mumbai,1998-03-30,IT
1185,FirstName1185,LastName1185,31185,Pune,1998-03-31,HR
1186,FirstName1186,LastName1186,31186,Bangalore,1998-04-01,Finance
1187,FirstName1187,LastName1187,31187,Hyderabad,1998-04-02,Sales
1188,FirstName1188,LastName1188,31188,Chennai,1998-04-03,Marketing
1189,FirstName1189,LastName1189,31189,Delhi,1998-04-04,Support
1190,FirstName1190,LastName1190,31190,Noida,1998-04-05,Admin
1191,FirstName1191,LastName1191,31191,Gurgaon,1998-04-06,Operations
1192,FirstName1192,LastName1192,31192,Mumbai,1998-04-07,IT
1193,FirstName1193,LastName1193,31193,Pune,1998-04-08,HR
1194,FirstName1194,LastName1194,31194,Bangalore,1998-04-09,Finance
1195,FirstName1195,LastName1195,31195,Hyderabad,1998-04-10,Sales
1196,FirstName1196,LastName1196,31196,Chennai,1998-04-11,Marketing
1197,FirstName1197,LastName1197,31197,Delhi,1998-04-12,Support
1198,FirstName1198,LastName1198,31198,Noida,1998-04-13,Admin
1199,FirstName1199,LastName1199,31199,Gurgaon,1998-04-14,Operations
1200,FirstName1200,LastName1200,31200,Mumbai,1998-04-15,IT
1201,FirstName1201,LastName1201,31201,Pune,1998-04-16,HR
1202,FirstName1202,LastName1202,31202,Bangalore,1998-04-17,Finance
1203,FirstName1203,LastName1203,31203,Hyderabad,1998-04-18,Sales
1204,FirstName1204,LastName1204,31204,Chennai,1998-04-19,Marketing
1205,FirstName1205,LastName1205,31205,Delhi,1998-04-20,Support
1206,FirstName1206,LastName1206,31206,Noida,1998-04-21,Admin
1207,FirstName1207,LastName1207,31207,Gurgaon,1998-04-22,Operations
1208,FirstName1208,LastName1208,31208,Mumbai,1998-04-23,IT
1209,FirstName1209,LastName1209,31209,Pune,1998-04-24,HR
1210,FirstName1210,LastName1210,31210,Bangalore,1998-04-25,Finance
1211,FirstName1211,LastName1211,31211,Hyderabad,1998-04-26,Sales
1212,FirstName1212,LastName1212,31212,Chennai,1998-04-27,Marketing
1213,FirstName1213,LastName1213,31213,Delhi,1998-04-28,Support
1214,FirstName1214,LastName1214,31214,Noida,1998-04-29,Admin
1215,FirstName1215,LastName1215,31215,Gurgaon,1998-04-30,Operations
1216,FirstName1216,LastName1216,31216,Mumbai,1998-05-01,IT
1217,FirstName1217,LastName1217,31217,Pune,1998-05-02,HR
1218,FirstName1218,LastName1218,31218,Bangalore,1998-05-03,Finance
1219,FirstName1219,LastName1219,31219,Hyderabad,1998-05-04,Sales
1220,FirstName1220,LastName1220,31220,Chennai,1998-05-05,Marketing
1221,FirstName1221,LastName1221,31221,Delhi,1998-05-06,Support
1222,FirstName1222,LastName1222,31222,Noida,1998-05-07,Admin
1223,FirstName1223,LastName1223,31223,Gurgaon,1998-05-08,Operations
1224,FirstName1224,LastName1224,31224,Mumbai,1998-05-09,IT
1225,FirstName1225,LastName1225,31225,Pune,1998-05-10,HR
1226,FirstName1226,LastName1226,31226,Bangalore,1998-05-11,Finance
1227,FirstName1227,LastName1227,31227,Hyderabad,1998-05-12,Sales
1228,FirstName1228,LastName1228,31228,Chennai,1998-05-13,Marketing
1229,FirstName1229,LastName1229,31229,Delhi,1998-05-14,Support
1230,FirstName1230,LastName1230,31230,Noida,1998-05-15,Admin
1231,FirstName1231,LastName1231,31231,Gurgaon,1998-05-16,Operations
1232,FirstName1232,LastName1232,31232,Mumbai,1998-05-17,IT
1233,FirstName1233,LastName1233,31233,Pune,1998-05-18,HR
1234,FirstName1234,LastName1234,31234,Bangalore,1998-05-19,Finance
1235,FirstName1235,LastName1235,31235,Hyderabad,1998-05-20,Sales
1236,FirstName1236,LastName1236,31236,Chennai,1998-05-21,Marketing
1237,FirstName1237,LastName1237,31237,Delhi,1998-05-22,Support
1238,FirstName1238,LastName1238,31238,Noida,1998-05-23,Admin
1239,FirstName1239,LastName1239,31239,Gurgaon,1998-05-24,Operations
1240,FirstName1240,LastName1240,31240,Mumbai,1998-05-25,IT
1241,FirstName1241,LastName1241,31241,Pune,1998-05-26,HR
1242,FirstName1242,LastName1242,31242,Bangalore,1998-05-27,Finance
1243,FirstName1243,LastName1243,31243,Hyderabad,1998-05-28,Sales
1244,FirstName1244,LastName1244,31244,Chennai,1998-05-29,Marketing
1245,FirstName1245,LastName1245,31245,Delhi,1998-05-30,Support
1246,FirstName1246,LastName1246,31246,Noida,1998-05-31,Admin
1247,FirstName1247,LastName1247,31247,Gurgaon,1998-06-01,Operations
1248,FirstName1248,LastName1248,31248,Mumbai,1998-06-02,IT
1249,FirstName1249,LastName1249,31249,Pune,1998-06-03,HR
1250,FirstName1250,LastName1250,31250,Bangalore,1998-06-04,Finance
1251,FirstName1251,LastName1251,31251,Hyderabad,1998-06-05,Sales
1252,FirstName1252,LastName1252,31252,Chennai,1998-06-06,Marketing
1253,FirstName1253,LastName1253,31253,Delhi,1998-06-07,Support
1254,FirstName1254,LastName1254,31254,Noida,1998-06-08,Admin
1255,FirstName1255,LastName1255,31255,Gurgaon,1998-06-09,Operations
1256,FirstName1256,LastName1256,31256,Mumbai,1998-06-10,IT
1257,FirstName1257,LastName1257,31257,Pune,1998-06-11,HR
1258,FirstName1258,LastName1258,31258,Bangalore,1998-06-12,Finance
1259,FirstName1259,LastName1259,31259,Hyderabad,1998-06-13,Sales
1260,FirstName1260,LastName1260,31260,Chennai,1998-06-14,Marketing
1261,FirstName1261,LastName1261,31261,Delhi,1998-06-15,Support
1262,FirstName1262,LastName1262,31262,Noida,1998-06-16,Admin
1263,FirstName1263,LastName1263,31263,Gurgaon,1998-06-17,Operations
1264,FirstName1264,LastName1264,31264,Mumbai,1998-06-18,IT
1265,FirstName1265,LastName1265,31265,Pune,1998-06-19,HR
1266,FirstName1266,LastName1266,31266,Bangalore,1998-06-20,Finance
1267,FirstName1267,LastName1267,31267,Hyderabad,1998-06-21,Sales
1268,FirstName1268,LastName1268,31268,Chennai,1998-06-22,Marketing
1269,FirstName1269,LastName1269,31269,Delhi,1998-06-23,Support
1270,FirstName1270,LastName1270,31270,Noida,1998-06-24,Admin
1271,FirstName1271,LastName1271,31271,Gurgaon,1998-06-25,Operations
1272,FirstName1272,LastName1272,31272,Mumbai,1998-06-26,IT
1273,FirstName1273,LastName1273,31273,Pune,1998-06-27,HR
1274,FirstName1274,LastName1274,31274,Bangalore,1998-06-28,Finance
1275,FirstName1275,LastName1275,31275,Hyderabad,1998-06-29,Sales
1276,FirstName1276,LastName1276,31276,Chennai,1998-06-30,Marketing
1277,FirstName1277,LastName1277,31277,Delhi,1998-07-01,Support
1278,FirstName1278,LastName1278,31278,Noida,1998-07-02,Admin
1279,FirstName1279,LastName1279,31279,Gurgaon,1998-07-03,Operations
1280,FirstName1280,LastName1280,31280,Mumbai,1998-07-04,IT
1281,FirstName1281,LastName1281,31281,Pune,1998-07-05,HR
1282,FirstName1282,LastName1282,31282,Bangalore,1998-07-06,Finance
1283,FirstName1283,LastName1283,31283,Hyderabad,1998-07-07,Sales
1284,FirstName1284,LastName1284,31284,Chennai,1998-07-08,Marketing
1285,FirstName1285,LastName1285,31285,Delhi,1998-07-09,Support
1286,FirstName1286,LastName1286,31286,Noida,1998-07-10,Admin
1287,FirstName1287,LastName1287,31287,Gurgaon,1998-07-11,Operations
1288,FirstName1288,LastName1288,31288,Mumbai,1998-07-12,IT
1289,FirstName1289,LastName1289,31289,Pune,1998-07-13,HR
1290,FirstName1290,LastName1290,31290,Bangalore,1998-07-14,Finance
1291,FirstName1291,LastName1291,31291,Hyderabad,1998-07-15,Sales
1292,FirstName1292,LastName1292,31292,Chennai,1998-07-16,Marketing
1293,FirstName1293,LastName1293,31293,Delhi,1998-07-17,Support
1294,FirstName1294,LastName1294,31294,Noida,1998-07-18,Admin
1295,FirstName1295,LastName1295,31295,Gurgaon,1998-07-19,Operations
1296,FirstName1296,LastName1296,31296,Mumbai,1998-07-20,IT
1297,FirstName1297,LastName1297,31297,Pune,1998-07-21,HR
1298,FirstName1298,LastName1298,31298,Bangalore,1998-07-22,Finance
1299,FirstName1299,LastName1299,31299,Hyderabad,1998-07-23,Sales
1300,FirstName1300,LastName1300,31300,Chennai,1998-07-24,Marketing
1301,FirstName1301,LastName1301,31301,Delhi,1998-07-25,Support
1302,FirstName1302,LastName1302,31302,Noida,1998-07-26,Admin
1303,FirstName1303,LastName1303,31303,Gurgaon,1998-07-27,Operations
1304,FirstName1304,LastName1304,31304,Mumbai,1998-07-28,IT
1305,FirstName1305,LastName1305,31305,Pune,1998-07-29,HR
1306,FirstName1306,LastName1306,31306,Bangalore,1998-07-30,Finance
1307,FirstName1307,LastName1307,31307,Hyderabad,1998-07-31,Sales
1308,FirstName1308,LastName1308,31308,Chennai,1998-08-01,Marketing
1309,FirstName1309,LastName1309,31309,Delhi,1998-08-02,Support
1310,FirstName1310,LastName1310,31310,Noida,1998-08-03,Admin
1311,FirstName1311,LastName1311,31311,Gurgaon,1998-08-04,Operations
1312,FirstName1312,LastName1312,31312,Mumbai,1998-08-05,IT
1313,FirstName1313,LastName1313,31313,Pune,1998-08-06,HR
1314,FirstName1314,LastName1314,31314,Bangalore,1998-08-07,Finance
1315,FirstName1315,LastName1315,31315,Hyderabad,1998-08-08,Sales
1316,FirstName1316,LastName1316,31316,Chennai,1998-08-09,Marketing
1317,FirstName1317,LastName1317,31317,Delhi,1998-08-10,Support
1318,FirstName1318,LastName1318,31318,Noida,1998-08-11,Admin
1319,FirstName1319,LastName1319,31319,Gurgaon,1998-08-12,Operations
1320,FirstName1320,LastName1320,31320,Mumbai,1998-08-13,IT
1321,FirstName1321,LastName1321,31321,Pune,1998-08-14,HR
1322,FirstName1322,LastName1322,31322,Bangalore,1998-08-15,Finance
1323,FirstName1323,LastName1323,31323,Hyderabad,1998-08-16,Sales
1324,FirstName1324,LastName1324,31324,Chennai,1998-08-17,Marketing
1325,FirstName1325,LastName1325,31325,Delhi,1998-08-18,Support
1326,FirstName1326,LastName1326,31326,Noida,1998-08-19,Admin
1327,FirstName1327,LastName1327,31327,Gurgaon,1998-08-20,Operations
1328,FirstName1328,LastName1328,31328,Mumbai,1998-08-21,IT
1329,FirstName1329,LastName1329,31329,Pune,1998-08-22,HR
1330,FirstName1330,LastName1330,31330,Bangalore,1998-08-23,Finance
1331,FirstName1331,LastName1331,31331,Hyderabad,1998-08-24,Sales
1332,FirstName1332,LastName1332,31332,Chennai,1998-08-25,Marketing
1333,FirstName1333,LastName1333,31333,Delhi,1998-08-26,Support
1334,FirstName1334,LastName1334,31334,Noida,1998-08-27,Admin
1335,FirstName1335,LastName1335,31335,Gurgaon,1998-08-28,Operations
1336,FirstName1336,LastName1336,31336,Mumbai,1998-08-29,IT
1337,FirstName1337,LastName1337,31337,Pune,1998-08-30,HR
1338,FirstName1338,LastName1338,31338,Bangalore,1998-08-31,Finance
1339,FirstName1339,LastName1339,31339,Hyderabad,1998-09-01,Sales
1340,FirstName1340,LastName1340,31340,Chennai,1998-09-02,Marketing
1341,FirstName1341,LastName1341,31341,Delhi,1998-09-03,Support
1342,FirstName1342,LastName1342,31342,Noida,1998-09-04,Admin
1343,FirstName1343,LastName1343,31343,Gurgaon,1998-09-05,Operations
1344,FirstName1344,LastName1344,31344,Mumbai,1998-09-06,IT
1345,FirstName1345,LastName1345,31345,Pune,1998-09-07,HR
1346,FirstName1346,LastName1346,31346,Bangalore,1998-09-08,Finance
1347,FirstName1347,LastName1347,31347,Hyderabad,1998-09-09,Sales
1348,FirstName1348,LastName1348,31348,Chennai,1998-09-10,Marketing
1349,FirstName1349,LastName1349,31349,Delhi,1998-09-11,Support
1350,FirstName1350,LastName1350,31350,Noida,1998-09-12,Admin
1351,FirstName1351,LastName1351,31351,Gurgaon,1998-09-13,Operations
1352,FirstName1352,LastName1352,31352,Mumbai,1998-09-14,IT
1353,FirstName1353,LastName1353,31353,Pune,1998-09-15,HR
1354,FirstName1354,LastName1354,31354,Bangalore,1998-09-16,Finance
1355,FirstName1355,LastName1355,31355,Hyderabad,1998-09-17,Sales
1356,FirstName1356,LastName1356,31356,Chennai,1998-09-18,Marketing
1357,FirstName1357,LastName1357,31357,Delhi,1998-09-19,Support
1358,FirstName1358,LastName1358,31358,Noida,1998-09-20,Admin
1359,FirstName1359,LastName1359,31359,Gurgaon,1998-09-21,Operations
1360,FirstName1360,LastName1360,31360,Mumbai,1998-09-22,IT
1361,FirstName1361,LastName1361,31361,Pune,1998-09-23,HR
1362,FirstName1362,LastName1362,31362,Bangalore,1998-09-24,Finance
1363,FirstName1363,LastName1363,31363,Hyderabad,1998-09-25,Sales
1364,FirstName1364,LastName1364,31364,Chennai,1998-09-26,Marketing
1365,FirstName1365,LastName1365,31365,Delhi,1998-09-27,Support
1366,FirstName1366,LastName1366,31366,Noida,1998-09-28,Admin
1367,FirstName1367,LastName1367,31367,Gurgaon,1998-09-29,Operations
1368,FirstName1368,LastName1368,31368,Mumbai,1998-09-30,IT
1369,FirstName1369,LastName1369,31369,Pune,1998-10-01,HR
1370,FirstName1370,LastName1370,31370,Bangalore,1998-10-02,Finance
1371,FirstName1371,LastName1371,31371,Hyderabad,1998-10-03,Sales
1372,FirstName1372,LastName1372,31372,Chennai,1998-10-04,Marketing
1373,FirstName1373,LastName1373,31373,Delhi,1998-10-05,Support
1374,FirstName1374,LastName1374,31374,Noida,1998-10-06,Admin
1375,FirstName1375,LastName1375,31375,Gurgaon,1998-10-07,Operations
1376,FirstName1376,LastName1376,31376,Mumbai,1998-10-08,IT
1377,FirstName1377,LastName1377,31377,Pune,1998-10-09,HR
1378,FirstName1378,LastName1378,31378,Bangalore,1998-10-10,Finance
1379,FirstName1379,LastName1379,31379,Hyderabad,1998-10-11,Sales
1380,FirstName1380,LastName1380,31380,Chennai,1998-10-12,Marketing
1381,FirstName1381,LastName1381,31381,Delhi,1998-10-13,Support
1382,FirstName1382,LastName1382,31382,Noida,1998-10-14,Admin
1383,FirstName1383,LastName1383,31383,Gurgaon,1998-10-15,Operations
1384,FirstName1384,LastName1384,31384,Mumbai,1998-10-16,IT
1385,FirstName1385,LastName1385,31385,Pune,1998-10-17,HR
1386,FirstName1386,LastName1386,31386,Bangalore,1998-10-18,Finance
1387,FirstName1387,LastName1387,31387,Hyderabad,1998-10-19,Sales
1388,FirstName1388,LastName1388,31388,Chennai,1998-10-20,Marketing
1389,FirstName1389,LastName1389,31389,Delhi,1998-10-21,Support
1390,FirstName1390,LastName1390,31390,Noida,1998-10-22,Admin
1391,FirstName1391,LastName1391,31391,Gurgaon,1998-10-23,Operations
1392,FirstName1392,LastName1392,31392,Mumbai,1998-10-24,IT
1393,FirstName1393,LastName1393,31393,Pune,1998-10-25,HR
1394,FirstName1394,LastName1394,31394,Bangalore,1998-10-26,Finance
1395,FirstName1395,LastName1395,31395,Hyderabad,1998-10-27,Sales
1396,FirstName1396,LastName1396,31396,Chennai,1998-10-28,Marketing
1397,FirstName1397,LastName1397,31397,Delhi,1998-10-29,Support
1398,FirstName1398,LastName1398,31398,Noida,1998-10-30,Admin
1399,FirstName1399,LastName1399,31399,Gurgaon,1998-10-31,Operations
1400,FirstName1400,LastName1400,31400,Mumbai,1998-11-01,IT
1401,FirstName1401,LastName1401,31401,Pune,1998-11-02,HR
1402,FirstName1402,LastName1402,31402,Bangalore,1998-11-03,Finance
1403,FirstName1403,LastName1403,31403,Hyderabad,1998-11-04,Sales
1404,FirstName1404,LastName1404,31404,Chennai,1998-11-05,Marketing
1405,FirstName1405,LastName1405,31405,Delhi,1998-11-06,Support
1406,FirstName1406,LastName1406,31406,Noida,1998-11-07,Admin
1407,FirstName1407,LastName1407,31407,Gurgaon,1998-11-08,Operations
1408,FirstName1408,LastName1408,31408,Mumbai,1998-11-09,IT
1409,FirstName1409,LastName1409,31409,Pune,1998-11-10,HR
1410,FirstName1410,LastName1410,31410,Bangalore,1998-11-11,Finance
1411,FirstName1411,LastName1411,31411,Hyderabad,1998-11-12,Sales
1412,FirstName1412,LastName1412,31412,Chennai,1998-11-13,Marketing
1413,FirstName1413,LastName1413,31413,Delhi,1998-11-14,Support
1414,FirstName1414,LastName1414,31414,Noida,1998-11-15,Admin
1415,FirstName1415,LastName1415,31415,Gurgaon,1998-11-16,Operations
1416,FirstName1416,LastName1416,31416,Mumbai,1998-11-17,IT
1417,FirstName1417,LastName1417,31417,Pune,1998-11-18,HR
1418,FirstName1418,LastName1418,31418,Bangalore,1998-11-19,Finance
1419,FirstName1419,LastName1419,31419,Hyderabad,1998-11-20,Sales
1420,FirstName1420,LastName1420,31420,Chennai,1998-11-21,Marketing
1421,FirstName1421,LastName1421,31421,Delhi,1998-11-22,Support
1422,FirstName1422,LastName1422,31422,Noida,1998-11-23,Admin
1423,FirstName1423,LastName1423,31423,Gurgaon,1998-11-24,Operations
1424,FirstName1424,LastName1424,31424,Mumbai,1998-11-25,IT
1425,FirstName1425,LastName1425,31425,Pune,1998-11-26,HR
1426,FirstName1426,LastName1426,31426,Bangalore,1998-11-27,Finance
1427,FirstName1427,LastName1427,31427,Hyderabad,1998-11-28,Sales
1428,FirstName1428,LastName1428,31428,Chennai,1998-11-29,Marketing
1429,FirstName1429,LastName1429,31429,Delhi,1998-11-30,Support
1430,FirstName1430,LastName1430,31430,Noida,1998-12-01,Admin
1431,FirstName1431,LastName1431,31431,Gurgaon,1998-12-02,Operations
1432,FirstName1432,LastName1432,31432,Mumbai,1998-12-03,IT
1433,FirstName1433,LastName1433,31433,Pune,1998-12-04,HR
1434,FirstName1434,LastName1434,31434,Bangalore,1998-12-05,Finance
1435,FirstName1435,LastName1435,31435,Hyderabad,1998-12-06,Sales
1436,FirstName1436,LastName1436,31436,Chennai,1998-12-07,Marketing
1437,FirstName1437,LastName1437,31437,Delhi,1998-12-08,Support
1438,FirstName1438,LastName1438,31438,Noida,1998-12-09,Admin
1439,FirstName1439,LastName1439,31439,Gurgaon,1998-12-10,Operations
1440,FirstName1440,LastName1440,31440,Mumbai,1998-12-11,IT
1441,FirstName1441,LastName1441,31441,Pune,1998-12-12,HR
1442,FirstName1442,LastName1442,31442,Bangalore,1998-12-13,Finance
1443,FirstName1443,LastName1443,31443,Hyderabad,1998-12-14,Sales
1444,FirstName1444,LastName1444,31444,Chennai,1998-12-15,Marketing
1445,FirstName1445,LastName1445,31445,Delhi,1998-12-16,Support
1446,FirstName1446,LastName1446,31446,Noida,1998-12-17,Admin
1447,FirstName1447,LastName1447,31447,Gurgaon,1998-12-18,Operations
1448,FirstName1448,LastName1448,31448,Mumbai,1998-12-19,IT
1449,FirstName1449,LastName1449,31449,Pune,1998-12-20,HR
1450,FirstName1450,LastName1450,31450,Bangalore,1998-12-21,Finance
1451,FirstName1451,LastName1451,31451,Hyderabad,1998-12-22,Sales
1452,FirstName1452,LastName1452,31452,Chennai,1998-12-23,Marketing
1453,FirstName1453,LastName1453,31453,Delhi,1998-12-24,Support
1454,FirstName1454,LastName1454,31454,Noida,1998-12-25,Admin
1455,FirstName1455,LastName1455,31455,Gurgaon,1998-12-26,Operations
1456,FirstName1456,LastName1456,31456,Mumbai,1998-12-27,IT
1457,FirstName1457,LastName1457,31457,Pune,1998-12-28,HR
1458,FirstName1458,LastName1458,31458,Bangalore,1998-12-29,Finance
1459,FirstName1459,LastName1459,31459,Hyderabad,1998-12-30,Sales
1460,FirstName1460,LastName1460,31460,Chennai,1998-12-31,Marketing
1461,FirstName1461,LastName1461,31461,Delhi,1999-01-01,Support
1462,FirstName1462,LastName1462,31462,Noida,1999-01-02,Admin
1463,FirstName1463,LastName1463,31463,Gurgaon,1999-01-03,Operations
1464,FirstName1464,LastName1464,31464,Mumbai,1999-01-04,IT
1465,FirstName1465,LastName1465,31465,Pune,1999-01-05,HR
1466,FirstName1466,LastName1466,31466,Bangalore,1999-01-06,Finance
1467,FirstName1467,LastName1467,31467,Hyderabad,1999-01-07,Sales
1468,FirstName1468,LastName1468,31468,Chennai,1999-01-08,Marketing
1469,FirstName1469,LastName1469,31469,Delhi,1999-01-09,Support
1470,FirstName1470,LastName1470,31470,Noida,1999-01-10,Admin
1471,FirstName1471,LastName1471,31471,Gurgaon,1999-01-11,Operations
1472,FirstName1472,LastName1472,31472,Mumbai,1999-01-12,IT
1473,FirstName1473,LastName1473,31473,Pune,1999-01-13,HR
1474,FirstName1474,LastName1474,31474,Bangalore,1999-01-14,Finance
1475,FirstName1475,LastName1475,31475,Hyderabad,1999-01-15,Sales
1476,FirstName1476,LastName1476,31476,Chennai,1999-01-16,Marketing
1477,FirstName1477,LastName1477,31477,Delhi,1999-01-17,Support
1478,FirstName1478,LastName1478,31478,Noida,1999-01-18,Admin
1479,FirstName1479,LastName1479,31479,Gurgaon,1999-01-19,Operations
1480,FirstName1480,LastName1480,31480,Mumbai,1999-01-20,IT
1481,FirstName1481,LastName1481,31481,Pune,1999-01-21,HR
1482,FirstName1482,LastName1482,31482,Bangalore,1999-01-22,Finance
1483,FirstName1483,LastName1483,31483,Hyderabad,1999-01-23,Sales
1484,FirstName1484,LastName1484,31484,Chennai,1999-01-24,Marketing
1485,FirstName1485,LastName1485,31485,Delhi,1999-01-25,Support
1486,FirstName1486,LastName1486,31486,Noida,1999-01-26,Admin
1487,FirstName1487,LastName1487,31487,Gurgaon,1999-01-27,Operations
1488,FirstName1488,LastName1488,31488,Mumbai,1999-01-28,IT
1489,FirstName1489,LastName1489,31489,Pune,1999-01-29,HR
1490,FirstName1490,LastName1490,31490,Bangalore,1999-01-30,Finance
1491,FirstName1491,LastName1491,31491,Hyderabad,1999-01-31,Sales
1492,FirstName1492,LastName1492,31492,Chennai,1999-02-01,Marketing
1493,FirstName1493,LastName1493,31493,Delhi,1999-02-02,Support
1494,FirstName1494,LastName1494,31494,Noida,1999-02-03,Admin
1495,FirstName1495,LastName1495,31495,Gurgaon,1999-02-04,Operations
1496,FirstName1496,LastName1496,31496,Mumbai,1999-02-05,IT
1497,FirstName1497,LastName1497,31497,Pune,1999-02-06,HR
1498,FirstName1498,LastName1498,31498,Bangalore,1999-02-07,Finance
1499,FirstName1499,LastName1499,31499,Hyderabad,1999-02-08,Sales
1500,FirstName1500,LastName1500,31500,Chennai,1999-02-09,Marketing
1501,FirstName1501,LastName1501,31501,Delhi,1999-02-10,Support
1502,FirstName1502,LastName1502,31502,Noida,1999-02-11,Admin
1503,FirstName1503,LastName1503,31503,Gurgaon,1999-02-12,Operations
1504,FirstName1504,LastName1504,31504,Mumbai,1999-02-13,IT
1505,FirstName1505,LastName1505,31505,Pune,1999-02-14,HR
1506,FirstName1506,LastName1506,31506,Bangalore,1999-02-15,Finance
1507,FirstName1507,LastName1507,31507,Hyderabad,1999-02-16,Sales
1508,FirstName1508,LastName1508,31508,Chennai,1999-02-17,Marketing
1509,FirstName1509,LastName1509,31509,Delhi,1999-02-18,Support
1510,FirstName1510,LastName1510,31510,Noida,1999-02-19,Admin
1511,FirstName1511,LastName1511,31511,Gurgaon,1999-02-20,Operations
1512,FirstName1512,LastName1512,31512,Mumbai,1999-02-21,IT
1513,FirstName1513,LastName1513,31513,Pune,1999-02-22,HR
1514,FirstName1514,LastName1514,31514,Bangalore,1999-02-23,Finance
1515,FirstName1515,LastName1515,31515,Hyderabad,1999-02-24,Sales
1516,FirstName1516,LastName1516,31516,Chennai,1999-02-25,Marketing
1517,FirstName1517,LastName1517,31517,Delhi,1999-02-26,Support
1518,FirstName1518,LastName1518,31518,Noida,1999-02-27,Admin
1519,FirstName1519,LastName1519,31519,Gurgaon,1999-02-28,Operations
1520,FirstName1520,LastName1520,31520,Mumbai,1999-03-01,IT
1521,FirstName1521,LastName1521,31521,Pune,1999-03-02,HR
1522,FirstName1522,LastName1522,31522,Bangalore,1999-03-03,Finance
1523,FirstName1523,LastName1523,31523,Hyderabad,1999-03-04,Sales
1524,FirstName1524,LastName1524,31524,Chennai,1999-03-05,Marketing
1525,FirstName1525,LastName1525,31525,Delhi,1999-03-06,Support
1526,FirstName1526,LastName1526,31526,Noida,1999-03-07,Admin
1527,FirstName1527,LastName1527,31527,Gurgaon,1999-03-08,Operations
1528,FirstName1528,LastName1528,31528,Mumbai,1999-03-09,IT
1529,FirstName1529,LastName1529,31529,Pune,1999-03-10,HR
1530,FirstName1530,LastName1530,31530,Bangalore,1999-03-11,Finance
1531,FirstName1531,LastName1531,31531,Hyderabad,1999-03-12,Sales
1532,FirstName1532,LastName1532,31532,Chennai,1999-03-13,Marketing
1533,FirstName1533,LastName1533,31533,Delhi,1999-03-14,Support
1534,FirstName1534,LastName1534,31534,Noida,1999-03-15,Admin
1535,FirstName1535,LastName1535,31535,Gurgaon,1999-03-16,Operations
1536,FirstName1536,LastName1536,31536,Mumbai,1999-03-17,IT
1537,FirstName1537,LastName1537,31537,Pune,1999-03-18,HR
1538,FirstName1538,LastName1538,31538,Bangalore,1999-03-19,Finance
1539,FirstName1539,LastName1539,31539,Hyderabad,1999-03-20,Sales
1540,FirstName1540,LastName1540,31540,Chennai,1999-03-21,Marketing
1541,FirstName1541,LastName1541,31541,Delhi,1999-03-22,Support
1542,FirstName1542,LastName1542,31542,Noida,1999-03-23,Admin
1543,FirstName1543,LastName1543,31543,Gurgaon,1999-03-24,Operations
1544,FirstName1544,LastName1544,31544,Mumbai,1999-03-25,IT
1545,FirstName1545,LastName1545,31545,Pune,1999-03-26,HR
1546,FirstName1546,LastName1546,31546,Bangalore,1999-03-27,Finance
1547,FirstName1547,LastName1547,31547,Hyderabad,1999-03-28,Sales
1548,FirstName1548,LastName1548,31548,Chennai,1999-03-29,Marketing
1549,FirstName1549,LastName1549,31549,Delhi,1999-03-30,Support
1550,FirstName1550,LastName1550,31550,Noida,1999-03-31,Admin
1551,FirstName1551,LastName1551,31551,Gurgaon,1999-04-01,Operations
1552,FirstName1552,LastName1552,31552,Mumbai,1999-04-02,IT
1553,FirstName1553,LastName1553,31553,Pune,1999-04-03,HR
1554,FirstName1554,LastName1554,31554,Bangalore,1999-04-04,Finance
1555,FirstName1555,LastName1555,31555,Hyderabad,1999-04-05,Sales
1556,FirstName1556,LastName1556,31556,Chennai,1999-04-06,Marketing
1557,FirstName1557,LastName1557,31557,Delhi,1999-04-07,Support
1558,FirstName1558,LastName1558,31558,Noida,1999-04-08,Admin
1559,FirstName1559,LastName1559,31559,Gurgaon,1999-04-09,Operations
1560,FirstName1560,LastName1560,31560,Mumbai,1999-04-10,IT
1561,FirstName1561,LastName1561,31561,Pune,1999-04-11,HR
1562,FirstName1562,LastName1562,31562,Bangalore,1999-04-12,Finance
1563,FirstName1563,LastName1563,31563,Hyderabad,1999-04-13,Sales
1564,FirstName1564,LastName1564,31564,Chennai,1999-04-14,Marketing
1565,FirstName1565,LastName1565,31565,Delhi,1999-04-15,Support
1566,FirstName1566,LastName1566,31566,Noida,1999-04-16,Admin
1567,FirstName1567,LastName1567,31567,Gurgaon,1999-04-17,Operations
1568,FirstName1568,LastName1568,31568,Mumbai,1999-04-18,IT
1569,FirstName1569,LastName1569,31569,Pune,1999-04-19,HR
1570,FirstName1570,LastName1570,31570,Bangalore,1999-04-20,Finance
1571,FirstName1571,LastName1571,31571,Hyderabad,1999-04-21,Sales
1572,FirstName1572,LastName1572,31572,Chennai,1999-04-22,Marketing
1573,FirstName1573,LastName1573,31573,Delhi,1999-04-23,Support
1574,FirstName1574,LastName1574,31574,Noida,1999-04-24,Admin
1575,FirstName1575,LastName1575,31575,Gurgaon,1999-04-25,Operations
1576,FirstName1576,LastName1576,31576,Mumbai,1999-04-26,IT
1577,FirstName1577,LastName1577,31577,Pune,1999-04-27,HR
1578,FirstName1578,LastName1578,31578,Bangalore,1999-04-28,Finance
1579,FirstName1579,LastName1579,31579,Hyderabad,1999-04-29,Sales
1580,FirstName1580,LastName1580,31580,Chennai,1999-04-30,Marketing
1581,FirstName1581,LastName1581,31581,Delhi,1999-05-01,Support
1582,FirstName1582,LastName1582,31582,Noida,1999-05-02,Admin
1583,FirstName1583,LastName1583,31583,Gurgaon,1999-05-03,Operations
1584,FirstName1584,LastName1584,31584,Mumbai,1999-05-04,IT
1585,FirstName1585,LastName1585,31585,Pune,1999-05-05,HR
1586,FirstName1586,LastName1586,31586,Bangalore,1999-05-06,Finance
1587,FirstName1587,LastName1587,31587,Hyderabad,1999-05-07,Sales
1588,FirstName1588,LastName1588,31588,Chennai,1999-05-08,Marketing
1589,FirstName1589,LastName1589,31589,Delhi,1999-05-09,Support
1590,FirstName1590,LastName1590,31590,Noida,1999-05-10,Admin
1591,FirstName1591,LastName1591,31591,Gurgaon,1999-05-11,Operations
1592,FirstName1592,LastName1592,31592,Mumbai,1999-05-12,IT
1593,FirstName1593,LastName1593,31593,Pune,1999-05-13,HR
1594,FirstName1594,LastName1594,31594,Bangalore,1999-05-14,Finance
1595,FirstName1595,LastName1595,31595,Hyderabad,1999-05-15,Sales
1596,FirstName1596,LastName1596,31596,Chennai,1999-05-16,Marketing
1597,FirstName1597,LastName1597,31597,Delhi,1999-05-17,Support
1598,FirstName1598,LastName1598,31598,Noida,1999-05-18,Admin
1599,FirstName1599,LastName1599,31599,Gurgaon,1999-05-19,Operations
1600,FirstName1600,LastName1600,31600,Mumbai,1999-05-20,IT
1601,FirstName1601,LastName1601,31601,Pune,1999-05-21,HR
1602,FirstName1602,LastName1602,31602,Bangalore,1999-05-22,Finance
1603,FirstName1603,LastName1603,31603,Hyderabad,1999-05-23,Sales
1604,FirstName1604,LastName1604,31604,Chennai,1999-05-24,Marketing
1605,FirstName1605,LastName1605,31605,Delhi,1999-05-25,Support
1606,FirstName1606,LastName1606,31606,Noida,1999-05-26,Admin
1607,FirstName1607,LastName1607,31607,Gurgaon,1999-05-27,Operations
1608,FirstName1608,LastName1608,31608,Mumbai,1999-05-28,IT
1609,FirstName1609,LastName1609,31609,Pune,1999-05-29,HR
1610,FirstName1610,LastName1610,31610,Bangalore,1999-05-30,Finance
1611,FirstName1611,LastName1611,31611,Hyderabad,1999-05-31,Sales
1612,FirstName1612,LastName1612,31612,Chennai,1999-06-01,Marketing
1613,FirstName1613,LastName1613,31613,Delhi,1999-06-02,Support
1614,FirstName1614,LastName1614,31614,Noida,1999-06-03,Admin
1615,FirstName1615,LastName1615,31615,Gurgaon,1999-06-04,Operations
1616,FirstName1616,LastName1616,31616,Mumbai,1999-06-05,IT
1617,FirstName1617,LastName1617,31617,Pune,1999-06-06,HR
1618,FirstName1618,LastName1618,31618,Bangalore,1999-06-07,Finance
1619,FirstName1619,LastName1619,31619,Hyderabad,1999-06-08,Sales
1620,FirstName1620,LastName1620,31620,Chennai,1999-06-09,Marketing
1621,FirstName1621,LastName1621,31621,Delhi,1999-06-10,Support
1622,FirstName1622,LastName1622,31622,Noida,1999-06-11,Admin
1623,FirstName1623,LastName1623,31623,Gurgaon,1999-06-12,Operations
1624,FirstName1624,LastName1624,31624,Mumbai,1999-06-13,IT
1625,FirstName1625,LastName1625,31625,Pune,1999-06-14,HR
1626,FirstName1626,LastName1626,31626,Bangalore,1999-06-15,Finance
1627,FirstName1627,LastName1627,31627,Hyderabad,1999-06-16,Sales
1628,FirstName1628,LastName1628,31628,Chennai,1999-06-17,Marketing
1629,FirstName1629,LastName1629,31629,Delhi,1999-06-18,Support
1630,FirstName1630,LastName1630,31630,Noida,1999-06-19,Admin
1631,FirstName1631,LastName1631,31631,Gurgaon,1999-06-20,Operations
1632,FirstName1632,LastName1632,31632,Mumbai,1999-06-21,IT
1633,FirstName1633,LastName1633,31633,Pune,1999-06-22,HR
1634,FirstName1634,LastName1634,31634,Bangalore,1999-06-23,Finance
1635,FirstName1635,LastName1635,31635,Hyderabad,1999-06-24,Sales
1636,FirstName1636,LastName1636,31636,Chennai,1999-06-25,Marketing
1637,FirstName1637,LastName1637,31637,Delhi,1999-06-26,Support
1638,FirstName1638,LastName1638,31638,Noida,1999-06-27,Admin
1639,FirstName1639,LastName1639,31639,Gurgaon,1999-06-28,Operations
1640,FirstName1640,LastName1640,31640,Mumbai,1999-06-29,IT
1641,FirstName1641,LastName1641,31641,Pune,1999-06-30,HR
1642,FirstName1642,LastName1642,31642,Bangalore,1999-07-01,Finance
1643,FirstName1643,LastName1643,31643,Hyderabad,1999-07-02,Sales
1644,FirstName1644,LastName1644,31644,Chennai,1999-07-03,Marketing
1645,FirstName1645,LastName1645,31645,Delhi,1999-07-04,Support
1646,FirstName1646,LastName1646,31646,Noida,1999-07-05,Admin
1647,FirstName1647,LastName1647,31647,Gurgaon,1999-07-06,Operations
1648,FirstName1648,LastName1648,31648,Mumbai,1999-07-07,IT
1649,FirstName1649,LastName1649,31649,Pune,1999-07-08,HR
1650,FirstName1650,LastName1650,31650,Bangalore,1999-07-09,Finance
1651,FirstName1651,LastName1651,31651,Hyderabad,1999-07-10,Sales
1652,FirstName1652,LastName1652,31652,Chennai,1999-07-11,Marketing
1653,FirstName1653,LastName1653,31653,Delhi,1999-07-12,Support
1654,FirstName1654,LastName1654,31654,Noida,1999-07-13,Admin
1655,FirstName1655,LastName1655,31655,Gurgaon,1999-07-14,Operations
1656,FirstName1656,LastName1656,31656,Mumbai,1999-07-15,IT
1657,FirstName1657,LastName1657,31657,Pune,1999-07-16,HR
1658,FirstName1658,LastName1658,31658,Bangalore,1999-07-17,Finance
1659,FirstName1659,LastName1659,31659,Hyderabad,1999-07-18,Sales
1660,FirstName1660,LastName1660,31660,Chennai,1999-07-19,Marketing
1661,FirstName1661,LastName1661,31661,Delhi,1999-07-20,Support
1662,FirstName1662,LastName1662,31662,Noida,1999-07-21,Admin
1663,FirstName1663,LastName1663,31663,Gurgaon,1999-07-22,Operations
1664,FirstName1664,LastName1664,31664,Mumbai,1999-07-23,IT
1665,FirstName1665,LastName1665,31665,Pune,1999-07-24,HR
1666,FirstName1666,LastName1666,31666,Bangalore,1999-07-25,Finance
1667,FirstName1667,LastName1667,31667,Hyderabad,1999-07-26,Sales
1668,FirstName1668,LastName1668,31668,Chennai,1999-07-27,Marketing
1669,FirstName1669,LastName1669,31669,Delhi,1999-07-28,Support
1670,FirstName1670,LastName1670,31670,Noida,1999-07-29,Admin
1671,FirstName1671,LastName1671,31671,Gurgaon,1999-07-30,Operations
1672,FirstName1672,LastName1672,31672,Mumbai,1999-07-31,IT
1673,FirstName1673,LastName1673,31673,Pune,1999-08-01,HR
1674,FirstName1674,LastName1674,31674,Bangalore,1999-08-02,Finance
1675,FirstName1675,LastName1675,31675,Hyderabad,1999-08-03,Sales
1676,FirstName1676,LastName1676,31676,Chennai,1999-08-04,Marketing
1677,FirstName1677,LastName1677,31677,Delhi,1999-08-05,Support
1678,FirstName1678,LastName1678,31678,Noida,1999-08-06,Admin
1679,FirstName1679,LastName1679,31679,Gurgaon,1999-08-07,Operations
1680,FirstName1680,LastName1680,31680,Mumbai,1999-08-08,IT
1681,FirstName1681,LastName1681,31681,Pune,1999-08-09,HR
1682,FirstName1682,LastName1682,31682,Bangalore,1999-08-10,Finance
1683,FirstName1683,LastName1683,31683,Hyderabad,1999-08-11,Sales
1684,FirstName1684,LastName1684,31684,Chennai,1999-08-12,Marketing
1685,FirstName1685,LastName1685,31685,Delhi,1999-08-13,Support
1686,FirstName1686,LastName1686,31686,Noida,1999-08-14,Admin
1687,FirstName1687,LastName1687,31687,Gurgaon,1999-08-15,Operations
1688,FirstName1688,LastName1688,31688,Mumbai,1999-08-16,IT
1689,FirstName1689,LastName1689,31689,Pune,1999-08-17,HR
1690,FirstName1690,LastName1690,31690,Bangalore,1999-08-18,Finance
1691,FirstName1691,LastName1691,31691,Hyderabad,1999-08-19,Sales
1692,FirstName1692,LastName1692,31692,Chennai,1999-08-20,Marketing
1693,FirstName1693,LastName1693,31693,Delhi,1999-08-21,Support
1694,FirstName1694,LastName1694,31694,Noida,1999-08-22,Admin
1695,FirstName1695,LastName1695,31695,Gurgaon,1999-08-23,Operations
1696,FirstName1696,LastName1696,31696,Mumbai,1999-08-24,IT
1697,FirstName1697,LastName1697,31697,Pune,1999-08-25,HR
1698,FirstName1698,LastName1698,31698,Bangalore,1999-08-26,Finance
1699,FirstName1699,LastName1699,31699,Hyderabad,1999-08-27,Sales
1700,FirstName1700,LastName1700,31700,Chennai,1999-08-28,Marketing
1701,FirstName1701,LastName1701,31701,Delhi,1999-08-29,Support
1702,FirstName1702,LastName1702,31702,Noida,1999-08-30,Admin
1703,FirstName1703,LastName1703,31703,Gurgaon,1999-08-31,Operations
1704,FirstName1704,LastName1704,31704,Mumbai,1999-09-01,IT
1705,FirstName1705,LastName1705,31705,Pune,1999-09-02,HR
1706,FirstName1706,LastName1706,31706,Bangalore,1999-09-03,Finance
1707,FirstName1707,LastName1707,31707,Hyderabad,1999-09-04,Sales
1708,FirstName1708,LastName1708,31708,Chennai,1999-09-05,Marketing
1709,FirstName1709,LastName1709,31709,Delhi,1999-09-06,Support
1710,FirstName1710,LastName1710,31710,Noida,1999-09-07,Admin
1711,FirstName1711,LastName1711,31711,Gurgaon,1999-09-08,Operations
1712,FirstName1712,LastName1712,31712,Mumbai,1999-09-09,IT
1713,FirstName1713,LastName1713,31713,Pune,1999-09-10,HR
1714,FirstName1714,LastName1714,31714,Bangalore,1999-09-11,Finance
1715,FirstName1715,LastName1715,31715,Hyderabad,1999-09-12,Sales
1716,FirstName1716,LastName1716,31716,Chennai,1999-09-13,Marketing
1717,FirstName1717,LastName1717,31717,Delhi,1999-09-14,Support
1718,FirstName1718,LastName1718,31718,Noida,1999-09-15,Admin
1719,FirstName1719,LastName1719,31719,Gurgaon,1999-09-16,Operations
1720,FirstName1720,LastName1720,31720,Mumbai,1999-09-17,IT
1721,FirstName1721,LastName1721,31721,Pune,1999-09-18,HR
1722,FirstName1722,LastName1722,31722,Bangalore,1999-09-19,Finance
1723,FirstName1723,LastName1723,31723,Hyderabad,1999-09-20,Sales
1724,FirstName1724,LastName1724,31724,Chennai,1999-09-21,Marketing
1725,FirstName1725,LastName1725,31725,Delhi,1999-09-22,Support
1726,FirstName1726,LastName1726,31726,Noida,1999-09-23,Admin
1727,FirstName1727,LastName1727,31727,Gurgaon,1999-09-24,Operations
1728,FirstName1728,LastName1728,31728,Mumbai,1999-09-25,IT
1729,FirstName1729,LastName1729,31729,Pune,1999-09-26,HR
1730,FirstName1730,LastName1730,31730,Bangalore,1999-09-27,Finance
1731,FirstName1731,LastName1731,31731,Hyderabad,1999-09-28,Sales
1732,FirstName1732,LastName1732,31732,Chennai,1999-09-29,Marketing
1733,FirstName1733,LastName1733,31733,Delhi,1999-09-30,Support
1734,FirstName1734,LastName1734,31734,Noida,1999-10-01,Admin
1735,FirstName1735,LastName1735,31735,Gurgaon,1999-10-02,Operations
1736,FirstName1736,LastName1736,31736,Mumbai,1999-10-03,IT
1737,FirstName1737,LastName1737,31737,Pune,1999-10-04,HR
1738,FirstName1738,LastName1738,31738,Bangalore,1999-10-05,Finance
1739,FirstName1739,LastName1739,31739,Hyderabad,1999-10-06,Sales
1740,FirstName1740,LastName1740,31740,Chennai,1999-10-07,Marketing
1741,FirstName1741,LastName1741,31741,Delhi,1999-10-08,Support
1742,FirstName1742,LastName1742,31742,Noida,1999-10-09,Admin
1743,FirstName1743,LastName1743,31743,Gurgaon,1999-10-10,Operations
1744,FirstName1744,LastName1744,31744,Mumbai,1999-10-11,IT
1745,FirstName1745,LastName1745,31745,Pune,1999-10-12,HR
1746,FirstName1746,LastName1746,31746,Bangalore,1999-10-13,Finance
1747,FirstName1747,LastName1747,31747,Hyderabad,1999-10-14,Sales
1748,FirstName1748,LastName1748,31748,Chennai,1999-10-15,Marketing
1749,FirstName1749,LastName1749,31749,Delhi,1999-10-16,Support
1750,FirstName1750,LastName1750,31750,Noida,1999-10-17,Admin
1751,FirstName1751,LastName1751,31751,Gurgaon,1999-10-18,Operations
1752,FirstName1752,LastName1752,31752,Mumbai,1999-10-19,IT
1753,FirstName1753,LastName1753,31753,Pune,1999-10-20,HR
1754,FirstName1754,LastName1754,31754,Bangalore,1999-10-21,Finance
1755,FirstName1755,LastName1755,31755,Hyderabad,1999-10-22,Sales
1756,FirstName1756,LastName1756,31756,Chennai,1999-10-23,Marketing
1757,FirstName1757,LastName1757,31757,Delhi,1999-10-24,Support
1758,FirstName1758,LastName1758,31758,Noida,1999-10-25,Admin
1759,FirstName1759,LastName1759,31759,Gurgaon,1999-10-26,Operations
1760,FirstName1760,LastName1760,31760,Mumbai,1999-10-27,IT
1761,FirstName1761,LastName1761,31761,Pune,1999-10-28,HR
1762,FirstName1762,LastName1762,31762,Bangalore,1999-10-29,Finance
1763,FirstName1763,LastName1763,31763,Hyderabad,1999-10-30,Sales
1764,FirstName1764,LastName1764,31764,Chennai,1999-10-31,Marketing
1765,FirstName1765,LastName1765,31765,Delhi,1999-11-01,Support
1766,FirstName1766,LastName1766,31766,Noida,1999-11-02,Admin
1767,FirstName1767,LastName1767,31767,Gurgaon,1999-11-03,Operations
1768,FirstName1768,LastName1768,31768,Mumbai,1999-11-04,IT
1769,FirstName1769,LastName1769,31769,Pune,1999-11-05,HR
1770,FirstName1770,LastName1770,31770,Bangalore,1999-11-06,Finance
1771,FirstName1771,LastName1771,31771,Hyderabad,1999-11-07,Sales
1772,FirstName1772,LastName1772,31772,Chennai,1999-11-08,Marketing
1773,FirstName1773,LastName1773,31773,Delhi,1999-11-09,Support
1774,FirstName1774,LastName1774,31774,Noida,1999-11-10,Admin
1775,FirstName1775,LastName1775,31775,Gurgaon,1999-11-11,Operations
1776,FirstName1776,LastName1776,31776,Mumbai,1999-11-12,IT
1777,FirstName1777,LastName1777,31777,Pune,1999-11-13,HR
1778,FirstName1778,LastName1778,31778,Bangalore,1999-11-14,Finance
1779,FirstName1779,LastName1779,31779,Hyderabad,1999-11-15,Sales
1780,FirstName1780,LastName1780,31780,Chennai,1999-11-16,Marketing
1781,FirstName1781,LastName1781,31781,Delhi,1999-11-17,Support
1782,FirstName1782,LastName1782,31782,Noida,1999-11-18,Admin
1783,FirstName1783,LastName1783,31783,Gurgaon,1999-11-19,Operations
1784,FirstName1784,LastName1784,31784,Mumbai,1999-11-20,IT
1785,FirstName1785,LastName1785,31785,Pune,1999-11-21,HR
1786,FirstName1786,LastName1786,31786,Bangalore,1999-11-22,Finance
1787,FirstName1787,LastName1787,31787,Hyderabad,1999-11-23,Sales
1788,FirstName1788,LastName1788,31788,Chennai,1999-11-24,Marketing
1789,FirstName1789,LastName1789,31789,Delhi,1999-11-25,Support
1790,FirstName1790,LastName1790,31790,Noida,1999-11-26,Admin
1791,FirstName1791,LastName1791,31791,Gurgaon,1999-11-27,Operations
1792,FirstName1792,LastName1792,31792,Mumbai,1999-11-28,IT
1793,FirstName1793,LastName1793,31793,Pune,1999-11-29,HR
1794,FirstName1794,LastName1794,31794,Bangalore,1999-11-30,Finance
1795,FirstName1795,LastName1795,31795,Hyderabad,1999-12-01,Sales
1796,FirstName1796,LastName1796,31796,Chennai,1999-12-02,Marketing
1797,FirstName1797,LastName1797,31797,Delhi,1999-12-03,Support
1798,FirstName1798,LastName1798,31798,Noida,1999-12-04,Admin
1799,FirstName1799,LastName1799,31799,Gurgaon,1999-12-05,Operations
1800,FirstName1800,LastName1800,31800,Mumbai,1999-12-06,IT
1801,FirstName1801,LastName1801,31801,Pune,1999-12-07,HR
1802,FirstName1802,LastName1802,31802,Bangalore,1999-12-08,Finance
1803,FirstName1803,LastName1803,31803,Hyderabad,1999-12-09,Sales
1804,FirstName1804,LastName1804,31804,Chennai,1999-12-10,Marketing
1805,FirstName1805,LastName1805,31805,Delhi,1999-12-11,Support
1806,FirstName1806,LastName1806,31806,Noida,1999-12-12,Admin
1807,FirstName1807,LastName1807,31807,Gurgaon,1999-12-13,Operations
1808,FirstName1808,LastName1808,31808,Mumbai,1999-12-14,IT
1809,FirstName1809,LastName1809,31809,Pune,1999-12-15,HR
1810,FirstName1810,LastName1810,31810,Bangalore,1999-12-16,Finance
1811,FirstName1811,LastName1811,31811,Hyderabad,1999-12-17,Sales
1812,FirstName1812,LastName1812,31812,Chennai,1999-12-18,Marketing
1813,FirstName1813,LastName1813,31813,Delhi,1999-12-19,Support
1814,FirstName1814,LastName1814,31814,Noida,1999-12-20,Admin
1815,FirstName1815,LastName1815,31815,Gurgaon,1999-12-21,Operations
1816,FirstName1816,LastName1816,31816,Mumbai,1999-12-22,IT
1817,FirstName1817,LastName1817,31817,Pune,1999-12-23,HR
1818,FirstName1818,LastName1818,31818,Bangalore,1999-12-24,Finance
1819,FirstName1819,LastName1819,31819,Hyderabad,1999-12-25,Sales
1820,FirstName1820,LastName1820,31820,Chennai,1999-12-26,Marketing
1821,FirstName1821,LastName1821,31821,Delhi,1999-12-27,Support
1822,FirstName1822,LastName1822,31822,Noida,1999-12-28,Admin
1823,FirstName1823,LastName1823,31823,Gurgaon,1999-12-29,Operations
1824,FirstName1824,LastName1824,31824,Mumbai,1999-12-30,IT
1825,FirstName1825,LastName1825,31825,Pune,1999-12-31,HR
1826,FirstName1826,LastName1826,31826,Bangalore,2000-01-01,Finance
1827,FirstName1827,LastName1827,31827,Hyderabad,2000-01-02,Sales
1828,FirstName1828,LastName1828,31828,Chennai,2000-01-03,Marketing
1829,FirstName1829,LastName1829,31829,Delhi,2000-01-04,Support
1830,FirstName1830,LastName1830,31830,Noida,2000-01-05,Admin
1831,FirstName1831,LastName1831,31831,Gurgaon,2000-01-06,Operations
1832,FirstName1832,LastName1832,31832,Mumbai,2000-01-07,IT
1833,FirstName1833,LastName1833,31833,Pune,2000-01-08,HR
1834,FirstName1834,LastName1834,31834,Bangalore,2000-01-09,Finance
1835,FirstName1835,LastName1835,31835,Hyderabad,2000-01-10,Sales
1836,FirstName1836,LastName1836,31836,Chennai,2000-01-11,Marketing
1837,FirstName1837,LastName1837,31837,Delhi,2000-01-12,Support
1838,FirstName1838,LastName1838,31838,Noida,2000-01-13,Admin
1839,FirstName1839,LastName1839,31839,Gurgaon,2000-01-14,Operations
1840,FirstName1840,LastName1840,31840,Mumbai,2000-01-15,IT
1841,FirstName1841,LastName1841,31841,Pune,2000-01-16,HR
1842,FirstName1842,LastName1842,31842,Bangalore,2000-01-17,Finance
1843,FirstName1843,LastName1843,31843,Hyderabad,2000-01-18,Sales
1844,FirstName1844,LastName1844,31844,Chennai,2000-01-19,Marketing
1845,FirstName1845,LastName1845,31845,Delhi,2000-01-20,Support
1846,FirstName1846,LastName1846,31846,Noida,2000-01-21,Admin
1847,FirstName1847,LastName1847,31847,Gurgaon,2000-01-22,Operations
1848,FirstName1848,LastName1848,31848,Mumbai,2000-01-23,IT
1849,FirstName1849,LastName1849,31849,Pune,2000-01-24,HR
1850,FirstName1850,LastName1850,31850,Bangalore,2000-01-25,Finance
1851,FirstName1851,LastName1851,31851,Hyderabad,2000-01-26,Sales
1852,FirstName1852,LastName1852,31852,Chennai,2000-01-27,Marketing
1853,FirstName1853,LastName1853,31853,Delhi,2000-01-28,Support
1854,FirstName1854,LastName1854,31854,Noida,2000-01-29,Admin
1855,FirstName1855,LastName1855,31855,Gurgaon,2000-01-30,Operations
1856,FirstName1856,LastName1856,31856,Mumbai,2000-01-31,IT
1857,FirstName1857,LastName1857,31857,Pune,2000-02-01,HR
1858,FirstName1858,LastName1858,31858,Bangalore,2000-02-02,Finance
1859,FirstName1859,LastName1859,31859,Hyderabad,2000-02-03,Sales
1860,FirstName1860,LastName1860,31860,Chennai,2000-02-04,Marketing
1861,FirstName1861,LastName1861,31861,Delhi,2000-02-05,Support
1862,FirstName1862,LastName1862,31862,Noida,2000-02-06,Admin
1863,FirstName1863,LastName1863,31863,Gurgaon,2000-02-07,Operations
1864,FirstName1864,LastName1864,31864,Mumbai,2000-02-08,IT
1865,FirstName1865,LastName1865,31865,Pune,2000-02-09,HR
1866,FirstName1866,LastName1866,31866,Bangalore,2000-02-10,Finance
1867,FirstName1867,LastName1867,31867,Hyderabad,2000-02-11,Sales
1868,FirstName1868,LastName1868,31868,Chennai,2000-02-12,Marketing
1869,FirstName1869,LastName1869,31869,Delhi,2000-02-13,Support
1870,FirstName1870,LastName1870,31870,Noida,2000-02-14,Admin
1871,FirstName1871,LastName1871,31871,Gurgaon,2000-02-15,Operations
1872,FirstName1872,LastName1872,31872,Mumbai,2000-02-16,IT
1873,FirstName1873,LastName1873,31873,Pune,2000-02-17,HR
1874,FirstName1874,LastName1874,31874,Bangalore,2000-02-18,Finance
1875,FirstName1875,LastName1875,31875,Hyderabad,2000-02-19,Sales
1876,FirstName1876,LastName1876,31876,Chennai,2000-02-20,Marketing
1877,FirstName1877,LastName1877,31877,Delhi,2000-02-21,Support
1878,FirstName1878,LastName1878,31878,Noida,2000-02-22,Admin
1879,FirstName1879,LastName1879,31879,Gurgaon,2000-02-23,Operations
1880,FirstName1880,LastName1880,31880,Mumbai,2000-02-24,IT
1881,FirstName1881,LastName1881,31881,Pune,2000-02-25,HR
1882,FirstName1882,LastName1882,31882,Bangalore,2000-02-26,Finance
1883,FirstName1883,LastName1883,31883,Hyderabad,2000-02-27,Sales
1884,FirstName1884,LastName1884,31884,Chennai,2000-02-28,Marketing
1885,FirstName1885,LastName1885,31885,Delhi,2000-02-29,Support
1886,FirstName1886,LastName1886,31886,Noida,2000-03-01,Admin
1887,FirstName1887,LastName1887,31887,Gurgaon,2000-03-02,Operations
1888,FirstName1888,LastName1888,31888,Mumbai,2000-03-03,IT
1889,FirstName1889,LastName1889,31889,Pune,2000-03-04,HR
1890,FirstName1890,LastName1890,31890,Bangalore,2000-03-05,Finance
1891,FirstName1891,LastName1891,31891,Hyderabad,2000-03-06,Sales
1892,FirstName1892,LastName1892,31892,Chennai,2000-03-07,Marketing
1893,FirstName1893,LastName1893,31893,Delhi,2000-03-08,Support
1894,FirstName1894,LastName1894,31894,Noida,2000-03-09,Admin
1895,FirstName1895,LastName1895,31895,Gurgaon,2000-03-10,Operations
1896,FirstName1896,LastName1896,31896,Mumbai,2000-03-11,IT
1897,FirstName1897,LastName1897,31897,Pune,2000-03-12,HR
1898,FirstName1898,LastName1898,31898,Bangalore,2000-03-13,Finance
1899,FirstName1899,LastName1899,31899,Hyderabad,2000-03-14,Sales
1900,FirstName1900,LastName1900,31900,Chennai,2000-03-15,Marketing
1901,FirstName1901,LastName1901,31901,Delhi,2000-03-16,Support
1902,FirstName1902,LastName1902,31902,Noida,2000-03-17,Admin
1903,FirstName1903,LastName1903,31903,Gurgaon,2000-03-18,Operations
1904,FirstName1904,LastName1904,31904,Mumbai,2000-03-19,IT
1905,FirstName1905,LastName1905,31905,Pune,2000-03-20,HR
1906,FirstName1906,LastName1906,31906,Bangalore,2000-03-21,Finance
1907,FirstName1907,LastName1907,31907,Hyderabad,2000-03-22,Sales
1908,FirstName1908,LastName1908,31908,Chennai,2000-03-23,Marketing
1909,FirstName1909,LastName1909,31909,Delhi,2000-03-24,Support
1910,FirstName1910,LastName1910,31910,Noida,2000-03-25,Admin
1911,FirstName1911,LastName1911,31911,Gurgaon,2000-03-26,Operations
1912,FirstName1912,LastName1912,31912,Mumbai,2000-03-27,IT
1913,FirstName1913,LastName1913,31913,Pune,2000-03-28,HR
1914,FirstName1914,LastName1914,31914,Bangalore,2000-03-29,Finance
1915,FirstName1915,LastName1915,31915,Hyderabad,2000-03-30,Sales
1916,FirstName1916,LastName1916,31916,Chennai,2000-03-31,Marketing
1917,FirstName1917,LastName1917,31917,Delhi,2000-04-01,Support
1918,FirstName1918,LastName1918,31918,Noida,2000-04-02,Admin
1919,FirstName1919,LastName1919,31919,Gurgaon,2000-04-03,Operations
1920,FirstName1920,LastName1920,31920,Mumbai,2000-04-04,IT
1921,FirstName1921,LastName1921,31921,Pune,2000-04-05,HR
1922,FirstName1922,LastName1922,31922,Bangalore,2000-04-06,Finance
1923,FirstName1923,LastName1923,31923,Hyderabad,2000-04-07,Sales
1924,FirstName1924,LastName1924,31924,Chennai,2000-04-08,Marketing
1925,FirstName1925,LastName1925,31925,Delhi,2000-04-09,Support
1926,FirstName1926,LastName1926,31926,Noida,2000-04-10,Admin
1927,FirstName1927,LastName1927,31927,Gurgaon,2000-04-11,Operations
1928,FirstName1928,LastName1928,31928,Mumbai,2000-04-12,IT
1929,FirstName1929,LastName1929,31929,Pune,2000-04-13,HR
1930,FirstName1930,LastName1930,31930,Bangalore,2000-04-14,Finance
1931,FirstName1931,LastName1931,31931,Hyderabad,2000-04-15,Sales
1932,FirstName1932,LastName1932,31932,Chennai,2000-04-16,Marketing
1933,FirstName1933,LastName1933,31933,Delhi,2000-04-17,Support
1934,FirstName1934,LastName1934,31934,Noida,2000-04-18,Admin
1935,FirstName1935,LastName1935,31935,Gurgaon,2000-04-19,Operations
1936,FirstName1936,LastName1936,31936,Mumbai,2000-04-20,IT
1937,FirstName1937,LastName1937,31937,Pune,2000-04-21,HR
1938,FirstName1938,LastName1938,31938,Bangalore,2000-04-22,Finance
1939,FirstName1939,LastName1939,31939,Hyderabad,2000-04-23,Sales
1940,FirstName1940,LastName1940,31940,Chennai,2000-04-24,Marketing
1941,FirstName1941,LastName1941,31941,Delhi,2000-04-25,Support
1942,FirstName1942,LastName1942,31942,Noida,2000-04-26,Admin
1943,FirstName1943,LastName1943,31943,Gurgaon,2000-04-27,Operations
1944,FirstName1944,LastName1944,31944,Mumbai,2000-04-28,IT
1945,FirstName1945,LastName1945,31945,Pune,2000-04-29,HR
1946,FirstName1946,LastName1946,31946,Bangalore,2000-04-30,Finance
1947,FirstName1947,LastName1947,31947,Hyderabad,2000-05-01,Sales
1948,FirstName1948,LastName1948,31948,Chennai,2000-05-02,Marketing
1949,FirstName1949,LastName1949,31949,Delhi,2000-05-03,Support
1950,FirstName1950,LastName1950,31950,Noida,2000-05-04,Admin
1951,FirstName1951,LastName1951,31951,Gurgaon,2000-05-05,Operations
1952,FirstName1952,LastName1952,31952,Mumbai,2000-05-06,IT
1953,FirstName1953,LastName1953,31953,Pune,2000-05-07,HR
1954,FirstName1954,LastName1954,31954,Bangalore,2000-05-08,Finance
1955,FirstName1955,LastName1955,31955,Hyderabad,2000-05-09,Sales
1956,FirstName1956,LastName1956,31956,Chennai,2000-05-10,Marketing
1957,FirstName1957,LastName1957,31957,Delhi,2000-05-11,Support
1958,FirstName1958,LastName1958,31958,Noida,2000-05-12,Admin
1959,FirstName1959,LastName1959,31959,Gurgaon,2000-05-13,Operations
1960,FirstName1960,LastName1960,31960,Mumbai,2000-05-14,IT
1961,FirstName1961,LastName1961,31961,Pune,2000-05-15,HR
1962,FirstName1962,LastName1962,31962,Bangalore,2000-05-16,Finance
1963,FirstName1963,LastName1963,31963,Hyderabad,2000-05-17,Sales
1964,FirstName1964,LastName1964,31964,Chennai,2000-05-18,Marketing
1965,FirstName1965,LastName1965,31965,Delhi,2000-05-19,Support
1966,FirstName1966,LastName1966,31966,Noida,2000-05-20,Admin
1967,FirstName1967,LastName1967,31967,Gurgaon,2000-05-21,Operations
1968,FirstName1968,LastName1968,31968,Mumbai,2000-05-22,IT
1969,FirstName1969,LastName1969,31969,Pune,2000-05-23,HR
1970,FirstName1970,LastName1970,31970,Bangalore,2000-05-24,Finance
1971,FirstName1971,LastName1971,31971,Hyderabad,2000-05-25,Sales
1972,FirstName1972,LastName1972,31972,Chennai,2000-05-26,Marketing
1973,FirstName1973,LastName1973,31973,Delhi,2000-05-27,Support
1974,FirstName1974,LastName1974,31974,Noida,2000-05-28,Admin
1975,FirstName1975,LastName1975,31975,Gurgaon,2000-05-29,Operations
1976,FirstName1976,LastName1976,31976,Mumbai,2000-05-30,IT
1977,FirstName1977,LastName1977,31977,Pune,2000-05-31,HR
1978,FirstName1978,LastName1978,31978,Bangalore,2000-06-01,Finance
1979,FirstName1979,LastName1979,31979,Hyderabad,2000-06-02,Sales
1980,FirstName1980,LastName1980,31980,Chennai,2000-06-03,Marketing
1981,FirstName1981,LastName1981,31981,Delhi,2000-06-04,Support
1982,FirstName1982,LastName1982,31982,Noida,2000-06-05,Admin
1983,FirstName1983,LastName1983,31983,Gurgaon,2000-06-06,Operations
1984,FirstName1984,LastName1984,31984,Mumbai,2000-06-07,IT
1985,FirstName1985,LastName1985,31985,Pune,2000-06-08,HR
1986,FirstName1986,LastName1986,31986,Bangalore,2000-06-09,Finance
1987,FirstName1987,LastName1987,31987,Hyderabad,2000-06-10,Sales
1988,FirstName1988,LastName1988,31988,Chennai,2000-06-11,Marketing
1989,FirstName1989,LastName1989,31989,Delhi,2000-06-12,Support
1990,FirstName1990,LastName1990,31990,Noida,2000-06-13,Admin
1991,FirstName1991,LastName1991,31991,Gurgaon,2000-06-14,Operations
1992,FirstName1992,LastName1992,31992,Mumbai,2000-06-15,IT
1993,FirstName1993,LastName1993,31993,Pune,2000-06-16,HR
1994,FirstName1994,LastName1994,31994,Bangalore,2000-06-17,Finance
1995,FirstName1995,LastName1995,31995,Hyderabad,2000-06-18,Sales
1996,FirstName1996,LastName1996,31996,Chennai,2000-06-19,Marketing
1997,FirstName1997,LastName1997,31997,Delhi,2000-06-20,Support
1998,FirstName1998,LastName1998,31998,Noida,2000-06-21,Admin
1999,FirstName1999,LastName1999,31999,Gurgaon,2000-06-22,Operations
2000,FirstName2000,LastName2000,32000,Mumbai,2000-06-23,IT
2001,FirstName2001,LastName2001,32001,Pune,2000-06-24,HR
2002,FirstName2002,LastName2002,32002,Bangalore,2000-06-25,Finance
2003,FirstName2003,LastName2003,32003,Hyderabad,2000-06-26,Sales
2004,FirstName2004,LastName2004,32004,Chennai,2000-06-27,Marketing
2005,FirstName2005,LastName2005,32005,Delhi,2000-06-28,Support
2006,FirstName2006,LastName2006,32006,Noida,2000-06-29,Admin
2007,FirstName2007,LastName2007,32007,Gurgaon,2000-06-30,Operations
2008,FirstName2008,LastName2008,32008,Mumbai,2000-07-01,IT
2009,FirstName2009,LastName2009,32009,Pune,2000-07-02,HR
2010,FirstName2010,LastName2010,32010,Bangalore,2000-07-03,Finance
2011,FirstName2011,LastName2011,32011,Hyderabad,2000-07-04,Sales
2012,FirstName2012,LastName2012,32012,Chennai,2000-07-05,Marketing
2013,FirstName2013,LastName2013,32013,Delhi,2000-07-06,Support
2014,FirstName2014,LastName2014,32014,Noida,2000-07-07,Admin
2015,FirstName2015,LastName2015,32015,Gurgaon,2000-07-08,Operations
2016,FirstName2016,LastName2016,32016,Mumbai,2000-07-09,IT
2017,FirstName2017,LastName2017,32017,Pune,2000-07-10,HR
2018,FirstName2018,LastName2018,32018,Bangalore,2000-07-11,Finance
2019,FirstName2019,LastName2019,32019,Hyderabad,2000-07-12,Sales
2020,FirstName2020,LastName2020,32020,Chennai,2000-07-13,Marketing
2021,FirstName2021,LastName2021,32021,Delhi,2000-07-14,Support
2022,FirstName2022,LastName2022,32022,Noida,2000-07-15,Admin
2023,FirstName2023,LastName2023,32023,Gurgaon,2000-07-16,Operations
2024,FirstName2024,LastName2024,32024,Mumbai,2000-07-17,IT
2025,FirstName2025,LastName2025,32025,Pune,2000-07-18,HR
2026,FirstName2026,LastName2026,32026,Bangalore,2000-07-19,Finance
2027,FirstName2027,LastName2027,32027,Hyderabad,2000-07-20,Sales
2028,FirstName2028,LastName2028,32028,Chennai,2000-07-21,Marketing
2029,FirstName2029,LastName2029,32029,Delhi,2000-07-22,Support
2030,FirstName2030,LastName2030,32030,Noida,2000-07-23,Admin
2031,FirstName2031,LastName2031,32031,Gurgaon,2000-07-24,Operations
2032,FirstName2032,LastName2032,32032,Mumbai,2000-07-25,IT
2033,FirstName2033,LastName2033,32033,Pune,2000-07-26,HR
2034,FirstName2034,LastName2034,32034,Bangalore,2000-07-27,Finance
2035,FirstName2035,LastName2035,32035,Hyderabad,2000-07-28,Sales
2036,FirstName2036,LastName2036,32036,Chennai,2000-07-29,Marketing
2037,FirstName2037,LastName2037,32037,Delhi,2000-07-30,Support
2038,FirstName2038,LastName2038,32038,Noida,2000-07-31,Admin
2039,FirstName2039,LastName2039,32039,Gurgaon,2000-08-01,Operations
2040,FirstName2040,LastName2040,32040,Mumbai,2000-08-02,IT
2041,FirstName2041,LastName2041,32041,Pune,2000-08-03,HR
2042,FirstName2042,LastName2042,32042,Bangalore,2000-08-04,Finance
2043,FirstName2043,LastName2043,32043,Hyderabad,2000-08-05,Sales
2044,FirstName2044,LastName2044,32044,Chennai,2000-08-06,Marketing
2045,FirstName2045,LastName2045,32045,Delhi,2000-08-07,Support
2046,FirstName2046,LastName2046,32046,Noida,2000-08-08,Admin
2047,FirstName2047,LastName2047,32047,Gurgaon,2000-08-09,Operations
2048,FirstName2048,LastName2048,32048,Mumbai,2000-08-10,IT
2049,FirstName2049,LastName2049,32049,Pune,2000-08-11,HR
2050,FirstName2050,LastName2050,32050,Bangalore,2000-08-12,Finance
2051,FirstName2051,LastName2051,32051,Hyderabad,2000-08-13,Sales
2052,FirstName2052,LastName2052,32052,Chennai,2000-08-14,Marketing
2053,FirstName2053,LastName2053,32053,Delhi,2000-08-15,Support
2054,FirstName2054,LastName2054,32054,Noida,2000-08-16,Admin
2055,FirstName2055,LastName2055,32055,Gurgaon,2000-08-17,Operations
2056,FirstName2056,LastName2056,32056,Mumbai,2000-08-18,IT
2057,FirstName2057,LastName2057,32057,Pune,2000-08-19,HR
2058,FirstName2058,LastName2058,32058,Bangalore,2000-08-20,Finance
2059,FirstName2059,LastName2059,32059,Hyderabad,2000-08-21,Sales
2060,FirstName2060,LastName2060,32060,Chennai,2000-08-22,Marketing
2061,FirstName2061,LastName2061,32061,Delhi,2000-08-23,Support
2062,FirstName2062,LastName2062,32062,Noida,2000-08-24,Admin
2063,FirstName2063,LastName2063,32063,Gurgaon,2000-08-25,Operations
2064,FirstName2064,LastName2064,32064,Mumbai,2000-08-26,IT
2065,FirstName2065,LastName2065,32065,Pune,2000-08-27,HR
2066,FirstName2066,LastName2066,32066,Bangalore,2000-08-28,Finance
2067,FirstName2067,LastName2067,32067,Hyderabad,2000-08-29,Sales
2068,FirstName2068,LastName2068,32068,Chennai,2000-08-30,Marketing
2069,FirstName2069,LastName2069,32069,Delhi,2000-08-31,Support
2070,FirstName2070,LastName2070,32070,Noida,2000-09-01,Admin
2071,FirstName2071,LastName2071,32071,Gurgaon,2000-09-02,Operations
2072,FirstName2072,LastName2072,32072,Mumbai,2000-09-03,IT
2073,FirstName2073,LastName2073,32073,Pune,2000-09-04,HR
2074,FirstName2074,LastName2074,32074,Bangalore,2000-09-05,Finance
2075,FirstName2075,LastName2075,32075,Hyderabad,2000-09-06,Sales
2076,FirstName2076,LastName2076,32076,Chennai,2000-09-07,Marketing
2077,FirstName2077,LastName2077,32077,Delhi,2000-09-08,Support
2078,FirstName2078,LastName2078,32078,Noida,2000-09-09,Admin
2079,FirstName2079,LastName2079,32079,Gurgaon,2000-09-10,Operations
2080,FirstName2080,LastName2080,32080,Mumbai,2000-09-11,IT
2081,FirstName2081,LastName2081,32081,Pune,2000-09-12,HR
2082,FirstName2082,LastName2082,32082,Bangalore,2000-09-13,Finance
2083,FirstName2083,LastName2083,32083,Hyderabad,2000-09-14,Sales
2084,FirstName2084,LastName2084,32084,Chennai,2000-09-15,Marketing
2085,FirstName2085,LastName2085,32085,Delhi,2000-09-16,Support
2086,FirstName2086,LastName2086,32086,Noida,2000-09-17,Admin
2087,FirstName2087,LastName2087,32087,Gurgaon,2000-09-18,Operations
2088,FirstName2088,LastName2088,32088,Mumbai,2000-09-19,IT
2089,FirstName2089,LastName2089,32089,Pune,2000-09-20,HR
2090,FirstName2090,LastName2090,32090,Bangalore,2000-09-21,Finance
2091,FirstName2091,LastName2091,32091,Hyderabad,2000-09-22,Sales
2092,FirstName2092,LastName2092,32092,Chennai,2000-09-23,Marketing
2093,FirstName2093,LastName2093,32093,Delhi,2000-09-24,Support
2094,FirstName2094,LastName2094,32094,Noida,2000-09-25,Admin
2095,FirstName2095,LastName2095,32095,Gurgaon,2000-09-26,Operations
2096,FirstName2096,LastName2096,32096,Mumbai,2000-09-27,IT
2097,FirstName2097,LastName2097,32097,Pune,2000-09-28,HR
2098,FirstName2098,LastName2098,32098,Bangalore,2000-09-29,Finance
2099,FirstName2099,LastName2099,32099,Hyderabad,2000-09-30,Sales
2100,FirstName2100,LastName2100,32100,Chennai,2000-10-01,Marketing
2101,FirstName2101,LastName2101,32101,Delhi,2000-10-02,Support
2102,FirstName2102,LastName2102,32102,Noida,2000-10-03,Admin
2103,FirstName2103,LastName2103,32103,Gurgaon,2000-10-04,Operations
2104,FirstName2104,LastName2104,32104,Mumbai,2000-10-05,IT
2105,FirstName2105,LastName2105,32105,Pune,2000-10-06,HR
2106,FirstName2106,LastName2106,32106,Bangalore,2000-10-07,Finance
2107,FirstName2107,LastName2107,32107,Hyderabad,2000-10-08,Sales
2108,FirstName2108,LastName2108,32108,Chennai,2000-10-09,Marketing
2109,FirstName2109,LastName2109,32109,Delhi,2000-10-10,Support
2110,FirstName2110,LastName2110,32110,Noida,2000-10-11,Admin
2111,FirstName2111,LastName2111,32111,Gurgaon,2000-10-12,Operations
2112,FirstName2112,LastName2112,32112,Mumbai,2000-10-13,IT
2113,FirstName2113,LastName2113,32113,Pune,2000-10-14,HR
2114,FirstName2114,LastName2114,32114,Bangalore,2000-10-15,Finance
2115,FirstName2115,LastName2115,32115,Hyderabad,2000-10-16,Sales
2116,FirstName2116,LastName2116,32116,Chennai,2000-10-17,Marketing
2117,FirstName2117,LastName2117,32117,Delhi,2000-10-18,Support
2118,FirstName2118,LastName2118,32118,Noida,2000-10-19,Admin
2119,FirstName2119,LastName2119,32119,Gurgaon,2000-10-20,Operations
2120,FirstName2120,LastName2120,32120,Mumbai,2000-10-21,IT
2121,FirstName2121,LastName2121,32121,Pune,2000-10-22,HR
2122,FirstName2122,LastName2122,32122,Bangalore,2000-10-23,Finance
2123,FirstName2123,LastName2123,32123,Hyderabad,2000-10-24,Sales
2124,FirstName2124,LastName2124,32124,Chennai,2000-10-25,Marketing
2125,FirstName2125,LastName2125,32125,Delhi,2000-10-26,Support
2126,FirstName2126,LastName2126,32126,Noida,2000-10-27,Admin
2127,FirstName2127,LastName2127,32127,Gurgaon,2000-10-28,Operations
2128,FirstName2128,LastName2128,32128,Mumbai,2000-10-29,IT
2129,FirstName2129,LastName2129,32129,Pune,2000-10-30,HR
2130,FirstName2130,LastName2130,32130,Bangalore,2000-10-31,Finance
2131,FirstName2131,LastName2131,32131,Hyderabad,2000-11-01,Sales
2132,FirstName2132,LastName2132,32132,Chennai,2000-11-02,Marketing
2133,FirstName2133,LastName2133,32133,Delhi,2000-11-03,Support
2134,FirstName2134,LastName2134,32134,Noida,2000-11-04,Admin
2135,FirstName2135,LastName2135,32135,Gurgaon,2000-11-05,Operations
2136,FirstName2136,LastName2136,32136,Mumbai,2000-11-06,IT
2137,FirstName2137,LastName2137,32137,Pune,2000-11-07,HR
2138,FirstName2138,LastName2138,32138,Bangalore,2000-11-08,Finance
2139,FirstName2139,LastName2139,32139,Hyderabad,2000-11-09,Sales
2140,FirstName2140,LastName2140,32140,Chennai,2000-11-10,Marketing
2141,FirstName2141,LastName2141,32141,Delhi,2000-11-11,Support
2142,FirstName2142,LastName2142,32142,Noida,2000-11-12,Admin
2143,FirstName2143,LastName2143,32143,Gurgaon,2000-11-13,Operations
2144,FirstName2144,LastName2144,32144,Mumbai,2000-11-14,IT
2145,FirstName2145,LastName2145,32145,Pune,2000-11-15,HR
2146,FirstName2146,LastName2146,32146,Bangalore,2000-11-16,Finance
2147,FirstName2147,LastName2147,32147,Hyderabad,2000-11-17,Sales
2148,FirstName2148,LastName2148,32148,Chennai,2000-11-18,Marketing
2149,FirstName2149,LastName2149,32149,Delhi,2000-11-19,Support
2150,FirstName2150,LastName2150,32150,Noida,2000-11-20,Admin
2151,FirstName2151,LastName2151,32151,Gurgaon,2000-11-21,Operations
2152,FirstName2152,LastName2152,32152,Mumbai,2000-11-22,IT
2153,FirstName2153,LastName2153,32153,Pune,2000-11-23,HR
2154,FirstName2154,LastName2154,32154,Bangalore,2000-11-24,Finance
2155,FirstName2155,LastName2155,32155,Hyderabad,2000-11-25,Sales
2156,FirstName2156,LastName2156,32156,Chennai,2000-11-26,Marketing
2157,FirstName2157,LastName2157,32157,Delhi,2000-11-27,Support
2158,FirstName2158,LastName2158,32158,Noida,2000-11-28,Admin
2159,FirstName2159,LastName2159,32159,Gurgaon,2000-11-29,Operations
2160,FirstName2160,LastName2160,32160,Mumbai,2000-11-30,IT
2161,FirstName2161,LastName2161,32161,Pune,2000-12-01,HR
2162,FirstName2162,LastName2162,32162,Bangalore,2000-12-02,Finance
2163,FirstName2163,LastName2163,32163,Hyderabad,2000-12-03,Sales
2164,FirstName2164,LastName2164,32164,Chennai,2000-12-04,Marketing
2165,FirstName2165,LastName2165,32165,Delhi,2000-12-05,Support
2166,FirstName2166,LastName2166,32166,Noida,2000-12-06,Admin
2167,FirstName2167,LastName2167,32167,Gurgaon,2000-12-07,Operations
2168,FirstName2168,LastName2168,32168,Mumbai,2000-12-08,IT
2169,FirstName2169,LastName2169,32169,Pune,2000-12-09,HR
2170,FirstName2170,LastName2170,32170,Bangalore,2000-12-10,Finance
2171,FirstName2171,LastName2171,32171,Hyderabad,2000-12-11,Sales
2172,FirstName2172,LastName2172,32172,Chennai,2000-12-12,Marketing
2173,FirstName2173,LastName2173,32173,Delhi,2000-12-13,Support
2174,FirstName2174,LastName2174,32174,Noida,2000-12-14,Admin
2175,FirstName2175,LastName2175,32175,Gurgaon,2000-12-15,Operations
2176,FirstName2176,LastName2176,32176,Mumbai,2000-12-16,IT
2177,FirstName2177,LastName2177,32177,Pune,2000-12-17,HR
2178,FirstName2178,LastName2178,32178,Bangalore,2000-12-18,Finance
2179,FirstName2179,LastName2179,32179,Hyderabad,2000-12-19,Sales
2180,FirstName2180,LastName2180,32180,Chennai,2000-12-20,Marketing
2181,FirstName2181,LastName2181,32181,Delhi,2000-12-21,Support
2182,FirstName2182,LastName2182,32182,Noida,2000-12-22,Admin
2183,FirstName2183,LastName2183,32183,Gurgaon,2000-12-23,Operations
2184,FirstName2184,LastName2184,32184,Mumbai,2000-12-24,IT
2185,FirstName2185,LastName2185,32185,Pune,2000-12-25,HR
2186,FirstName2186,LastName2186,32186,Bangalore,2000-12-26,Finance
2187,FirstName2187,LastName2187,32187,Hyderabad,2000-12-27,Sales
2188,FirstName2188,LastName2188,32188,Chennai,2000-12-28,Marketing
2189,FirstName2189,LastName2189,32189,Delhi,2000-12-29,Support
2190,FirstName2190,LastName2190,32190,Noida,2000-12-30,Admin
2191,FirstName2191,LastName2191,32191,Gurgaon,2000-12-31,Operations
2192,FirstName2192,LastName2192,32192,Mumbai,2001-01-01,IT
2193,FirstName2193,LastName2193,32193,Pune,2001-01-02,HR
2194,FirstName2194,LastName2194,32194,Bangalore,2001-01-03,Finance
2195,FirstName2195,LastName2195,32195,Hyderabad,2001-01-04,Sales
2196,FirstName2196,LastName2196,32196,Chennai,2001-01-05,Marketing
2197,FirstName2197,LastName2197,32197,Delhi,2001-01-06,Support
2198,FirstName2198,LastName2198,32198,Noida,2001-01-07,Admin
2199,FirstName2199,LastName2199,32199,Gurgaon,2001-01-08,Operations
2200,FirstName2200,LastName2200,32200,Mumbai,2001-01-09,IT
2201,FirstName2201,LastName2201,32201,Pune,2001-01-10,HR
2202,FirstName2202,LastName2202,32202,Bangalore,2001-01-11,Finance
2203,FirstName2203,LastName2203,32203,Hyderabad,2001-01-12,Sales
2204,FirstName2204,LastName2204,32204,Chennai,2001-01-13,Marketing
2205,FirstName2205,LastName2205,32205,Delhi,2001-01-14,Support
2206,FirstName2206,LastName2206,32206,Noida,2001-01-15,Admin
2207,FirstName2207,LastName2207,32207,Gurgaon,2001-01-16,Operations
2208,FirstName2208,LastName2208,32208,Mumbai,2001-01-17,IT
2209,FirstName2209,LastName2209,32209,Pune,2001-01-18,HR
2210,FirstName2210,LastName2210,32210,Bangalore,2001-01-19,Finance
2211,FirstName2211,LastName2211,32211,Hyderabad,2001-01-20,Sales
2212,FirstName2212,LastName2212,32212,Chennai,2001-01-21,Marketing
2213,FirstName2213,LastName2213,32213,Delhi,2001-01-22,Support
2214,FirstName2214,LastName2214,32214,Noida,2001-01-23,Admin
2215,FirstName2215,LastName2215,32215,Gurgaon,2001-01-24,Operations
2216,FirstName2216,LastName2216,32216,Mumbai,2001-01-25,IT
2217,FirstName2217,LastName2217,32217,Pune,2001-01-26,HR
2218,FirstName2218,LastName2218,32218,Bangalore,2001-01-27,Finance
2219,FirstName2219,LastName2219,32219,Hyderabad,2001-01-28,Sales
2220,FirstName2220,LastName2220,32220,Chennai,2001-01-29,Marketing
2221,FirstName2221,LastName2221,32221,Delhi,2001-01-30,Support
2222,FirstName2222,LastName2222,32222,Noida,2001-01-31,Admin
2223,FirstName2223,LastName2223,32223,Gurgaon,2001-02-01,Operations
2224,FirstName2224,LastName2224,32224,Mumbai,2001-02-02,IT
2225,FirstName2225,LastName2225,32225,Pune,2001-02-03,HR
2226,FirstName2226,LastName2226,32226,Bangalore,2001-02-04,Finance
2227,FirstName2227,LastName2227,32227,Hyderabad,2001-02-05,Sales
2228,FirstName2228,LastName2228,32228,Chennai,2001-02-06,Marketing
2229,FirstName2229,LastName2229,32229,Delhi,2001-02-07,Support
2230,FirstName2230,LastName2230,32230,Noida,2001-02-08,Admin
2231,FirstName2231,LastName2231,32231,Gurgaon,2001-02-09,Operations
2232,FirstName2232,LastName2232,32232,Mumbai,2001-02-10,IT
2233,FirstName2233,LastName2233,32233,Pune,2001-02-11,HR
2234,FirstName2234,LastName2234,32234,Bangalore,2001-02-12,Finance
2235,FirstName2235,LastName2235,32235,Hyderabad,2001-02-13,Sales
2236,FirstName2236,LastName2236,32236,Chennai,2001-02-14,Marketing
2237,FirstName2237,LastName2237,32237,Delhi,2001-02-15,Support
2238,FirstName2238,LastName2238,32238,Noida,2001-02-16,Admin
2239,FirstName2239,LastName2239,32239,Gurgaon,2001-02-17,Operations
2240,FirstName2240,LastName2240,32240,Mumbai,2001-02-18,IT
2241,FirstName2241,LastName2241,32241,Pune,2001-02-19,HR
2242,FirstName2242,LastName2242,32242,Bangalore,2001-02-20,Finance
2243,FirstName2243,LastName2243,32243,Hyderabad,2001-02-21,Sales
2244,FirstName2244,LastName2244,32244,Chennai,2001-02-22,Marketing
2245,FirstName2245,LastName2245,32245,Delhi,2001-02-23,Support
2246,FirstName2246,LastName2246,32246,Noida,2001-02-24,Admin
2247,FirstName2247,LastName2247,32247,Gurgaon,2001-02-25,Operations
2248,FirstName2248,LastName2248,32248,Mumbai,2001-02-26,IT
2249,FirstName2249,LastName2249,32249,Pune,2001-02-27,HR
2250,FirstName2250,LastName2250,32250,Bangalore,2001-02-28,Finance
2251,FirstName2251,LastName2251,32251,Hyderabad,2001-03-01,Sales
2252,FirstName2252,LastName2252,32252,Chennai,2001-03-02,Marketing
2253,FirstName2253,LastName2253,32253,Delhi,2001-03-03,Support
2254,FirstName2254,LastName2254,32254,Noida,2001-03-04,Admin
2255,FirstName2255,LastName2255,32255,Gurgaon,2001-03-05,Operations
2256,FirstName2256,LastName2256,32256,Mumbai,2001-03-06,IT
2257,FirstName2257,LastName2257,32257,Pune,2001-03-07,HR
2258,FirstName2258,LastName2258,32258,Bangalore,2001-03-08,Finance
2259,FirstName2259,LastName2259,32259,Hyderabad,2001-03-09,Sales
2260,FirstName2260,LastName2260,32260,Chennai,2001-03-10,Marketing
2261,FirstName2261,LastName2261,32261,Delhi,2001-03-11,Support
2262,FirstName2262,LastName2262,32262,Noida,2001-03-12,Admin
2263,FirstName2263,LastName2263,32263,Gurgaon,2001-03-13,Operations
2264,FirstName2264,LastName2264,32264,Mumbai,2001-03-14,IT
2265,FirstName2265,LastName2265,32265,Pune,2001-03-15,HR
2266,FirstName2266,LastName2266,32266,Bangalore,2001-03-16,Finance
2267,FirstName2267,LastName2267,32267,Hyderabad,2001-03-17,Sales
2268,FirstName2268,LastName2268,32268,Chennai,2001-03-18,Marketing
2269,FirstName2269,LastName2269,32269,Delhi,2001-03-19,Support
2270,FirstName2270,LastName2270,32270,Noida,2001-03-20,Admin
2271,FirstName2271,LastName2271,32271,Gurgaon,2001-03-21,Operations
2272,FirstName2272,LastName2272,32272,Mumbai,2001-03-22,IT
2273,FirstName2273,LastName2273,32273,Pune,2001-03-23,HR
2274,FirstName2274,LastName2274,32274,Bangalore,2001-03-24,Finance
2275,FirstName2275,LastName2275,32275,Hyderabad,2001-03-25,Sales
2276,FirstName2276,LastName2276,32276,Chennai,2001-03-26,Marketing
2277,FirstName2277,LastName2277,32277,Delhi,2001-03-27,Support
2278,FirstName2278,LastName2278,32278,Noida,2001-03-28,Admin
2279,FirstName2279,LastName2279,32279,Gurgaon,2001-03-29,Operations
2280,FirstName2280,LastName2280,32280,Mumbai,2001-03-30,IT
2281,FirstName2281,LastName2281,32281,Pune,2001-03-31,HR
2282,FirstName2282,LastName2282,32282,Bangalore,2001-04-01,Finance
2283,FirstName2283,LastName2283,32283,Hyderabad,2001-04-02,Sales
2284,FirstName2284,LastName2284,32284,Chennai,2001-04-03,Marketing
2285,FirstName2285,LastName2285,32285,Delhi,2001-04-04,Support
2286,FirstName2286,LastName2286,32286,Noida,2001-04-05,Admin
2287,FirstName2287,LastName2287,32287,Gurgaon,2001-04-06,Operations
2288,FirstName2288,LastName2288,32288,Mumbai,2001-04-07,IT
2289,FirstName2289,LastName2289,32289,Pune,2001-04-08,HR
2290,FirstName2290,LastName2290,32290,Bangalore,2001-04-09,Finance
2291,FirstName2291,LastName2291,32291,Hyderabad,2001-04-10,Sales
2292,FirstName2292,LastName2292,32292,Chennai,2001-04-11,Marketing
2293,FirstName2293,LastName2293,32293,Delhi,2001-04-12,Support
2294,FirstName2294,LastName2294,32294,Noida,2001-04-13,Admin
2295,FirstName2295,LastName2295,32295,Gurgaon,2001-04-14,Operations
2296,FirstName2296,LastName2296,32296,Mumbai,2001-04-15,IT
2297,FirstName2297,LastName2297,32297,Pune,2001-04-16,HR
2298,FirstName2298,LastName2298,32298,Bangalore,2001-04-17,Finance
2299,FirstName2299,LastName2299,32299,Hyderabad,2001-04-18,Sales
2300,FirstName2300,LastName2300,32300,Chennai,2001-04-19,Marketing
2301,FirstName2301,LastName2301,32301,Delhi,2001-04-20,Support
2302,FirstName2302,LastName2302,32302,Noida,2001-04-21,Admin
2303,FirstName2303,LastName2303,32303,Gurgaon,2001-04-22,Operations
2304,FirstName2304,LastName2304,32304,Mumbai,2001-04-23,IT
2305,FirstName2305,LastName2305,32305,Pune,2001-04-24,HR
2306,FirstName2306,LastName2306,32306,Bangalore,2001-04-25,Finance
2307,FirstName2307,LastName2307,32307,Hyderabad,2001-04-26,Sales
2308,FirstName2308,LastName2308,32308,Chennai,2001-04-27,Marketing
2309,FirstName2309,LastName2309,32309,Delhi,2001-04-28,Support
2310,FirstName2310,LastName2310,32310,Noida,2001-04-29,Admin
2311,FirstName2311,LastName2311,32311,Gurgaon,2001-04-30,Operations
2312,FirstName2312,LastName2312,32312,Mumbai,2001-05-01,IT
2313,FirstName2313,LastName2313,32313,Pune,2001-05-02,HR
2314,FirstName2314,LastName2314,32314,Bangalore,2001-05-03,Finance
2315,FirstName2315,LastName2315,32315,Hyderabad,2001-05-04,Sales
2316,FirstName2316,LastName2316,32316,Chennai,2001-05-05,Marketing
2317,FirstName2317,LastName2317,32317,Delhi,2001-05-06,Support
2318,FirstName2318,LastName2318,32318,Noida,2001-05-07,Admin
2319,FirstName2319,LastName2319,32319,Gurgaon,2001-05-08,Operations
2320,FirstName2320,LastName2320,32320,Mumbai,2001-05-09,IT
2321,FirstName2321,LastName2321,32321,Pune,2001-05-10,HR
2322,FirstName2322,LastName2322,32322,Bangalore,2001-05-11,Finance
2323,FirstName2323,LastName2323,32323,Hyderabad,2001-05-12,Sales
2324,FirstName2324,LastName2324,32324,Chennai,2001-05-13,Marketing
2325,FirstName2325,LastName2325,32325,Delhi,2001-05-14,Support
2326,FirstName2326,LastName2326,32326,Noida,2001-05-15,Admin
2327,FirstName2327,LastName2327,32327,Gurgaon,2001-05-16,Operations
2328,FirstName2328,LastName2328,32328,Mumbai,2001-05-17,IT
2329,FirstName2329,LastName2329,32329,Pune,2001-05-18,HR
2330,FirstName2330,LastName2330,32330,Bangalore,2001-05-19,Finance
2331,FirstName2331,LastName2331,32331,Hyderabad,2001-05-20,Sales
2332,FirstName2332,LastName2332,32332,Chennai,2001-05-21,Marketing
2333,FirstName2333,LastName2333,32333,Delhi,2001-05-22,Support
2334,FirstName2334,LastName2334,32334,Noida,2001-05-23,Admin
2335,FirstName2335,LastName2335,32335,Gurgaon,2001-05-24,Operations
2336,FirstName2336,LastName2336,32336,Mumbai,2001-05-25,IT
2337,FirstName2337,LastName2337,32337,Pune,2001-05-26,HR
2338,FirstName2338,LastName2338,32338,Bangalore,2001-05-27,Finance
2339,FirstName2339,LastName2339,32339,Hyderabad,2001-05-28,Sales
2340,FirstName2340,LastName2340,32340,Chennai,2001-05-29,Marketing
2341,FirstName2341,LastName2341,32341,Delhi,2001-05-30,Support
2342,FirstName2342,LastName2342,32342,Noida,2001-05-31,Admin
2343,FirstName2343,LastName2343,32343,Gurgaon,2001-06-01,Operations
2344,FirstName2344,LastName2344,32344,Mumbai,2001-06-02,IT
2345,FirstName2345,LastName2345,32345,Pune,2001-06-03,HR
2346,FirstName2346,LastName2346,32346,Bangalore,2001-06-04,Finance
2347,FirstName2347,LastName2347,32347,Hyderabad,2001-06-05,Sales
2348,FirstName2348,LastName2348,32348,Chennai,2001-06-06,Marketing
2349,FirstName2349,LastName2349,32349,Delhi,2001-06-07,Support
2350,FirstName2350,LastName2350,32350,Noida,2001-06-08,Admin
2351,FirstName2351,LastName2351,32351,Gurgaon,2001-06-09,Operations
2352,FirstName2352,LastName2352,32352,Mumbai,2001-06-10,IT
2353,FirstName2353,LastName2353,32353,Pune,2001-06-11,HR
2354,FirstName2354,LastName2354,32354,Bangalore,2001-06-12,Finance
2355,FirstName2355,LastName2355,32355,Hyderabad,2001-06-13,Sales
2356,FirstName2356,LastName2356,32356,Chennai,2001-06-14,Marketing
2357,FirstName2357,LastName2357,32357,Delhi,2001-06-15,Support
2358,FirstName2358,LastName2358,32358,Noida,2001-06-16,Admin
2359,FirstName2359,LastName2359,32359,Gurgaon,2001-06-17,Operations
2360,FirstName2360,LastName2360,32360,Mumbai,2001-06-18,IT
2361,FirstName2361,LastName2361,32361,Pune,2001-06-19,HR
2362,FirstName2362,LastName2362,32362,Bangalore,2001-06-20,Finance
2363,FirstName2363,LastName2363,32363,Hyderabad,2001-06-21,Sales
2364,FirstName2364,LastName2364,32364,Chennai,2001-06-22,Marketing
2365,FirstName2365,LastName2365,32365,Delhi,2001-06-23,Support
2366,FirstName2366,LastName2366,32366,Noida,2001-06-24,Admin
2367,FirstName2367,LastName2367,32367,Gurgaon,2001-06-25,Operations
2368,FirstName2368,LastName2368,32368,Mumbai,2001-06-26,IT
2369,FirstName2369,LastName2369,32369,Pune,2001-06-27,HR
2370,FirstName2370,LastName2370,32370,Bangalore,2001-06-28,Finance
2371,FirstName2371,LastName2371,32371,Hyderabad,2001-06-29,Sales
2372,FirstName2372,LastName2372,32372,Chennai,2001-06-30,Marketing
2373,FirstName2373,LastName2373,32373,Delhi,2001-07-01,Support
2374,FirstName2374,LastName2374,32374,Noida,2001-07-02,Admin
2375,FirstName2375,LastName2375,32375,Gurgaon,2001-07-03,Operations
2376,FirstName2376,LastName2376,32376,Mumbai,2001-07-04,IT
2377,FirstName2377,LastName2377,32377,Pune,2001-07-05,HR
2378,FirstName2378,LastName2378,32378,Bangalore,2001-07-06,Finance
2379,FirstName2379,LastName2379,32379,Hyderabad,2001-07-07,Sales
2380,FirstName2380,LastName2380,32380,Chennai,2001-07-08,Marketing
2381,FirstName2381,LastName2381,32381,Delhi,2001-07-09,Support
2382,FirstName2382,LastName2382,32382,Noida,2001-07-10,Admin
2383,FirstName2383,LastName2383,32383,Gurgaon,2001-07-11,Operations
2384,FirstName2384,LastName2384,32384,Mumbai,2001-07-12,IT
2385,FirstName2385,LastName2385,32385,Pune,2001-07-13,HR
2386,FirstName2386,LastName2386,32386,Bangalore,2001-07-14,Finance
2387,FirstName2387,LastName2387,32387,Hyderabad,2001-07-15,Sales
2388,FirstName2388,LastName2388,32388,Chennai,2001-07-16,Marketing
2389,FirstName2389,LastName2389,32389,Delhi,2001-07-17,Support
2390,FirstName2390,LastName2390,32390,Noida,2001-07-18,Admin
2391,FirstName2391,LastName2391,32391,Gurgaon,2001-07-19,Operations
2392,FirstName2392,LastName2392,32392,Mumbai,2001-07-20,IT
2393,FirstName2393,LastName2393,32393,Pune,2001-07-21,HR
2394,FirstName2394,LastName2394,32394,Bangalore,2001-07-22,Finance
2395,FirstName2395,LastName2395,32395,Hyderabad,2001-07-23,Sales
2396,FirstName2396,LastName2396,32396,Chennai,2001-07-24,Marketing
2397,FirstName2397,LastName2397,32397,Delhi,2001-07-25,Support
2398,FirstName2398,LastName2398,32398,Noida,2001-07-26,Admin
2399,FirstName2399,LastName2399,32399,Gurgaon,2001-07-27,Operations
2400,FirstName2400,LastName2400,32400,Mumbai,2001-07-28,IT
2401,FirstName2401,LastName2401,32401,Pune,2001-07-29,HR
2402,FirstName2402,LastName2402,32402,Bangalore,2001-07-30,Finance
2403,FirstName2403,LastName2403,32403,Hyderabad,2001-07-31,Sales
2404,FirstName2404,LastName2404,32404,Chennai,2001-08-01,Marketing
2405,FirstName2405,LastName2405,32405,Delhi,2001-08-02,Support
2406,FirstName2406,LastName2406,32406,Noida,2001-08-03,Admin
2407,FirstName2407,LastName2407,32407,Gurgaon,2001-08-04,Operations
2408,FirstName2408,LastName2408,32408,Mumbai,2001-08-05,IT
2409,FirstName2409,LastName2409,32409,Pune,2001-08-06,HR
2410,FirstName2410,LastName2410,32410,Bangalore,2001-08-07,Finance
2411,FirstName2411,LastName2411,32411,Hyderabad,2001-08-08,Sales
2412,FirstName2412,LastName2412,32412,Chennai,2001-08-09,Marketing
2413,FirstName2413,LastName2413,32413,Delhi,2001-08-10,Support
2414,FirstName2414,LastName2414,32414,Noida,2001-08-11,Admin
2415,FirstName2415,LastName2415,32415,Gurgaon,2001-08-12,Operations
2416,FirstName2416,LastName2416,32416,Mumbai,2001-08-13,IT
2417,FirstName2417,LastName2417,32417,Pune,2001-08-14,HR
2418,FirstName2418,LastName2418,32418,Bangalore,2001-08-15,Finance
2419,FirstName2419,LastName2419,32419,Hyderabad,2001-08-16,Sales
2420,FirstName2420,LastName2420,32420,Chennai,2001-08-17,Marketing
2421,FirstName2421,LastName2421,32421,Delhi,2001-08-18,Support
2422,FirstName2422,LastName2422,32422,Noida,2001-08-19,Admin
2423,FirstName2423,LastName2423,32423,Gurgaon,2001-08-20,Operations
2424,FirstName2424,LastName2424,32424,Mumbai,2001-08-21,IT
2425,FirstName2425,LastName2425,32425,Pune,2001-08-22,HR
2426,FirstName2426,LastName2426,32426,Bangalore,2001-08-23,Finance
2427,FirstName2427,LastName2427,32427,Hyderabad,2001-08-24,Sales
2428,FirstName2428,LastName2428,32428,Chennai,2001-08-25,Marketing
2429,FirstName2429,LastName2429,32429,Delhi,2001-08-26,Support
2430,FirstName2430,LastName2430,32430,Noida,2001-08-27,Admin
2431,FirstName2431,LastName2431,32431,Gurgaon,2001-08-28,Operations
2432,FirstName2432,LastName2432,32432,Mumbai,2001-08-29,IT
2433,FirstName2433,LastName2433,32433,Pune,2001-08-30,HR
2434,FirstName2434,LastName2434,32434,Bangalore,2001-08-31,Finance
2435,FirstName2435,LastName2435,32435,Hyderabad,2001-09-01,Sales
2436,FirstName2436,LastName2436,32436,Chennai,2001-09-02,Marketing
2437,FirstName2437,LastName2437,32437,Delhi,2001-09-03,Support
2438,FirstName2438,LastName2438,32438,Noida,2001-09-04,Admin
2439,FirstName2439,LastName2439,32439,Gurgaon,2001-09-05,Operations
2440,FirstName2440,LastName2440,32440,Mumbai,2001-09-06,IT
2441,FirstName2441,LastName2441,32441,Pune,2001-09-07,HR
2442,FirstName2442,LastName2442,32442,Bangalore,2001-09-08,Finance
2443,FirstName2443,LastName2443,32443,Hyderabad,2001-09-09,Sales
2444,FirstName2444,LastName2444,32444,Chennai,2001-09-10,Marketing
2445,FirstName2445,LastName2445,32445,Delhi,2001-09-11,Support
2446,FirstName2446,LastName2446,32446,Noida,2001-09-12,Admin
2447,FirstName2447,LastName2447,32447,Gurgaon,2001-09-13,Operations
2448,FirstName2448,LastName2448,32448,Mumbai,2001-09-14,IT
2449,FirstName2449,LastName2449,32449,Pune,2001-09-15,HR
2450,FirstName2450,LastName2450,32450,Bangalore,2001-09-16,Finance
2451,FirstName2451,LastName2451,32451,Hyderabad,2001-09-17,Sales
2452,FirstName2452,LastName2452,32452,Chennai,2001-09-18,Marketing
2453,FirstName2453,LastName2453,32453,Delhi,2001-09-19,Support
2454,FirstName2454,LastName2454,32454,Noida,2001-09-20,Admin
2455,FirstName2455,LastName2455,32455,Gurgaon,2001-09-21,Operations
2456,FirstName2456,LastName2456,32456,Mumbai,2001-09-22,IT
2457,FirstName2457,LastName2457,32457,Pune,2001-09-23,HR
2458,FirstName2458,LastName2458,32458,Bangalore,2001-09-24,Finance
2459,FirstName2459,LastName2459,32459,Hyderabad,2001-09-25,Sales
2460,FirstName2460,LastName2460,32460,Chennai,2001-09-26,Marketing
2461,FirstName2461,LastName2461,32461,Delhi,2001-09-27,Support
2462,FirstName2462,LastName2462,32462,Noida,2001-09-28,Admin
2463,FirstName2463,LastName2463,32463,Gurgaon,2001-09-29,Operations
2464,FirstName2464,LastName2464,32464,Mumbai,2001-09-30,IT
2465,FirstName2465,LastName2465,32465,Pune,2001-10-01,HR
2466,FirstName2466,LastName2466,32466,Bangalore,2001-10-02,Finance
2467,FirstName2467,LastName2467,32467,Hyderabad,2001-10-03,Sales
2468,FirstName2468,LastName2468,32468,Chennai,2001-10-04,Marketing
2469,FirstName2469,LastName2469,32469,Delhi,2001-10-05,Support
2470,FirstName2470,LastName2470,32470,Noida,2001-10-06,Admin
2471,FirstName2471,LastName2471,32471,Gurgaon,2001-10-07,Operations
2472,FirstName2472,LastName2472,32472,Mumbai,2001-10-08,IT
2473,FirstName2473,LastName2473,32473,Pune,2001-10-09,HR
2474,FirstName2474,LastName2474,32474,Bangalore,2001-10-10,Finance
2475,FirstName2475,LastName2475,32475,Hyderabad,2001-10-11,Sales
2476,FirstName2476,LastName2476,32476,Chennai,2001-10-12,Marketing
2477,FirstName2477,LastName2477,32477,Delhi,2001-10-13,Support
2478,FirstName2478,LastName2478,32478,Noida,2001-10-14,Admin
2479,FirstName2479,LastName2479,32479,Gurgaon,2001-10-15,Operations
2480,FirstName2480,LastName2480,32480,Mumbai,2001-10-16,IT
2481,FirstName2481,LastName2481,32481,Pune,2001-10-17,HR
2482,FirstName2482,LastName2482,32482,Bangalore,2001-10-18,Finance
2483,FirstName2483,LastName2483,32483,Hyderabad,2001-10-19,Sales
2484,FirstName2484,LastName2484,32484,Chennai,2001-10-20,Marketing
2485,FirstName2485,LastName2485,32485,Delhi,2001-10-21,Support
2486,FirstName2486,LastName2486,32486,Noida,2001-10-22,Admin
2487,FirstName2487,LastName2487,32487,Gurgaon,2001-10-23,Operations
2488,FirstName2488,LastName2488,32488,Mumbai,2001-10-24,IT
2489,FirstName2489,LastName2489,32489,Pune,2001-10-25,HR
2490,FirstName2490,LastName2490,32490,Bangalore,2001-10-26,Finance
2491,FirstName2491,LastName2491,32491,Hyderabad,2001-10-27,Sales
2492,FirstName2492,LastName2492,32492,Chennai,2001-10-28,Marketing
2493,FirstName2493,LastName2493,32493,Delhi,2001-10-29,Support
2494,FirstName2494,LastName2494,32494,Noida,2001-10-30,Admin
2495,FirstName2495,LastName2495,32495,Gurgaon,2001-10-31,Operations
2496,FirstName2496,LastName2496,32496,Mumbai,2001-11-01,IT
2497,FirstName2497,LastName2497,32497,Pune,2001-11-02,HR
2498,FirstName2498,LastName2498,32498,Bangalore,2001-11-03,Finance
2499,FirstName2499,LastName2499,32499,Hyderabad,2001-11-04,Sales
2500,FirstName2500,LastName2500,32500,Chennai,2001-11-05,Marketing
2501,FirstName2501,LastName2501,32501,Delhi,2001-11-06,Support
2502,FirstName2502,LastName2502,32502,Noida,2001-11-07,Admin
2503,FirstName2503,LastName2503,32503,Gurgaon,2001-11-08,Operations
2504,FirstName2504,LastName2504,32504,Mumbai,2001-11-09,IT
2505,FirstName2505,LastName2505,32505,Pune,2001-11-10,HR
2506,FirstName2506,LastName2506,32506,Bangalore,2001-11-11,Finance
2507,FirstName2507,LastName2507,32507,Hyderabad,2001-11-12,Sales
2508,FirstName2508,LastName2508,32508,Chennai,2001-11-13,Marketing
2509,FirstName2509,LastName2509,32509,Delhi,2001-11-14,Support
2510,FirstName2510,LastName2510,32510,Noida,2001-11-15,Admin
2511,FirstName2511,LastName2511,32511,Gurgaon,2001-11-16,Operations
2512,FirstName2512,LastName2512,32512,Mumbai,2001-11-17,IT
2513,FirstName2513,LastName2513,32513,Pune,2001-11-18,HR
2514,FirstName2514,LastName2514,32514,Bangalore,2001-11-19,Finance
2515,FirstName2515,LastName2515,32515,Hyderabad,2001-11-20,Sales
2516,FirstName2516,LastName2516,32516,Chennai,2001-11-21,Marketing
2517,FirstName2517,LastName2517,32517,Delhi,2001-11-22,Support
2518,FirstName2518,LastName2518,32518,Noida,2001-11-23,Admin
2519,FirstName2519,LastName2519,32519,Gurgaon,2001-11-24,Operations
2520,FirstName2520,LastName2520,32520,Mumbai,2001-11-25,IT
2521,FirstName2521,LastName2521,32521,Pune,2001-11-26,HR
2522,FirstName2522,LastName2522,32522,Bangalore,2001-11-27,Finance
2523,FirstName2523,LastName2523,32523,Hyderabad,2001-11-28,Sales
2524,FirstName2524,LastName2524,32524,Chennai,2001-11-29,Marketing
2525,FirstName2525,LastName2525,32525,Delhi,2001-11-30,Support
2526,FirstName2526,LastName2526,32526,Noida,2001-12-01,Admin
2527,FirstName2527,LastName2527,32527,Gurgaon,2001-12-02,Operations
2528,FirstName2528,LastName2528,32528,Mumbai,2001-12-03,IT
2529,FirstName2529,LastName2529,32529,Pune,2001-12-04,HR
2530,FirstName2530,LastName2530,32530,Bangalore,2001-12-05,Finance
2531,FirstName2531,LastName2531,32531,Hyderabad,2001-12-06,Sales
2532,FirstName2532,LastName2532,32532,Chennai,2001-12-07,Marketing
2533,FirstName2533,LastName2533,32533,Delhi,2001-12-08,Support
2534,FirstName2534,LastName2534,32534,Noida,2001-12-09,Admin
2535,FirstName2535,LastName2535,32535,Gurgaon,2001-12-10,Operations
2536,FirstName2536,LastName2536,32536,Mumbai,2001-12-11,IT
2537,FirstName2537,LastName2537,32537,Pune,2001-12-12,HR
2538,FirstName2538,LastName2538,32538,Bangalore,2001-12-13,Finance
2539,FirstName2539,LastName2539,32539,Hyderabad,2001-12-14,Sales
2540,FirstName2540,LastName2540,32540,Chennai,2001-12-15,Marketing
2541,FirstName2541,LastName2541,32541,Delhi,2001-12-16,Support
2542,FirstName2542,LastName2542,32542,Noida,2001-12-17,Admin
2543,FirstName2543,LastName2543,32543,Gurgaon,2001-12-18,Operations
2544,FirstName2544,LastName2544,32544,Mumbai,2001-12-19,IT
2545,FirstName2545,LastName2545,32545,Pune,2001-12-20,HR
2546,FirstName2546,LastName2546,32546,Bangalore,2001-12-21,Finance
2547,FirstName2547,LastName2547,32547,Hyderabad,2001-12-22,Sales
2548,FirstName2548,LastName2548,32548,Chennai,2001-12-23,Marketing
2549,FirstName2549,LastName2549,32549,Delhi,2001-12-24,Support
2550,FirstName2550,LastName2550,32550,Noida,2001-12-25,Admin
2551,FirstName2551,LastName2551,32551,Gurgaon,2001-12-26,Operations
2552,FirstName2552,LastName2552,32552,Mumbai,2001-12-27,IT
2553,FirstName2553,LastName2553,32553,Pune,2001-12-28,HR
2554,FirstName2554,LastName2554,32554,Bangalore,2001-12-29,Finance
2555,FirstName2555,LastName2555,32555,Hyderabad,2001-12-30,Sales
2556,FirstName2556,LastName2556,32556,Chennai,2001-12-31,Marketing
2557,FirstName2557,LastName2557,32557,Delhi,2002-01-01,Support
2558,FirstName2558,LastName2558,32558,Noida,2002-01-02,Admin
2559,FirstName2559,LastName2559,32559,Gurgaon,2002-01-03,Operations
2560,FirstName2560,LastName2560,32560,Mumbai,2002-01-04,IT
2561,FirstName2561,LastName2561,32561,Pune,2002-01-05,HR
2562,FirstName2562,LastName2562,32562,Bangalore,2002-01-06,Finance
2563,FirstName2563,LastName2563,32563,Hyderabad,2002-01-07,Sales
2564,FirstName2564,LastName2564,32564,Chennai,2002-01-08,Marketing
2565,FirstName2565,LastName2565,32565,Delhi,2002-01-09,Support
2566,FirstName2566,LastName2566,32566,Noida,2002-01-10,Admin
2567,FirstName2567,LastName2567,32567,Gurgaon,2002-01-11,Operations
2568,FirstName2568,LastName2568,32568,Mumbai,2002-01-12,IT
2569,FirstName2569,LastName2569,32569,Pune,2002-01-13,HR
2570,FirstName2570,LastName2570,32570,Bangalore,2002-01-14,Finance
2571,FirstName2571,LastName2571,32571,Hyderabad,2002-01-15,Sales
2572,FirstName2572,LastName2572,32572,Chennai,2002-01-16,Marketing
2573,FirstName2573,LastName2573,32573,Delhi,2002-01-17,Support
2574,FirstName2574,LastName2574,32574,Noida,2002-01-18,Admin
2575,FirstName2575,LastName2575,32575,Gurgaon,2002-01-19,Operations
2576,FirstName2576,LastName2576,32576,Mumbai,2002-01-20,IT
2577,FirstName2577,LastName2577,32577,Pune,2002-01-21,HR
2578,FirstName2578,LastName2578,32578,Bangalore,2002-01-22,Finance
2579,FirstName2579,LastName2579,32579,Hyderabad,2002-01-23,Sales
2580,FirstName2580,LastName2580,32580,Chennai,2002-01-24,Marketing
2581,FirstName2581,LastName2581,32581,Delhi,2002-01-25,Support
2582,FirstName2582,LastName2582,32582,Noida,2002-01-26,Admin
2583,FirstName2583,LastName2583,32583,Gurgaon,2002-01-27,Operations
2584,FirstName2584,LastName2584,32584,Mumbai,2002-01-28,IT
2585,FirstName2585,LastName2585,32585,Pune,2002-01-29,HR
2586,FirstName2586,LastName2586,32586,Bangalore,2002-01-30,Finance
2587,FirstName2587,LastName2587,32587,Hyderabad,2002-01-31,Sales
2588,FirstName2588,LastName2588,32588,Chennai,2002-02-01,Marketing
2589,FirstName2589,LastName2589,32589,Delhi,2002-02-02,Support
2590,FirstName2590,LastName2590,32590,Noida,2002-02-03,Admin
2591,FirstName2591,LastName2591,32591,Gurgaon,2002-02-04,Operations
2592,FirstName2592,LastName2592,32592,Mumbai,2002-02-05,IT
2593,FirstName2593,LastName2593,32593,Pune,2002-02-06,HR
2594,FirstName2594,LastName2594,32594,Bangalore,2002-02-07,Finance
2595,FirstName2595,LastName2595,32595,Hyderabad,2002-02-08,Sales
2596,FirstName2596,LastName2596,32596,Chennai,2002-02-09,Marketing
2597,FirstName2597,LastName2597,32597,Delhi,2002-02-10,Support
2598,FirstName2598,LastName2598,32598,Noida,2002-02-11,Admin
2599,FirstName2599,LastName2599,32599,Gurgaon,2002-02-12,Operations
2600,FirstName2600,LastName2600,32600,Mumbai,2002-02-13,IT
2601,FirstName2601,LastName2601,32601,Pune,2002-02-14,HR
2602,FirstName2602,LastName2602,32602,Bangalore,2002-02-15,Finance
2603,FirstName2603,LastName2603,32603,Hyderabad,2002-02-16,Sales
2604,FirstName2604,LastName2604,32604,Chennai,2002-02-17,Marketing
2605,FirstName2605,LastName2605,32605,Delhi,2002-02-18,Support
2606,FirstName2606,LastName2606,32606,Noida,2002-02-19,Admin
2607,FirstName2607,LastName2607,32607,Gurgaon,2002-02-20,Operations
2608,FirstName2608,LastName2608,32608,Mumbai,2002-02-21,IT
2609,FirstName2609,LastName2609,32609,Pune,2002-02-22,HR
2610,FirstName2610,LastName2610,32610,Bangalore,2002-02-23,Finance
2611,FirstName2611,LastName2611,32611,Hyderabad,2002-02-24,Sales
2612,FirstName2612,LastName2612,32612,Chennai,2002-02-25,Marketing
2613,FirstName2613,LastName2613,32613,Delhi,2002-02-26,Support
2614,FirstName2614,LastName2614,32614,Noida,2002-02-27,Admin
2615,FirstName2615,LastName2615,32615,Gurgaon,2002-02-28,Operations
2616,FirstName2616,LastName2616,32616,Mumbai,2002-03-01,IT
2617,FirstName2617,LastName2617,32617,Pune,2002-03-02,HR
2618,FirstName2618,LastName2618,32618,Bangalore,2002-03-03,Finance
2619,FirstName2619,LastName2619,32619,Hyderabad,2002-03-04,Sales
2620,FirstName2620,LastName2620,32620,Chennai,2002-03-05,Marketing
2621,FirstName2621,LastName2621,32621,Delhi,2002-03-06,Support
2622,FirstName2622,LastName2622,32622,Noida,2002-03-07,Admin
2623,FirstName2623,LastName2623,32623,Gurgaon,2002-03-08,Operations
2624,FirstName2624,LastName2624,32624,Mumbai,2002-03-09,IT
2625,FirstName2625,LastName2625,32625,Pune,2002-03-10,HR
2626,FirstName2626,LastName2626,32626,Bangalore,2002-03-11,Finance
2627,FirstName2627,LastName2627,32627,Hyderabad,2002-03-12,Sales
2628,FirstName2628,LastName2628,32628,Chennai,2002-03-13,Marketing
2629,FirstName2629,LastName2629,32629,Delhi,2002-03-14,Support
2630,FirstName2630,LastName2630,32630,Noida,2002-03-15,Admin
2631,FirstName2631,LastName2631,32631,Gurgaon,2002-03-16,Operations
2632,FirstName2632,LastName2632,32632,Mumbai,2002-03-17,IT
2633,FirstName2633,LastName2633,32633,Pune,2002-03-18,HR
2634,FirstName2634,LastName2634,32634,Bangalore,2002-03-19,Finance
2635,FirstName2635,LastName2635,32635,Hyderabad,2002-03-20,Sales
2636,FirstName2636,LastName2636,32636,Chennai,2002-03-21,Marketing
2637,FirstName2637,LastName2637,32637,Delhi,2002-03-22,Support
2638,FirstName2638,LastName2638,32638,Noida,2002-03-23,Admin
2639,FirstName2639,LastName2639,32639,Gurgaon,2002-03-24,Operations
2640,FirstName2640,LastName2640,32640,Mumbai,2002-03-25,IT
2641,FirstName2641,LastName2641,32641,Pune,2002-03-26,HR
2642,FirstName2642,LastName2642,32642,Bangalore,2002-03-27,Finance
2643,FirstName2643,LastName2643,32643,Hyderabad,2002-03-28,Sales
2644,FirstName2644,LastName2644,32644,Chennai,2002-03-29,Marketing
2645,FirstName2645,LastName2645,32645,Delhi,2002-03-30,Support
2646,FirstName2646,LastName2646,32646,Noida,2002-03-31,Admin
2647,FirstName2647,LastName2647,32647,Gurgaon,2002-04-01,Operations
2648,FirstName2648,LastName2648,32648,Mumbai,2002-04-02,IT
2649,FirstName2649,LastName2649,32649,Pune,2002-04-03,HR
2650,FirstName2650,LastName2650,32650,Bangalore,2002-04-04,Finance
2651,FirstName2651,LastName2651,32651,Hyderabad,2002-04-05,Sales
2652,FirstName2652,LastName2652,32652,Chennai,2002-04-06,Marketing
2653,FirstName2653,LastName2653,32653,Delhi,2002-04-07,Support
2654,FirstName2654,LastName2654,32654,Noida,2002-04-08,Admin
2655,FirstName2655,LastName2655,32655,Gurgaon,2002-04-09,Operations
2656,FirstName2656,LastName2656,32656,Mumbai,2002-04-10,IT
2657,FirstName2657,LastName2657,32657,Pune,2002-04-11,HR
2658,FirstName2658,LastName2658,32658,Bangalore,2002-04-12,Finance
2659,FirstName2659,LastName2659,32659,Hyderabad,2002-04-13,Sales
2660,FirstName2660,LastName2660,32660,Chennai,2002-04-14,Marketing
2661,FirstName2661,LastName2661,32661,Delhi,2002-04-15,Support
2662,FirstName2662,LastName2662,32662,Noida,2002-04-16,Admin
2663,FirstName2663,LastName2663,32663,Gurgaon,2002-04-17,Operations
2664,FirstName2664,LastName2664,32664,Mumbai,2002-04-18,IT
2665,FirstName2665,LastName2665,32665,Pune,2002-04-19,HR
2666,FirstName2666,LastName2666,32666,Bangalore,2002-04-20,Finance
2667,FirstName2667,LastName2667,32667,Hyderabad,2002-04-21,Sales
2668,FirstName2668,LastName2668,32668,Chennai,2002-04-22,Marketing
2669,FirstName2669,LastName2669,32669,Delhi,2002-04-23,Support
2670,FirstName2670,LastName2670,32670,Noida,2002-04-24,Admin
2671,FirstName2671,LastName2671,32671,Gurgaon,2002-04-25,Operations
2672,FirstName2672,LastName2672,32672,Mumbai,2002-04-26,IT
2673,FirstName2673,LastName2673,32673,Pune,2002-04-27,HR
2674,FirstName2674,LastName2674,32674,Bangalore,2002-04-28,Finance
2675,FirstName2675,LastName2675,32675,Hyderabad,2002-04-29,Sales
2676,FirstName2676,LastName2676,32676,Chennai,2002-04-30,Marketing
2677,FirstName2677,LastName2677,32677,Delhi,2002-05-01,Support
2678,FirstName2678,LastName2678,32678,Noida,2002-05-02,Admin
2679,FirstName2679,LastName2679,32679,Gurgaon,2002-05-03,Operations
2680,FirstName2680,LastName2680,32680,Mumbai,2002-05-04,IT
2681,FirstName2681,LastName2681,32681,Pune,2002-05-05,HR
2682,FirstName2682,LastName2682,32682,Bangalore,2002-05-06,Finance
2683,FirstName2683,LastName2683,32683,Hyderabad,2002-05-07,Sales
2684,FirstName2684,LastName2684,32684,Chennai,2002-05-08,Marketing
2685,FirstName2685,LastName2685,32685,Delhi,2002-05-09,Support
2686,FirstName2686,LastName2686,32686,Noida,2002-05-10,Admin
2687,FirstName2687,LastName2687,32687,Gurgaon,2002-05-11,Operations
2688,FirstName2688,LastName2688,32688,Mumbai,2002-05-12,IT
2689,FirstName2689,LastName2689,32689,Pune,2002-05-13,HR
2690,FirstName2690,LastName2690,32690,Bangalore,2002-05-14,Finance
2691,FirstName2691,LastName2691,32691,Hyderabad,2002-05-15,Sales
2692,FirstName2692,LastName2692,32692,Chennai,2002-05-16,Marketing
2693,FirstName2693,LastName2693,32693,Delhi,2002-05-17,Support
2694,FirstName2694,LastName2694,32694,Noida,2002-05-18,Admin
2695,FirstName2695,LastName2695,32695,Gurgaon,2002-05-19,Operations
2696,FirstName2696,LastName2696,32696,Mumbai,2002-05-20,IT
2697,FirstName2697,LastName2697,32697,Pune,2002-05-21,HR
2698,FirstName2698,LastName2698,32698,Bangalore,2002-05-22,Finance
2699,FirstName2699,LastName2699,32699,Hyderabad,2002-05-23,Sales
2700,FirstName2700,LastName2700,32700,Chennai,2002-05-24,Marketing
2701,FirstName2701,LastName2701,32701,Delhi,2002-05-25,Support
2702,FirstName2702,LastName2702,32702,Noida,2002-05-26,Admin
2703,FirstName2703,LastName2703,32703,Gurgaon,2002-05-27,Operations
2704,FirstName2704,LastName2704,32704,Mumbai,2002-05-28,IT
2705,FirstName2705,LastName2705,32705,Pune,2002-05-29,HR
2706,FirstName2706,LastName2706,32706,Bangalore,2002-05-30,Finance
2707,FirstName2707,LastName2707,32707,Hyderabad,2002-05-31,Sales
2708,FirstName2708,LastName2708,32708,Chennai,2002-06-01,Marketing
2709,FirstName2709,LastName2709,32709,Delhi,2002-06-02,Support
2710,FirstName2710,LastName2710,32710,Noida,2002-06-03,Admin
2711,FirstName2711,LastName2711,32711,Gurgaon,2002-06-04,Operations
2712,FirstName2712,LastName2712,32712,Mumbai,2002-06-05,IT
2713,FirstName2713,LastName2713,32713,Pune,2002-06-06,HR
2714,FirstName2714,LastName2714,32714,Bangalore,2002-06-07,Finance
2715,FirstName2715,LastName2715,32715,Hyderabad,2002-06-08,Sales
2716,FirstName2716,LastName2716,32716,Chennai,2002-06-09,Marketing
2717,FirstName2717,LastName2717,32717,Delhi,2002-06-10,Support
2718,FirstName2718,LastName2718,32718,Noida,2002-06-11,Admin
2719,FirstName2719,LastName2719,32719,Gurgaon,2002-06-12,Operations
2720,FirstName2720,LastName2720,32720,Mumbai,2002-06-13,IT
2721,FirstName2721,LastName2721,32721,Pune,2002-06-14,HR
2722,FirstName2722,LastName2722,32722,Bangalore,2002-06-15,Finance
2723,FirstName2723,LastName2723,32723,Hyderabad,2002-06-16,Sales
2724,FirstName2724,LastName2724,32724,Chennai,2002-06-17,Marketing
2725,FirstName2725,LastName2725,32725,Delhi,2002-06-18,Support
2726,FirstName2726,LastName2726,32726,Noida,2002-06-19,Admin
2727,FirstName2727,LastName2727,32727,Gurgaon,2002-06-20,Operations
2728,FirstName2728,LastName2728,32728,Mumbai,2002-06-21,IT
2729,FirstName2729,LastName2729,32729,Pune,2002-06-22,HR
2730,FirstName2730,LastName2730,32730,Bangalore,2002-06-23,Finance
2731,FirstName2731,LastName2731,32731,Hyderabad,2002-06-24,Sales
2732,FirstName2732,LastName2732,32732,Chennai,2002-06-25,Marketing
2733,FirstName2733,LastName2733,32733,Delhi,2002-06-26,Support
2734,FirstName2734,LastName2734,32734,Noida,2002-06-27,Admin
2735,FirstName2735,LastName2735,32735,Gurgaon,2002-06-28,Operations
2736,FirstName2736,LastName2736,32736,Mumbai,2002-06-29,IT
2737,FirstName2737,LastName2737,32737,Pune,2002-06-30,HR
2738,FirstName2738,LastName2738,32738,Bangalore,2002-07-01,Finance
2739,FirstName2739,LastName2739,32739,Hyderabad,2002-07-02,Sales
2740,FirstName2740,LastName2740,32740,Chennai,2002-07-03,Marketing
2741,FirstName2741,LastName2741,32741,Delhi,2002-07-04,Support
2742,FirstName2742,LastName2742,32742,Noida,2002-07-05,Admin
2743,FirstName2743,LastName2743,32743,Gurgaon,2002-07-06,Operations
2744,FirstName2744,LastName2744,32744,Mumbai,2002-07-07,IT
2745,FirstName2745,LastName2745,32745,Pune,2002-07-08,HR
2746,FirstName2746,LastName2746,32746,Bangalore,2002-07-09,Finance
2747,FirstName2747,LastName2747,32747,Hyderabad,2002-07-10,Sales
2748,FirstName2748,LastName2748,32748,Chennai,2002-07-11,Marketing
2749,FirstName2749,LastName2749,32749,Delhi,2002-07-12,Support
2750,FirstName2750,LastName2750,32750,Noida,2002-07-13,Admin
2751,FirstName2751,LastName2751,32751,Gurgaon,2002-07-14,Operations
2752,FirstName2752,LastName2752,32752,Mumbai,2002-07-15,IT
2753,FirstName2753,LastName2753,32753,Pune,2002-07-16,HR
2754,FirstName2754,LastName2754,32754,Bangalore,2002-07-17,Finance
2755,FirstName2755,LastName2755,32755,Hyderabad,2002-07-18,Sales
2756,FirstName2756,LastName2756,32756,Chennai,2002-07-19,Marketing
2757,FirstName2757,LastName2757,32757,Delhi,2002-07-20,Support
2758,FirstName2758,LastName2758,32758,Noida,2002-07-21,Admin
2759,FirstName2759,LastName2759,32759,Gurgaon,2002-07-22,Operations
2760,FirstName2760,LastName2760,32760,Mumbai,2002-07-23,IT
2761,FirstName2761,LastName2761,32761,Pune,2002-07-24,HR
2762,FirstName2762,LastName2762,32762,Bangalore,2002-07-25,Finance
2763,FirstName2763,LastName2763,32763,Hyderabad,2002-07-26,Sales
2764,FirstName2764,LastName2764,32764,Chennai,2002-07-27,Marketing
2765,FirstName2765,LastName2765,32765,Delhi,2002-07-28,Support
2766,FirstName2766,LastName2766,32766,Noida,2002-07-29,Admin
2767,FirstName2767,LastName2767,32767,Gurgaon,2002-07-30,Operations
2768,FirstName2768,LastName2768,32768,Mumbai,2002-07-31,IT
2769,FirstName2769,LastName2769,32769,Pune,2002-08-01,HR
2770,FirstName2770,LastName2770,32770,Bangalore,2002-08-02,Finance
2771,FirstName2771,LastName2771,32771,Hyderabad,2002-08-03,Sales
2772,FirstName2772,LastName2772,32772,Chennai,2002-08-04,Marketing
2773,FirstName2773,LastName2773,32773,Delhi,2002-08-05,Support
2774,FirstName2774,LastName2774,32774,Noida,2002-08-06,Admin
2775,FirstName2775,LastName2775,32775,Gurgaon,2002-08-07,Operations
2776,FirstName2776,LastName2776,32776,Mumbai,2002-08-08,IT
2777,FirstName2777,LastName2777,32777,Pune,2002-08-09,HR
2778,FirstName2778,LastName2778,32778,Bangalore,2002-08-10,Finance
2779,FirstName2779,LastName2779,32779,Hyderabad,2002-08-11,Sales
2780,FirstName2780,LastName2780,32780,Chennai,2002-08-12,Marketing
2781,FirstName2781,LastName2781,32781,Delhi,2002-08-13,Support
2782,FirstName2782,LastName2782,32782,Noida,2002-08-14,Admin
2783,FirstName2783,LastName2783,32783,Gurgaon,2002-08-15,Operations
2784,FirstName2784,LastName2784,32784,Mumbai,2002-08-16,IT
2785,FirstName2785,LastName2785,32785,Pune,2002-08-17,HR
2786,FirstName2786,LastName2786,32786,Bangalore,2002-08-18,Finance
2787,FirstName2787,LastName2787,32787,Hyderabad,2002-08-19,Sales
2788,FirstName2788,LastName2788,32788,Chennai,2002-08-20,Marketing
2789,FirstName2789,LastName2789,32789,Delhi,2002-08-21,Support
2790,FirstName2790,LastName2790,32790,Noida,2002-08-22,Admin
2791,FirstName2791,LastName2791,32791,Gurgaon,2002-08-23,Operations
2792,FirstName2792,LastName2792,32792,Mumbai,2002-08-24,IT
2793,FirstName2793,LastName2793,32793,Pune,2002-08-25,HR
2794,FirstName2794,LastName2794,32794,Bangalore,2002-08-26,Finance
2795,FirstName2795,LastName2795,32795,Hyderabad,2002-08-27,Sales
2796,FirstName2796,LastName2796,32796,Chennai,2002-08-28,Marketing
2797,FirstName2797,LastName2797,32797,Delhi,2002-08-29,Support
2798,FirstName2798,LastName2798,32798,Noida,2002-08-30,Admin
2799,FirstName2799,LastName2799,32799,Gurgaon,2002-08-31,Operations
2800,FirstName2800,LastName2800,32800,Mumbai,2002-09-01,IT
2801,FirstName2801,LastName2801,32801,Pune,2002-09-02,HR
2802,FirstName2802,LastName2802,32802,Bangalore,2002-09-03,Finance
2803,FirstName2803,LastName2803,32803,Hyderabad,2002-09-04,Sales
2804,FirstName2804,LastName2804,32804,Chennai,2002-09-05,Marketing
2805,FirstName2805,LastName2805,32805,Delhi,2002-09-06,Support
2806,FirstName2806,LastName2806,32806,Noida,2002-09-07,Admin
2807,FirstName2807,LastName2807,32807,Gurgaon,2002-09-08,Operations
2808,FirstName2808,LastName2808,32808,Mumbai,2002-09-09,IT
2809,FirstName2809,LastName2809,32809,Pune,2002-09-10,HR
2810,FirstName2810,LastName2810,32810,Bangalore,2002-09-11,Finance
2811,FirstName2811,LastName2811,32811,Hyderabad,2002-09-12,Sales
2812,FirstName2812,LastName2812,32812,Chennai,2002-09-13,Marketing
2813,FirstName2813,LastName2813,32813,Delhi,2002-09-14,Support
2814,FirstName2814,LastName2814,32814,Noida,2002-09-15,Admin
2815,FirstName2815,LastName2815,32815,Gurgaon,2002-09-16,Operations
2816,FirstName2816,LastName2816,32816,Mumbai,2002-09-17,IT
2817,FirstName2817,LastName2817,32817,Pune,2002-09-18,HR
2818,FirstName2818,LastName2818,32818,Bangalore,2002-09-19,Finance
2819,FirstName2819,LastName2819,32819,Hyderabad,2002-09-20,Sales
2820,FirstName2820,LastName2820,32820,Chennai,2002-09-21,Marketing
2821,FirstName2821,LastName2821,32821,Delhi,2002-09-22,Support
2822,FirstName2822,LastName2822,32822,Noida,2002-09-23,Admin
2823,FirstName2823,LastName2823,32823,Gurgaon,2002-09-24,Operations
2824,FirstName2824,LastName2824,32824,Mumbai,2002-09-25,IT
2825,FirstName2825,LastName2825,32825,Pune,2002-09-26,HR
2826,FirstName2826,LastName2826,32826,Bangalore,2002-09-27,Finance
2827,FirstName2827,LastName2827,32827,Hyderabad,2002-09-28,Sales
2828,FirstName2828,LastName2828,32828,Chennai,2002-09-29,Marketing
2829,FirstName2829,LastName2829,32829,Delhi,2002-09-30,Support
2830,FirstName2830,LastName2830,32830,Noida,2002-10-01,Admin
2831,FirstName2831,LastName2831,32831,Gurgaon,2002-10-02,Operations
2832,FirstName2832,LastName2832,32832,Mumbai,2002-10-03,IT
2833,FirstName2833,LastName2833,32833,Pune,2002-10-04,HR
2834,FirstName2834,LastName2834,32834,Bangalore,2002-10-05,Finance
2835,FirstName2835,LastName2835,32835,Hyderabad,2002-10-06,Sales
2836,FirstName2836,LastName2836,32836,Chennai,2002-10-07,Marketing
2837,FirstName2837,LastName2837,32837,Delhi,2002-10-08,Support
2838,FirstName2838,LastName2838,32838,Noida,2002-10-09,Admin
2839,FirstName2839,LastName2839,32839,Gurgaon,2002-10-10,Operations
2840,FirstName2840,LastName2840,32840,Mumbai,2002-10-11,IT
2841,FirstName2841,LastName2841,32841,Pune,2002-10-12,HR
2842,FirstName2842,LastName2842,32842,Bangalore,2002-10-13,Finance
2843,FirstName2843,LastName2843,32843,Hyderabad,2002-10-14,Sales
2844,FirstName2844,LastName2844,32844,Chennai,2002-10-15,Marketing
2845,FirstName2845,LastName2845,32845,Delhi,2002-10-16,Support
2846,FirstName2846,LastName2846,32846,Noida,2002-10-17,Admin
2847,FirstName2847,LastName2847,32847,Gurgaon,2002-10-18,Operations
2848,FirstName2848,LastName2848,32848,Mumbai,2002-10-19,IT
2849,FirstName2849,LastName2849,32849,Pune,2002-10-20,HR
2850,FirstName2850,LastName2850,32850,Bangalore,2002-10-21,Finance
2851,FirstName2851,LastName2851,32851,Hyderabad,2002-10-22,Sales
2852,FirstName2852,LastName2852,32852,Chennai,2002-10-23,Marketing
2853,FirstName2853,LastName2853,32853,Delhi,2002-10-24,Support
2854,FirstName2854,LastName2854,32854,Noida,2002-10-25,Admin
2855,FirstName2855,LastName2855,32855,Gurgaon,2002-10-26,Operations
2856,FirstName2856,LastName2856,32856,Mumbai,2002-10-27,IT
2857,FirstName2857,LastName2857,32857,Pune,2002-10-28,HR
2858,FirstName2858,LastName2858,32858,Bangalore,2002-10-29,Finance
2859,FirstName2859,LastName2859,32859,Hyderabad,2002-10-30,Sales
2860,FirstName2860,LastName2860,32860,Chennai,2002-10-31,Marketing
2861,FirstName2861,LastName2861,32861,Delhi,2002-11-01,Support
2862,FirstName2862,LastName2862,32862,Noida,2002-11-02,Admin
2863,FirstName2863,LastName2863,32863,Gurgaon,2002-11-03,Operations
2864,FirstName2864,LastName2864,32864,Mumbai,2002-11-04,IT
2865,FirstName2865,LastName2865,32865,Pune,2002-11-05,HR
2866,FirstName2866,LastName2866,32866,Bangalore,2002-11-06,Finance
2867,FirstName2867,LastName2867,32867,Hyderabad,2002-11-07,Sales
2868,FirstName2868,LastName2868,32868,Chennai,2002-11-08,Marketing
2869,FirstName2869,LastName2869,32869,Delhi,2002-11-09,Support
2870,FirstName2870,LastName2870,32870,Noida,2002-11-10,Admin
2871,FirstName2871,LastName2871,32871,Gurgaon,2002-11-11,Operations
2872,FirstName2872,LastName2872,32872,Mumbai,2002-11-12,IT
2873,FirstName2873,LastName2873,32873,Pune,2002-11-13,HR
2874,FirstName2874,LastName2874,32874,Bangalore,2002-11-14,Finance
2875,FirstName2875,LastName2875,32875,Hyderabad,2002-11-15,Sales
2876,FirstName2876,LastName2876,32876,Chennai,2002-11-16,Marketing
2877,FirstName2877,LastName2877,32877,Delhi,2002-11-17,Support
2878,FirstName2878,LastName2878,32878,Noida,2002-11-18,Admin
2879,FirstName2879,LastName2879,32879,Gurgaon,2002-11-19,Operations
2880,FirstName2880,LastName2880,32880,Mumbai,2002-11-20,IT
2881,FirstName2881,LastName2881,32881,Pune,2002-11-21,HR
2882,FirstName2882,LastName2882,32882,Bangalore,2002-11-22,Finance
2883,FirstName2883,LastName2883,32883,Hyderabad,2002-11-23,Sales
2884,FirstName2884,LastName2884,32884,Chennai,2002-11-24,Marketing
2885,FirstName2885,LastName2885,32885,Delhi,2002-11-25,Support
2886,FirstName2886,LastName2886,32886,Noida,2002-11-26,Admin
2887,FirstName2887,LastName2887,32887,Gurgaon,2002-11-27,Operations
2888,FirstName2888,LastName2888,32888,Mumbai,2002-11-28,IT
2889,FirstName2889,LastName2889,32889,Pune,2002-11-29,HR
2890,FirstName2890,LastName2890,32890,Bangalore,2002-11-30,Finance
2891,FirstName2891,LastName2891,32891,Hyderabad,2002-12-01,Sales
2892,FirstName2892,LastName2892,32892,Chennai,2002-12-02,Marketing
2893,FirstName2893,LastName2893,32893,Delhi,2002-12-03,Support
2894,FirstName2894,LastName2894,32894,Noida,2002-12-04,Admin
2895,FirstName2895,LastName2895,32895,Gurgaon,2002-12-05,Operations
2896,FirstName2896,LastName2896,32896,Mumbai,2002-12-06,IT
2897,FirstName2897,LastName2897,32897,Pune,2002-12-07,HR
2898,FirstName2898,LastName2898,32898,Bangalore,2002-12-08,Finance
2899,FirstName2899,LastName2899,32899,Hyderabad,2002-12-09,Sales
2900,FirstName2900,LastName2900,32900,Chennai,2002-12-10,Marketing
2901,FirstName2901,LastName2901,32901,Delhi,2002-12-11,Support
2902,FirstName2902,LastName2902,32902,Noida,2002-12-12,Admin
2903,FirstName2903,LastName2903,32903,Gurgaon,2002-12-13,Operations
2904,FirstName2904,LastName2904,32904,Mumbai,2002-12-14,IT
2905,FirstName2905,LastName2905,32905,Pune,2002-12-15,HR
2906,FirstName2906,LastName2906,32906,Bangalore,2002-12-16,Finance
2907,FirstName2907,LastName2907,32907,Hyderabad,2002-12-17,Sales
2908,FirstName2908,LastName2908,32908,Chennai,2002-12-18,Marketing
2909,FirstName2909,LastName2909,32909,Delhi,2002-12-19,Support
2910,FirstName2910,LastName2910,32910,Noida,2002-12-20,Admin
2911,FirstName2911,LastName2911,32911,Gurgaon,2002-12-21,Operations
2912,FirstName2912,LastName2912,32912,Mumbai,2002-12-22,IT
2913,FirstName2913,LastName2913,32913,Pune,2002-12-23,HR
2914,FirstName2914,LastName2914,32914,Bangalore,2002-12-24,Finance
2915,FirstName2915,LastName2915,32915,Hyderabad,2002-12-25,Sales
2916,FirstName2916,LastName2916,32916,Chennai,2002-12-26,Marketing
2917,FirstName2917,LastName2917,32917,Delhi,2002-12-27,Support
2918,FirstName2918,LastName2918,32918,Noida,2002-12-28,Admin
2919,FirstName2919,LastName2919,32919,Gurgaon,2002-12-29,Operations
2920,FirstName2920,LastName2920,32920,Mumbai,2002-12-30,IT
2921,FirstName2921,LastName2921,32921,Pune,2002-12-31,HR
2922,FirstName2922,LastName2922,32922,Bangalore,2003-01-01,Finance
2923,FirstName2923,LastName2923,32923,Hyderabad,2003-01-02,Sales
2924,FirstName2924,LastName2924,32924,Chennai,2003-01-03,Marketing
2925,FirstName2925,LastName2925,32925,Delhi,2003-01-04,Support
2926,FirstName2926,LastName2926,32926,Noida,2003-01-05,Admin
2927,FirstName2927,LastName2927,32927,Gurgaon,2003-01-06,Operations
2928,FirstName2928,LastName2928,32928,Mumbai,2003-01-07,IT
2929,FirstName2929,LastName2929,32929,Pune,2003-01-08,HR
2930,FirstName2930,LastName2930,32930,Bangalore,2003-01-09,Finance
2931,FirstName2931,LastName2931,32931,Hyderabad,2003-01-10,Sales
2932,FirstName2932,LastName2932,32932,Chennai,2003-01-11,Marketing
2933,FirstName2933,LastName2933,32933,Delhi,2003-01-12,Support
2934,FirstName2934,LastName2934,32934,Noida,2003-01-13,Admin
2935,FirstName2935,LastName2935,32935,Gurgaon,2003-01-14,Operations
2936,FirstName2936,LastName2936,32936,Mumbai,2003-01-15,IT
2937,FirstName2937,LastName2937,32937,Pune,2003-01-16,HR
2938,FirstName2938,LastName2938,32938,Bangalore,2003-01-17,Finance
2939,FirstName2939,LastName2939,32939,Hyderabad,2003-01-18,Sales
2940,FirstName2940,LastName2940,32940,Chennai,2003-01-19,Marketing
2941,FirstName2941,LastName2941,32941,Delhi,2003-01-20,Support
2942,FirstName2942,LastName2942,32942,Noida,2003-01-21,Admin
2943,FirstName2943,LastName2943,32943,Gurgaon,2003-01-22,Operations
2944,FirstName2944,LastName2944,32944,Mumbai,2003-01-23,IT
2945,FirstName2945,LastName2945,32945,Pune,2003-01-24,HR
2946,FirstName2946,LastName2946,32946,Bangalore,2003-01-25,Finance
2947,FirstName2947,LastName2947,32947,Hyderabad,2003-01-26,Sales
2948,FirstName2948,LastName2948,32948,Chennai,2003-01-27,Marketing
2949,FirstName2949,LastName2949,32949,Delhi,2003-01-28,Support
2950,FirstName2950,LastName2950,32950,Noida,2003-01-29,Admin
2951,FirstName2951,LastName2951,32951,Gurgaon,2003-01-30,Operations
2952,FirstName2952,LastName2952,32952,Mumbai,2003-01-31,IT
2953,FirstName2953,LastName2953,32953,Pune,2003-02-01,HR
2954,FirstName2954,LastName2954,32954,Bangalore,2003-02-02,Finance
2955,FirstName2955,LastName2955,32955,Hyderabad,2003-02-03,Sales
2956,FirstName2956,LastName2956,32956,Chennai,2003-02-04,Marketing
2957,FirstName2957,LastName2957,32957,Delhi,2003-02-05,Support
2958,FirstName2958,LastName2958,32958,Noida,2003-02-06,Admin
2959,FirstName2959,LastName2959,32959,Gurgaon,2003-02-07,Operations
2960,FirstName2960,LastName2960,32960,Mumbai,2003-02-08,IT
2961,FirstName2961,LastName2961,32961,Pune,2003-02-09,HR
2962,FirstName2962,LastName2962,32962,Bangalore,2003-02-10,Finance
2963,FirstName2963,LastName2963,32963,Hyderabad,2003-02-11,Sales
2964,FirstName2964,LastName2964,32964,Chennai,2003-02-12,Marketing
2965,FirstName2965,LastName2965,32965,Delhi,2003-02-13,Support
2966,FirstName2966,LastName2966,32966,Noida,2003-02-14,Admin
2967,FirstName2967,LastName2967,32967,Gurgaon,2003-02-15,Operations
2968,FirstName2968,LastName2968,32968,Mumbai,2003-02-16,IT
2969,FirstName2969,LastName2969,32969,Pune,2003-02-17,HR
2970,FirstName2970,LastName2970,32970,Bangalore,2003-02-18,Finance
2971,FirstName2971,LastName2971,32971,Hyderabad,2003-02-19,Sales
2972,FirstName2972,LastName2972,32972,Chennai,2003-02-20,Marketing
2973,FirstName2973,LastName2973,32973,Delhi,2003-02-21,Support
2974,FirstName2974,LastName2974,32974,Noida,2003-02-22,Admin
2975,FirstName2975,LastName2975,32975,Gurgaon,2003-02-23,Operations
2976,FirstName2976,LastName2976,32976,Mumbai,2003-02-24,IT
2977,FirstName2977,LastName2977,32977,Pune,2003-02-25,HR
2978,FirstName2978,LastName2978,32978,Bangalore,2003-02-26,Finance
2979,FirstName2979,LastName2979,32979,Hyderabad,2003-02-27,Sales
2980,FirstName2980,LastName2980,32980,Chennai,2003-02-28,Marketing
2981,FirstName2981,LastName2981,32981,Delhi,2003-03-01,Support
2982,FirstName2982,LastName2982,32982,Noida,2003-03-02,Admin
2983,FirstName2983,LastName2983,32983,Gurgaon,2003-03-03,Operations
2984,FirstName2984,LastName2984,32984,Mumbai,2003-03-04,IT
2985,FirstName2985,LastName2985,32985,Pune,2003-03-05,HR
2986,FirstName2986,LastName2986,32986,Bangalore,2003-03-06,Finance
2987,FirstName2987,LastName2987,32987,Hyderabad,2003-03-07,Sales
2988,FirstName2988,LastName2988,32988,Chennai,2003-03-08,Marketing
2989,FirstName2989,LastName2989,32989,Delhi,2003-03-09,Support
2990,FirstName2990,LastName2990,32990,Noida,2003-03-10,Admin
2991,FirstName2991,LastName2991,32991,Gurgaon,2003-03-11,Operations
2992,FirstName2992,LastName2992,32992,Mumbai,2003-03-12,IT
2993,FirstName2993,LastName2993,32993,Pune,2003-03-13,HR
2994,FirstName2994,LastName2994,32994,Bangalore,2003-03-14,Finance
2995,FirstName2995,LastName2995,32995,Hyderabad,2003-03-15,Sales
2996,FirstName2996,LastName2996,32996,Chennai,2003-03-16,Marketing
2997,FirstName2997,LastName2997,32997,Delhi,2003-03-17,Support
2998,FirstName2998,LastName2998,32998,Noida,2003-03-18,Admin
2999,FirstName2999,LastName2999,32999,Gurgaon,2003-03-19,Operations
3000,FirstName3000,LastName3000,33000,Mumbai,2003-03-20,IT
3001,FirstName3001,LastName3001,33001,Pune,2003-03-21,HR
3002,FirstName3002,LastName3002,33002,Bangalore,2003-03-22,Finance
3003,FirstName3003,LastName3003,33003,Hyderabad,2003-03-23,Sales
3004,FirstName3004,LastName3004,33004,Chennai,2003-03-24,Marketing
3005,FirstName3005,LastName3005,33005,Delhi,2003-03-25,Support
3006,FirstName3006,LastName3006,33006,Noida,2003-03-26,Admin
3007,FirstName3007,LastName3007,33007,Gurgaon,2003-03-27,Operations
3008,FirstName3008,LastName3008,33008,Mumbai,2003-03-28,IT
3009,FirstName3009,LastName3009,33009,Pune,2003-03-29,HR
3010,FirstName3010,LastName3010,33010,Bangalore,2003-03-30,Finance
3011,FirstName3011,LastName3011,33011,Hyderabad,2003-03-31,Sales
3012,FirstName3012,LastName3012,33012,Chennai,2003-04-01,Marketing
3013,FirstName3013,LastName3013,33013,Delhi,2003-04-02,Support
3014,FirstName3014,LastName3014,33014,Noida,2003-04-03,Admin
3015,FirstName3015,LastName3015,33015,Gurgaon,2003-04-04,Operations
3016,FirstName3016,LastName3016,33016,Mumbai,2003-04-05,IT
3017,FirstName3017,LastName3017,33017,Pune,2003-04-06,HR
3018,FirstName3018,LastName3018,33018,Bangalore,2003-04-07,Finance
3019,FirstName3019,LastName3019,33019,Hyderabad,2003-04-08,Sales
3020,FirstName3020,LastName3020,33020,Chennai,2003-04-09,Marketing
3021,FirstName3021,LastName3021,33021,Delhi,2003-04-10,Support
3022,FirstName3022,LastName3022,33022,Noida,2003-04-11,Admin
3023,FirstName3023,LastName3023,33023,Gurgaon,2003-04-12,Operations
3024,FirstName3024,LastName3024,33024,Mumbai,2003-04-13,IT
3025,FirstName3025,LastName3025,33025,Pune,2003-04-14,HR
3026,FirstName3026,LastName3026,33026,Bangalore,2003-04-15,Finance
3027,FirstName3027,LastName3027,33027,Hyderabad,2003-04-16,Sales
3028,FirstName3028,LastName3028,33028,Chennai,2003-04-17,Marketing
3029,FirstName3029,LastName3029,33029,Delhi,2003-04-18,Support
3030,FirstName3030,LastName3030,33030,Noida,2003-04-19,Admin
3031,FirstName3031,LastName3031,33031,Gurgaon,2003-04-20,Operations
3032,FirstName3032,LastName3032,33032,Mumbai,2003-04-21,IT
3033,FirstName3033,LastName3033,33033,Pune,2003-04-22,HR
3034,FirstName3034,LastName3034,33034,Bangalore,2003-04-23,Finance
3035,FirstName3035,LastName3035,33035,Hyderabad,2003-04-24,Sales
3036,FirstName3036,LastName3036,33036,Chennai,2003-04-25,Marketing
3037,FirstName3037,LastName3037,33037,Delhi,2003-04-26,Support
3038,FirstName3038,LastName3038,33038,Noida,2003-04-27,Admin
3039,FirstName3039,LastName3039,33039,Gurgaon,2003-04-28,Operations
3040,FirstName3040,LastName3040,33040,Mumbai,2003-04-29,IT
3041,FirstName3041,LastName3041,33041,Pune,2003-04-30,HR
3042,FirstName3042,LastName3042,33042,Bangalore,2003-05-01,Finance
3043,FirstName3043,LastName3043,33043,Hyderabad,2003-05-02,Sales
3044,FirstName3044,LastName3044,33044,Chennai,2003-05-03,Marketing
3045,FirstName3045,LastName3045,33045,Delhi,2003-05-04,Support
3046,FirstName3046,LastName3046,33046,Noida,2003-05-05,Admin
3047,FirstName3047,LastName3047,33047,Gurgaon,2003-05-06,Operations
3048,FirstName3048,LastName3048,33048,Mumbai,2003-05-07,IT
3049,FirstName3049,LastName3049,33049,Pune,2003-05-08,HR
3050,FirstName3050,LastName3050,33050,Bangalore,2003-05-09,Finance
3051,FirstName3051,LastName3051,33051,Hyderabad,2003-05-10,Sales
3052,FirstName3052,LastName3052,33052,Chennai,2003-05-11,Marketing
3053,FirstName3053,LastName3053,33053,Delhi,2003-05-12,Support
3054,FirstName3054,LastName3054,33054,Noida,2003-05-13,Admin
3055,FirstName3055,LastName3055,33055,Gurgaon,2003-05-14,Operations
3056,FirstName3056,LastName3056,33056,Mumbai,2003-05-15,IT
3057,FirstName3057,LastName3057,33057,Pune,2003-05-16,HR
3058,FirstName3058,LastName3058,33058,Bangalore,2003-05-17,Finance
3059,FirstName3059,LastName3059,33059,Hyderabad,2003-05-18,Sales
3060,FirstName3060,LastName3060,33060,Chennai,2003-05-19,Marketing
3061,FirstName3061,LastName3061,33061,Delhi,2003-05-20,Support
3062,FirstName3062,LastName3062,33062,Noida,2003-05-21,Admin
3063,FirstName3063,LastName3063,33063,Gurgaon,2003-05-22,Operations
3064,FirstName3064,LastName3064,33064,Mumbai,2003-05-23,IT
3065,FirstName3065,LastName3065,33065,Pune,2003-05-24,HR
3066,FirstName3066,LastName3066,33066,Bangalore,2003-05-25,Finance
3067,FirstName3067,LastName3067,33067,Hyderabad,2003-05-26,Sales
3068,FirstName3068,LastName3068,33068,Chennai,2003-05-27,Marketing
3069,FirstName3069,LastName3069,33069,Delhi,2003-05-28,Support
3070,FirstName3070,LastName3070,33070,Noida,2003-05-29,Admin
3071,FirstName3071,LastName3071,33071,Gurgaon,2003-05-30,Operations
3072,FirstName3072,LastName3072,33072,Mumbai,2003-05-31,IT
3073,FirstName3073,LastName3073,33073,Pune,2003-06-01,HR
3074,FirstName3074,LastName3074,33074,Bangalore,2003-06-02,Finance
3075,FirstName3075,LastName3075,33075,Hyderabad,2003-06-03,Sales
3076,FirstName3076,LastName3076,33076,Chennai,2003-06-04,Marketing
3077,FirstName3077,LastName3077,33077,Delhi,2003-06-05,Support
3078,FirstName3078,LastName3078,33078,Noida,2003-06-06,Admin
3079,FirstName3079,LastName3079,33079,Gurgaon,2003-06-07,Operations
3080,FirstName3080,LastName3080,33080,Mumbai,2003-06-08,IT
3081,FirstName3081,LastName3081,33081,Pune,2003-06-09,HR
3082,FirstName3082,LastName3082,33082,Bangalore,2003-06-10,Finance
3083,FirstName3083,LastName3083,33083,Hyderabad,2003-06-11,Sales
3084,FirstName3084,LastName3084,33084,Chennai,2003-06-12,Marketing
3085,FirstName3085,LastName3085,33085,Delhi,2003-06-13,Support
3086,FirstName3086,LastName3086,33086,Noida,2003-06-14,Admin
3087,FirstName3087,LastName3087,33087,Gurgaon,2003-06-15,Operations
3088,FirstName3088,LastName3088,33088,Mumbai,2003-06-16,IT
3089,FirstName3089,LastName3089,33089,Pune,2003-06-17,HR
3090,FirstName3090,LastName3090,33090,Bangalore,2003-06-18,Finance
3091,FirstName3091,LastName3091,33091,Hyderabad,2003-06-19,Sales
3092,FirstName3092,LastName3092,33092,Chennai,2003-06-20,Marketing
3093,FirstName3093,LastName3093,33093,Delhi,2003-06-21,Support
3094,FirstName3094,LastName3094,33094,Noida,2003-06-22,Admin
3095,FirstName3095,LastName3095,33095,Gurgaon,2003-06-23,Operations
3096,FirstName3096,LastName3096,33096,Mumbai,2003-06-24,IT
3097,FirstName3097,LastName3097,33097,Pune,2003-06-25,HR
3098,FirstName3098,LastName3098,33098,Bangalore,2003-06-26,Finance
3099,FirstName3099,LastName3099,33099,Hyderabad,2003-06-27,Sales
3100,FirstName3100,LastName3100,33100,Chennai,2003-06-28,Marketing
3101,FirstName3101,LastName3101,33101,Delhi,2003-06-29,Support
3102,FirstName3102,LastName3102,33102,Noida,2003-06-30,Admin
3103,FirstName3103,LastName3103,33103,Gurgaon,2003-07-01,Operations
3104,FirstName3104,LastName3104,33104,Mumbai,2003-07-02,IT
3105,FirstName3105,LastName3105,33105,Pune,2003-07-03,HR
3106,FirstName3106,LastName3106,33106,Bangalore,2003-07-04,Finance
3107,FirstName3107,LastName3107,33107,Hyderabad,2003-07-05,Sales
3108,FirstName3108,LastName3108,33108,Chennai,2003-07-06,Marketing
3109,FirstName3109,LastName3109,33109,Delhi,2003-07-07,Support
3110,FirstName3110,LastName3110,33110,Noida,2003-07-08,Admin
3111,FirstName3111,LastName3111,33111,Gurgaon,2003-07-09,Operations
3112,FirstName3112,LastName3112,33112,Mumbai,2003-07-10,IT
3113,FirstName3113,LastName3113,33113,Pune,2003-07-11,HR
3114,FirstName3114,LastName3114,33114,Bangalore,2003-07-12,Finance
3115,FirstName3115,LastName3115,33115,Hyderabad,2003-07-13,Sales
3116,FirstName3116,LastName3116,33116,Chennai,2003-07-14,Marketing
3117,FirstName3117,LastName3117,33117,Delhi,2003-07-15,Support
3118,FirstName3118,LastName3118,33118,Noida,2003-07-16,Admin
3119,FirstName3119,LastName3119,33119,Gurgaon,2003-07-17,Operations
3120,FirstName3120,LastName3120,33120,Mumbai,2003-07-18,IT
3121,FirstName3121,LastName3121,33121,Pune,2003-07-19,HR
3122,FirstName3122,LastName3122,33122,Bangalore,2003-07-20,Finance
3123,FirstName3123,LastName3123,33123,Hyderabad,2003-07-21,Sales
3124,FirstName3124,LastName3124,33124,Chennai,2003-07-22,Marketing
3125,FirstName3125,LastName3125,33125,Delhi,2003-07-23,Support
3126,FirstName3126,LastName3126,33126,Noida,2003-07-24,Admin
3127,FirstName3127,LastName3127,33127,Gurgaon,2003-07-25,Operations
3128,FirstName3128,LastName3128,33128,Mumbai,2003-07-26,IT
3129,FirstName3129,LastName3129,33129,Pune,2003-07-27,HR
3130,FirstName3130,LastName3130,33130,Bangalore,2003-07-28,Finance
3131,FirstName3131,LastName3131,33131,Hyderabad,2003-07-29,Sales
3132,FirstName3132,LastName3132,33132,Chennai,2003-07-30,Marketing
3133,FirstName3133,LastName3133,33133,Delhi,2003-07-31,Support
3134,FirstName3134,LastName3134,33134,Noida,2003-08-01,Admin
3135,FirstName3135,LastName3135,33135,Gurgaon,2003-08-02,Operations
3136,FirstName3136,LastName3136,33136,Mumbai,2003-08-03,IT
3137,FirstName3137,LastName3137,33137,Pune,2003-08-04,HR
3138,FirstName3138,LastName3138,33138,Bangalore,2003-08-05,Finance
3139,FirstName3139,LastName3139,33139,Hyderabad,2003-08-06,Sales
3140,FirstName3140,LastName3140,33140,Chennai,2003-08-07,Marketing
3141,FirstName3141,LastName3141,33141,Delhi,2003-08-08,Support
3142,FirstName3142,LastName3142,33142,Noida,2003-08-09,Admin
3143,FirstName3143,LastName3143,33143,Gurgaon,2003-08-10,Operations
3144,FirstName3144,LastName3144,33144,Mumbai,2003-08-11,IT
3145,FirstName3145,LastName3145,33145,Pune,2003-08-12,HR
3146,FirstName3146,LastName3146,33146,Bangalore,2003-08-13,Finance
3147,FirstName3147,LastName3147,33147,Hyderabad,2003-08-14,Sales
3148,FirstName3148,LastName3148,33148,Chennai,2003-08-15,Marketing
3149,FirstName3149,LastName3149,33149,Delhi,2003-08-16,Support
3150,FirstName3150,LastName3150,33150,Noida,2003-08-17,Admin
3151,FirstName3151,LastName3151,33151,Gurgaon,2003-08-18,Operations
3152,FirstName3152,LastName3152,33152,Mumbai,2003-08-19,IT
3153,FirstName3153,LastName3153,33153,Pune,2003-08-20,HR
3154,FirstName3154,LastName3154,33154,Bangalore,2003-08-21,Finance
3155,FirstName3155,LastName3155,33155,Hyderabad,2003-08-22,Sales
3156,FirstName3156,LastName3156,33156,Chennai,2003-08-23,Marketing
3157,FirstName3157,LastName3157,33157,Delhi,2003-08-24,Support
3158,FirstName3158,LastName3158,33158,Noida,2003-08-25,Admin
3159,FirstName3159,LastName3159,33159,Gurgaon,2003-08-26,Operations
3160,FirstName3160,LastName3160,33160,Mumbai,2003-08-27,IT
3161,FirstName3161,LastName3161,33161,Pune,2003-08-28,HR
3162,FirstName3162,LastName3162,33162,Bangalore,2003-08-29,Finance
3163,FirstName3163,LastName3163,33163,Hyderabad,2003-08-30,Sales
3164,FirstName3164,LastName3164,33164,Chennai,2003-08-31,Marketing
3165,FirstName3165,LastName3165,33165,Delhi,2003-09-01,Support
3166,FirstName3166,LastName3166,33166,Noida,2003-09-02,Admin
3167,FirstName3167,LastName3167,33167,Gurgaon,2003-09-03,Operations
3168,FirstName3168,LastName3168,33168,Mumbai,2003-09-04,IT
3169,FirstName3169,LastName3169,33169,Pune,2003-09-05,HR
3170,FirstName3170,LastName3170,33170,Bangalore,2003-09-06,Finance
3171,FirstName3171,LastName3171,33171,Hyderabad,2003-09-07,Sales
3172,FirstName3172,LastName3172,33172,Chennai,2003-09-08,Marketing
3173,FirstName3173,LastName3173,33173,Delhi,2003-09-09,Support
3174,FirstName3174,LastName3174,33174,Noida,2003-09-10,Admin
3175,FirstName3175,LastName3175,33175,Gurgaon,2003-09-11,Operations
3176,FirstName3176,LastName3176,33176,Mumbai,2003-09-12,IT
3177,FirstName3177,LastName3177,33177,Pune,2003-09-13,HR
3178,FirstName3178,LastName3178,33178,Bangalore,2003-09-14,Finance
3179,FirstName3179,LastName3179,33179,Hyderabad,2003-09-15,Sales
3180,FirstName3180,LastName3180,33180,Chennai,2003-09-16,Marketing
3181,FirstName3181,LastName3181,33181,Delhi,2003-09-17,Support
3182,FirstName3182,LastName3182,33182,Noida,2003-09-18,Admin
3183,FirstName3183,LastName3183,33183,Gurgaon,2003-09-19,Operations
3184,FirstName3184,LastName3184,33184,Mumbai,2003-09-20,IT
3185,FirstName3185,LastName3185,33185,Pune,2003-09-21,HR
3186,FirstName3186,LastName3186,33186,Bangalore,2003-09-22,Finance
3187,FirstName3187,LastName3187,33187,Hyderabad,2003-09-23,Sales
3188,FirstName3188,LastName3188,33188,Chennai,2003-09-24,Marketing
3189,FirstName3189,LastName3189,33189,Delhi,2003-09-25,Support
3190,FirstName3190,LastName3190,33190,Noida,2003-09-26,Admin
3191,FirstName3191,LastName3191,33191,Gurgaon,2003-09-27,Operations
3192,FirstName3192,LastName3192,33192,Mumbai,2003-09-28,IT
3193,FirstName3193,LastName3193,33193,Pune,2003-09-29,HR
3194,FirstName3194,LastName3194,33194,Bangalore,2003-09-30,Finance
3195,FirstName3195,LastName3195,33195,Hyderabad,2003-10-01,Sales
3196,FirstName3196,LastName3196,33196,Chennai,2003-10-02,Marketing
3197,FirstName3197,LastName3197,33197,Delhi,2003-10-03,Support
3198,FirstName3198,LastName3198,33198,Noida,2003-10-04,Admin
3199,FirstName3199,LastName3199,33199,Gurgaon,2003-10-05,Operations
3200,FirstName3200,LastName3200,33200,Mumbai,2003-10-06,IT
3201,FirstName3201,LastName3201,33201,Pune,2003-10-07,HR
3202,FirstName3202,LastName3202,33202,Bangalore,2003-10-08,Finance
3203,FirstName3203,LastName3203,33203,Hyderabad,2003-10-09,Sales
3204,FirstName3204,LastName3204,33204,Chennai,2003-10-10,Marketing
3205,FirstName3205,LastName3205,33205,Delhi,2003-10-11,Support
3206,FirstName3206,LastName3206,33206,Noida,2003-10-12,Admin
3207,FirstName3207,LastName3207,33207,Gurgaon,2003-10-13,Operations
3208,FirstName3208,LastName3208,33208,Mumbai,2003-10-14,IT
3209,FirstName3209,LastName3209,33209,Pune,2003-10-15,HR
3210,FirstName3210,LastName3210,33210,Bangalore,2003-10-16,Finance
3211,FirstName3211,LastName3211,33211,Hyderabad,2003-10-17,Sales
3212,FirstName3212,LastName3212,33212,Chennai,2003-10-18,Marketing
3213,FirstName3213,LastName3213,33213,Delhi,2003-10-19,Support
3214,FirstName3214,LastName3214,33214,Noida,2003-10-20,Admin
3215,FirstName3215,LastName3215,33215,Gurgaon,2003-10-21,Operations
3216,FirstName3216,LastName3216,33216,Mumbai,2003-10-22,IT
3217,FirstName3217,LastName3217,33217,Pune,2003-10-23,HR
3218,FirstName3218,LastName3218,33218,Bangalore,2003-10-24,Finance
3219,FirstName3219,LastName3219,33219,Hyderabad,2003-10-25,Sales
3220,FirstName3220,LastName3220,33220,Chennai,2003-10-26,Marketing
3221,FirstName3221,LastName3221,33221,Delhi,2003-10-27,Support
3222,FirstName3222,LastName3222,33222,Noida,2003-10-28,Admin
3223,FirstName3223,LastName3223,33223,Gurgaon,2003-10-29,Operations
3224,FirstName3224,LastName3224,33224,Mumbai,2003-10-30,IT
3225,FirstName3225,LastName3225,33225,Pune,2003-10-31,HR
3226,FirstName3226,LastName3226,33226,Bangalore,2003-11-01,Finance
3227,FirstName3227,LastName3227,33227,Hyderabad,2003-11-02,Sales
3228,FirstName3228,LastName3228,33228,Chennai,2003-11-03,Marketing
3229,FirstName3229,LastName3229,33229,Delhi,2003-11-04,Support
3230,FirstName3230,LastName3230,33230,Noida,2003-11-05,Admin
3231,FirstName3231,LastName3231,33231,Gurgaon,2003-11-06,Operations
3232,FirstName3232,LastName3232,33232,Mumbai,2003-11-07,IT
3233,FirstName3233,LastName3233,33233,Pune,2003-11-08,HR
3234,FirstName3234,LastName3234,33234,Bangalore,2003-11-09,Finance
3235,FirstName3235,LastName3235,33235,Hyderabad,2003-11-10,Sales
3236,FirstName3236,LastName3236,33236,Chennai,2003-11-11,Marketing
3237,FirstName3237,LastName3237,33237,Delhi,2003-11-12,Support
3238,FirstName3238,LastName3238,33238,Noida,2003-11-13,Admin
3239,FirstName3239,LastName3239,33239,Gurgaon,2003-11-14,Operations
3240,FirstName3240,LastName3240,33240,Mumbai,2003-11-15,IT
3241,FirstName3241,LastName3241,33241,Pune,2003-11-16,HR
3242,FirstName3242,LastName3242,33242,Bangalore,2003-11-17,Finance
3243,FirstName3243,LastName3243,33243,Hyderabad,2003-11-18,Sales
3244,FirstName3244,LastName3244,33244,Chennai,2003-11-19,Marketing
3245,FirstName3245,LastName3245,33245,Delhi,2003-11-20,Support
3246,FirstName3246,LastName3246,33246,Noida,2003-11-21,Admin
3247,FirstName3247,LastName3247,33247,Gurgaon,2003-11-22,Operations
3248,FirstName3248,LastName3248,33248,Mumbai,2003-11-23,IT
3249,FirstName3249,LastName3249,33249,Pune,2003-11-24,HR
3250,FirstName3250,LastName3250,33250,Bangalore,2003-11-25,Finance
3251,FirstName3251,LastName3251,33251,Hyderabad,2003-11-26,Sales
3252,FirstName3252,LastName3252,33252,Chennai,2003-11-27,Marketing
3253,FirstName3253,LastName3253,33253,Delhi,2003-11-28,Support
3254,FirstName3254,LastName3254,33254,Noida,2003-11-29,Admin
3255,FirstName3255,LastName3255,33255,Gurgaon,2003-11-30,Operations
3256,FirstName3256,LastName3256,33256,Mumbai,2003-12-01,IT
3257,FirstName3257,LastName3257,33257,Pune,2003-12-02,HR
3258,FirstName3258,LastName3258,33258,Bangalore,2003-12-03,Finance
3259,FirstName3259,LastName3259,33259,Hyderabad,2003-12-04,Sales
3260,FirstName3260,LastName3260,33260,Chennai,2003-12-05,Marketing
3261,FirstName3261,LastName3261,33261,Delhi,2003-12-06,Support
3262,FirstName3262,LastName3262,33262,Noida,2003-12-07,Admin
3263,FirstName3263,LastName3263,33263,Gurgaon,2003-12-08,Operations
3264,FirstName3264,LastName3264,33264,Mumbai,2003-12-09,IT
3265,FirstName3265,LastName3265,33265,Pune,2003-12-10,HR
3266,FirstName3266,LastName3266,33266,Bangalore,2003-12-11,Finance
3267,FirstName3267,LastName3267,33267,Hyderabad,2003-12-12,Sales
3268,FirstName3268,LastName3268,33268,Chennai,2003-12-13,Marketing
3269,FirstName3269,LastName3269,33269,Delhi,2003-12-14,Support
3270,FirstName3270,LastName3270,33270,Noida,2003-12-15,Admin
3271,FirstName3271,LastName3271,33271,Gurgaon,2003-12-16,Operations
3272,FirstName3272,LastName3272,33272,Mumbai,2003-12-17,IT
3273,FirstName3273,LastName3273,33273,Pune,2003-12-18,HR
3274,FirstName3274,LastName3274,33274,Bangalore,2003-12-19,Finance
3275,FirstName3275,LastName3275,33275,Hyderabad,2003-12-20,Sales
3276,FirstName3276,LastName3276,33276,Chennai,2003-12-21,Marketing
3277,FirstName3277,LastName3277,33277,Delhi,2003-12-22,Support
3278,FirstName3278,LastName3278,33278,Noida,2003-12-23,Admin
3279,FirstName3279,LastName3279,33279,Gurgaon,2003-12-24,Operations
3280,FirstName3280,LastName3280,33280,Mumbai,2003-12-25,IT
3281,FirstName3281,LastName3281,33281,Pune,2003-12-26,HR
3282,FirstName3282,LastName3282,33282,Bangalore,2003-12-27,Finance
3283,FirstName3283,LastName3283,33283,Hyderabad,2003-12-28,Sales
3284,FirstName3284,LastName3284,33284,Chennai,2003-12-29,Marketing
3285,FirstName3285,LastName3285,33285,Delhi,2003-12-30,Support
3286,FirstName3286,LastName3286,33286,Noida,2003-12-31,Admin
3287,FirstName3287,LastName3287,33287,Gurgaon,2004-01-01,Operations
3288,FirstName3288,LastName3288,33288,Mumbai,2004-01-02,IT
3289,FirstName3289,LastName3289,33289,Pune,2004-01-03,HR
3290,FirstName3290,LastName3290,33290,Bangalore,2004-01-04,Finance
3291,FirstName3291,LastName3291,33291,Hyderabad,2004-01-05,Sales
3292,FirstName3292,LastName3292,33292,Chennai,2004-01-06,Marketing
3293,FirstName3293,LastName3293,33293,Delhi,2004-01-07,Support
3294,FirstName3294,LastName3294,33294,Noida,2004-01-08,Admin
3295,FirstName3295,LastName3295,33295,Gurgaon,2004-01-09,Operations
3296,FirstName3296,LastName3296,33296,Mumbai,2004-01-10,IT
3297,FirstName3297,LastName3297,33297,Pune,2004-01-11,HR
3298,FirstName3298,LastName3298,33298,Bangalore,2004-01-12,Finance
3299,FirstName3299,LastName3299,33299,Hyderabad,2004-01-13,Sales
3300,FirstName3300,LastName3300,33300,Chennai,2004-01-14,Marketing
3301,FirstName3301,LastName3301,33301,Delhi,2004-01-15,Support
3302,FirstName3302,LastName3302,33302,Noida,2004-01-16,Admin
3303,FirstName3303,LastName3303,33303,Gurgaon,2004-01-17,Operations
3304,FirstName3304,LastName3304,33304,Mumbai,2004-01-18,IT
3305,FirstName3305,LastName3305,33305,Pune,2004-01-19,HR
3306,FirstName3306,LastName3306,33306,Bangalore,2004-01-20,Finance
3307,FirstName3307,LastName3307,33307,Hyderabad,2004-01-21,Sales
3308,FirstName3308,LastName3308,33308,Chennai,2004-01-22,Marketing
3309,FirstName3309,LastName3309,33309,Delhi,2004-01-23,Support
3310,FirstName3310,LastName3310,33310,Noida,2004-01-24,Admin
3311,FirstName3311,LastName3311,33311,Gurgaon,2004-01-25,Operations
3312,FirstName3312,LastName3312,33312,Mumbai,2004-01-26,IT
3313,FirstName3313,LastName3313,33313,Pune,2004-01-27,HR
3314,FirstName3314,LastName3314,33314,Bangalore,2004-01-28,Finance
3315,FirstName3315,LastName3315,33315,Hyderabad,2004-01-29,Sales
3316,FirstName3316,LastName3316,33316,Chennai,2004-01-30,Marketing
3317,FirstName3317,LastName3317,33317,Delhi,2004-01-31,Support
3318,FirstName3318,LastName3318,33318,Noida,2004-02-01,Admin
3319,FirstName3319,LastName3319,33319,Gurgaon,2004-02-02,Operations
3320,FirstName3320,LastName3320,33320,Mumbai,2004-02-03,IT
3321,FirstName3321,LastName3321,33321,Pune,2004-02-04,HR
3322,FirstName3322,LastName3322,33322,Bangalore,2004-02-05,Finance
3323,FirstName3323,LastName3323,33323,Hyderabad,2004-02-06,Sales
3324,FirstName3324,LastName3324,33324,Chennai,2004-02-07,Marketing
3325,FirstName3325,LastName3325,33325,Delhi,2004-02-08,Support
3326,FirstName3326,LastName3326,33326,Noida,2004-02-09,Admin
3327,FirstName3327,LastName3327,33327,Gurgaon,2004-02-10,Operations
3328,FirstName3328,LastName3328,33328,Mumbai,2004-02-11,IT
3329,FirstName3329,LastName3329,33329,Pune,2004-02-12,HR
3330,FirstName3330,LastName3330,33330,Bangalore,2004-02-13,Finance
3331,FirstName3331,LastName3331,33331,Hyderabad,2004-02-14,Sales
3332,FirstName3332,LastName3332,33332,Chennai,2004-02-15,Marketing
3333,FirstName3333,LastName3333,33333,Delhi,2004-02-16,Support
3334,FirstName3334,LastName3334,33334,Noida,2004-02-17,Admin
3335,FirstName3335,LastName3335,33335,Gurgaon,2004-02-18,Operations
3336,FirstName3336,LastName3336,33336,Mumbai,2004-02-19,IT
3337,FirstName3337,LastName3337,33337,Pune,2004-02-20,HR
3338,FirstName3338,LastName3338,33338,Bangalore,2004-02-21,Finance
3339,FirstName3339,LastName3339,33339,Hyderabad,2004-02-22,Sales
3340,FirstName3340,LastName3340,33340,Chennai,2004-02-23,Marketing
3341,FirstName3341,LastName3341,33341,Delhi,2004-02-24,Support
3342,FirstName3342,LastName3342,33342,Noida,2004-02-25,Admin
3343,FirstName3343,LastName3343,33343,Gurgaon,2004-02-26,Operations
3344,FirstName3344,LastName3344,33344,Mumbai,2004-02-27,IT
3345,FirstName3345,LastName3345,33345,Pune,2004-02-28,HR
3346,FirstName3346,LastName3346,33346,Bangalore,2004-02-29,Finance
3347,FirstName3347,LastName3347,33347,Hyderabad,2004-03-01,Sales
3348,FirstName3348,LastName3348,33348,Chennai,2004-03-02,Marketing
3349,FirstName3349,LastName3349,33349,Delhi,2004-03-03,Support
3350,FirstName3350,LastName3350,33350,Noida,2004-03-04,Admin
3351,FirstName3351,LastName3351,33351,Gurgaon,2004-03-05,Operations
3352,FirstName3352,LastName3352,33352,Mumbai,2004-03-06,IT
3353,FirstName3353,LastName3353,33353,Pune,2004-03-07,HR
3354,FirstName3354,LastName3354,33354,Bangalore,2004-03-08,Finance
3355,FirstName3355,LastName3355,33355,Hyderabad,2004-03-09,Sales
3356,FirstName3356,LastName3356,33356,Chennai,2004-03-10,Marketing
3357,FirstName3357,LastName3357,33357,Delhi,2004-03-11,Support
3358,FirstName3358,LastName3358,33358,Noida,2004-03-12,Admin
3359,FirstName3359,LastName3359,33359,Gurgaon,2004-03-13,Operations
3360,FirstName3360,LastName3360,33360,Mumbai,2004-03-14,IT
3361,FirstName3361,LastName3361,33361,Pune,2004-03-15,HR
3362,FirstName3362,LastName3362,33362,Bangalore,2004-03-16,Finance
3363,FirstName3363,LastName3363,33363,Hyderabad,2004-03-17,Sales
3364,FirstName3364,LastName3364,33364,Chennai,2004-03-18,Marketing
3365,FirstName3365,LastName3365,33365,Delhi,2004-03-19,Support
3366,FirstName3366,LastName3366,33366,Noida,2004-03-20,Admin
3367,FirstName3367,LastName3367,33367,Gurgaon,2004-03-21,Operations
3368,FirstName3368,LastName3368,33368,Mumbai,2004-03-22,IT
3369,FirstName3369,LastName3369,33369,Pune,2004-03-23,HR
3370,FirstName3370,LastName3370,33370,Bangalore,2004-03-24,Finance
3371,FirstName3371,LastName3371,33371,Hyderabad,2004-03-25,Sales
3372,FirstName3372,LastName3372,33372,Chennai,2004-03-26,Marketing
3373,FirstName3373,LastName3373,33373,Delhi,2004-03-27,Support
3374,FirstName3374,LastName3374,33374,Noida,2004-03-28,Admin
3375,FirstName3375,LastName3375,33375,Gurgaon,2004-03-29,Operations
3376,FirstName3376,LastName3376,33376,Mumbai,2004-03-30,IT
3377,FirstName3377,LastName3377,33377,Pune,2004-03-31,HR
3378,FirstName3378,LastName3378,33378,Bangalore,2004-04-01,Finance
3379,FirstName3379,LastName3379,33379,Hyderabad,2004-04-02,Sales
3380,FirstName3380,LastName3380,33380,Chennai,2004-04-03,Marketing
3381,FirstName3381,LastName3381,33381,Delhi,2004-04-04,Support
3382,FirstName3382,LastName3382,33382,Noida,2004-04-05,Admin
3383,FirstName3383,LastName3383,33383,Gurgaon,2004-04-06,Operations
3384,FirstName3384,LastName3384,33384,Mumbai,2004-04-07,IT
3385,FirstName3385,LastName3385,33385,Pune,2004-04-08,HR
3386,FirstName3386,LastName3386,33386,Bangalore,2004-04-09,Finance
3387,FirstName3387,LastName3387,33387,Hyderabad,2004-04-10,Sales
3388,FirstName3388,LastName3388,33388,Chennai,2004-04-11,Marketing
3389,FirstName3389,LastName3389,33389,Delhi,2004-04-12,Support
3390,FirstName3390,LastName3390,33390,Noida,2004-04-13,Admin
3391,FirstName3391,LastName3391,33391,Gurgaon,2004-04-14,Operations
3392,FirstName3392,LastName3392,33392,Mumbai,2004-04-15,IT
3393,FirstName3393,LastName3393,33393,Pune,2004-04-16,HR
3394,FirstName3394,LastName3394,33394,Bangalore,2004-04-17,Finance
3395,FirstName3395,LastName3395,33395,Hyderabad,2004-04-18,Sales
3396,FirstName3396,LastName3396,33396,Chennai,2004-04-19,Marketing
3397,FirstName3397,LastName3397,33397,Delhi,2004-04-20,Support
3398,FirstName3398,LastName3398,33398,Noida,2004-04-21,Admin
3399,FirstName3399,LastName3399,33399,Gurgaon,2004-04-22,Operations
3400,FirstName3400,LastName3400,33400,Mumbai,2004-04-23,IT
3401,FirstName3401,LastName3401,33401,Pune,2004-04-24,HR
3402,FirstName3402,LastName3402,33402,Bangalore,2004-04-25,Finance
3403,FirstName3403,LastName3403,33403,Hyderabad,2004-04-26,Sales
3404,FirstName3404,LastName3404,33404,Chennai,2004-04-27,Marketing
3405,FirstName3405,LastName3405,33405,Delhi,2004-04-28,Support
3406,FirstName3406,LastName3406,33406,Noida,2004-04-29,Admin
3407,FirstName3407,LastName3407,33407,Gurgaon,2004-04-30,Operations
3408,FirstName3408,LastName3408,33408,Mumbai,2004-05-01,IT
3409,FirstName3409,LastName3409,33409,Pune,2004-05-02,HR
3410,FirstName3410,LastName3410,33410,Bangalore,2004-05-03,Finance
3411,FirstName3411,LastName3411,33411,Hyderabad,2004-05-04,Sales
3412,FirstName3412,LastName3412,33412,Chennai,2004-05-05,Marketing
3413,FirstName3413,LastName3413,33413,Delhi,2004-05-06,Support
3414,FirstName3414,LastName3414,33414,Noida,2004-05-07,Admin
3415,FirstName3415,LastName3415,33415,Gurgaon,2004-05-08,Operations
3416,FirstName3416,LastName3416,33416,Mumbai,2004-05-09,IT
3417,FirstName3417,LastName3417,33417,Pune,2004-05-10,HR
3418,FirstName3418,LastName3418,33418,Bangalore,2004-05-11,Finance
3419,FirstName3419,LastName3419,33419,Hyderabad,2004-05-12,Sales
3420,FirstName3420,LastName3420,33420,Chennai,2004-05-13,Marketing
3421,FirstName3421,LastName3421,33421,Delhi,2004-05-14,Support
3422,FirstName3422,LastName3422,33422,Noida,2004-05-15,Admin
3423,FirstName3423,LastName3423,33423,Gurgaon,2004-05-16,Operations
3424,FirstName3424,LastName3424,33424,Mumbai,2004-05-17,IT
3425,FirstName3425,LastName3425,33425,Pune,2004-05-18,HR
3426,FirstName3426,LastName3426,33426,Bangalore,2004-05-19,Finance
3427,FirstName3427,LastName3427,33427,Hyderabad,2004-05-20,Sales
3428,FirstName3428,LastName3428,33428,Chennai,2004-05-21,Marketing
3429,FirstName3429,LastName3429,33429,Delhi,2004-05-22,Support
3430,FirstName3430,LastName3430,33430,Noida,2004-05-23,Admin
3431,FirstName3431,LastName3431,33431,Gurgaon,2004-05-24,Operations
3432,FirstName3432,LastName3432,33432,Mumbai,2004-05-25,IT
3433,FirstName3433,LastName3433,33433,Pune,2004-05-26,HR
3434,FirstName3434,LastName3434,33434,Bangalore,2004-05-27,Finance
3435,FirstName3435,LastName3435,33435,Hyderabad,2004-05-28,Sales
3436,FirstName3436,LastName3436,33436,Chennai,2004-05-29,Marketing
3437,FirstName3437,LastName3437,33437,Delhi,2004-05-30,Support
3438,FirstName3438,LastName3438,33438,Noida,2004-05-31,Admin
3439,FirstName3439,LastName3439,33439,Gurgaon,2004-06-01,Operations
3440,FirstName3440,LastName3440,33440,Mumbai,2004-06-02,IT
3441,FirstName3441,LastName3441,33441,Pune,2004-06-03,HR
3442,FirstName3442,LastName3442,33442,Bangalore,2004-06-04,Finance
3443,FirstName3443,LastName3443,33443,Hyderabad,2004-06-05,Sales
3444,FirstName3444,LastName3444,33444,Chennai,2004-06-06,Marketing
3445,FirstName3445,LastName3445,33445,Delhi,2004-06-07,Support
3446,FirstName3446,LastName3446,33446,Noida,2004-06-08,Admin
3447,FirstName3447,LastName3447,33447,Gurgaon,2004-06-09,Operations
3448,FirstName3448,LastName3448,33448,Mumbai,2004-06-10,IT
3449,FirstName3449,LastName3449,33449,Pune,2004-06-11,HR
3450,FirstName3450,LastName3450,33450,Bangalore,2004-06-12,Finance
3451,FirstName3451,LastName3451,33451,Hyderabad,2004-06-13,Sales
3452,FirstName3452,LastName3452,33452,Chennai,2004-06-14,Marketing
3453,FirstName3453,LastName3453,33453,Delhi,2004-06-15,Support
3454,FirstName3454,LastName3454,33454,Noida,2004-06-16,Admin
3455,FirstName3455,LastName3455,33455,Gurgaon,2004-06-17,Operations
3456,FirstName3456,LastName3456,33456,Mumbai,2004-06-18,IT
3457,FirstName3457,LastName3457,33457,Pune,2004-06-19,HR
3458,FirstName3458,LastName3458,33458,Bangalore,2004-06-20,Finance
3459,FirstName3459,LastName3459,33459,Hyderabad,2004-06-21,Sales
3460,FirstName3460,LastName3460,33460,Chennai,2004-06-22,Marketing
3461,FirstName3461,LastName3461,33461,Delhi,2004-06-23,Support
3462,FirstName3462,LastName3462,33462,Noida,2004-06-24,Admin
3463,FirstName3463,LastName3463,33463,Gurgaon,2004-06-25,Operations
3464,FirstName3464,LastName3464,33464,Mumbai,2004-06-26,IT
3465,FirstName3465,LastName3465,33465,Pune,2004-06-27,HR
3466,FirstName3466,LastName3466,33466,Bangalore,2004-06-28,Finance
3467,FirstName3467,LastName3467,33467,Hyderabad,2004-06-29,Sales
3468,FirstName3468,LastName3468,33468,Chennai,2004-06-30,Marketing
3469,FirstName3469,LastName3469,33469,Delhi,2004-07-01,Support
3470,FirstName3470,LastName3470,33470,Noida,2004-07-02,Admin
3471,FirstName3471,LastName3471,33471,Gurgaon,2004-07-03,Operations
3472,FirstName3472,LastName3472,33472,Mumbai,2004-07-04,IT
3473,FirstName3473,LastName3473,33473,Pune,2004-07-05,HR
3474,FirstName3474,LastName3474,33474,Bangalore,2004-07-06,Finance
3475,FirstName3475,LastName3475,33475,Hyderabad,2004-07-07,Sales
3476,FirstName3476,LastName3476,33476,Chennai,2004-07-08,Marketing
3477,FirstName3477,LastName3477,33477,Delhi,2004-07-09,Support
3478,FirstName3478,LastName3478,33478,Noida,2004-07-10,Admin
3479,FirstName3479,LastName3479,33479,Gurgaon,2004-07-11,Operations
3480,FirstName3480,LastName3480,33480,Mumbai,2004-07-12,IT
3481,FirstName3481,LastName3481,33481,Pune,2004-07-13,HR
3482,FirstName3482,LastName3482,33482,Bangalore,2004-07-14,Finance
3483,FirstName3483,LastName3483,33483,Hyderabad,2004-07-15,Sales
3484,FirstName3484,LastName3484,33484,Chennai,2004-07-16,Marketing
3485,FirstName3485,LastName3485,33485,Delhi,2004-07-17,Support
3486,FirstName3486,LastName3486,33486,Noida,2004-07-18,Admin
3487,FirstName3487,LastName3487,33487,Gurgaon,2004-07-19,Operations
3488,FirstName3488,LastName3488,33488,Mumbai,2004-07-20,IT
3489,FirstName3489,LastName3489,33489,Pune,2004-07-21,HR
3490,FirstName3490,LastName3490,33490,Bangalore,2004-07-22,Finance
3491,FirstName3491,LastName3491,33491,Hyderabad,2004-07-23,Sales
3492,FirstName3492,LastName3492,33492,Chennai,2004-07-24,Marketing
3493,FirstName3493,LastName3493,33493,Delhi,2004-07-25,Support
3494,FirstName3494,LastName3494,33494,Noida,2004-07-26,Admin
3495,FirstName3495,LastName3495,33495,Gurgaon,2004-07-27,Operations
3496,FirstName3496,LastName3496,33496,Mumbai,2004-07-28,IT
3497,FirstName3497,LastName3497,33497,Pune,2004-07-29,HR
3498,FirstName3498,LastName3498,33498,Bangalore,2004-07-30,Finance
3499,FirstName3499,LastName3499,33499,Hyderabad,2004-07-31,Sales
3500,FirstName3500,LastName3500,33500,Chennai,2004-08-01,Marketing
3501,FirstName3501,LastName3501,33501,Delhi,2004-08-02,Support
3502,FirstName3502,LastName3502,33502,Noida,2004-08-03,Admin
3503,FirstName3503,LastName3503,33503,Gurgaon,2004-08-04,Operations
3504,FirstName3504,LastName3504,33504,Mumbai,2004-08-05,IT
3505,FirstName3505,LastName3505,33505,Pune,2004-08-06,HR
3506,FirstName3506,LastName3506,33506,Bangalore,2004-08-07,Finance
3507,FirstName3507,LastName3507,33507,Hyderabad,2004-08-08,Sales
3508,FirstName3508,LastName3508,33508,Chennai,2004-08-09,Marketing
3509,FirstName3509,LastName3509,33509,Delhi,2004-08-10,Support
3510,FirstName3510,LastName3510,33510,Noida,2004-08-11,Admin
3511,FirstName3511,LastName3511,33511,Gurgaon,2004-08-12,Operations
3512,FirstName3512,LastName3512,33512,Mumbai,2004-08-13,IT
3513,FirstName3513,LastName3513,33513,Pune,2004-08-14,HR
3514,FirstName3514,LastName3514,33514,Bangalore,2004-08-15,Finance
3515,FirstName3515,LastName3515,33515,Hyderabad,2004-08-16,Sales
3516,FirstName3516,LastName3516,33516,Chennai,2004-08-17,Marketing
3517,FirstName3517,LastName3517,33517,Delhi,2004-08-18,Support
3518,FirstName3518,LastName3518,33518,Noida,2004-08-19,Admin
3519,FirstName3519,LastName3519,33519,Gurgaon,2004-08-20,Operations
3520,FirstName3520,LastName3520,33520,Mumbai,2004-08-21,IT
3521,FirstName3521,LastName3521,33521,Pune,2004-08-22,HR
3522,FirstName3522,LastName3522,33522,Bangalore,2004-08-23,Finance
3523,FirstName3523,LastName3523,33523,Hyderabad,2004-08-24,Sales
3524,FirstName3524,LastName3524,33524,Chennai,2004-08-25,Marketing
3525,FirstName3525,LastName3525,33525,Delhi,2004-08-26,Support
3526,FirstName3526,LastName3526,33526,Noida,2004-08-27,Admin
3527,FirstName3527,LastName3527,33527,Gurgaon,2004-08-28,Operations
3528,FirstName3528,LastName3528,33528,Mumbai,2004-08-29,IT
3529,FirstName3529,LastName3529,33529,Pune,2004-08-30,HR
3530,FirstName3530,LastName3530,33530,Bangalore,2004-08-31,Finance
3531,FirstName3531,LastName3531,33531,Hyderabad,2004-09-01,Sales
3532,FirstName3532,LastName3532,33532,Chennai,2004-09-02,Marketing
3533,FirstName3533,LastName3533,33533,Delhi,2004-09-03,Support
3534,FirstName3534,LastName3534,33534,Noida,2004-09-04,Admin
3535,FirstName3535,LastName3535,33535,Gurgaon,2004-09-05,Operations
3536,FirstName3536,LastName3536,33536,Mumbai,2004-09-06,IT
3537,FirstName3537,LastName3537,33537,Pune,2004-09-07,HR
3538,FirstName3538,LastName3538,33538,Bangalore,2004-09-08,Finance
3539,FirstName3539,LastName3539,33539,Hyderabad,2004-09-09,Sales
3540,FirstName3540,LastName3540,33540,Chennai,2004-09-10,Marketing
3541,FirstName3541,LastName3541,33541,Delhi,2004-09-11,Support
3542,FirstName3542,LastName3542,33542,Noida,2004-09-12,Admin
3543,FirstName3543,LastName3543,33543,Gurgaon,2004-09-13,Operations
3544,FirstName3544,LastName3544,33544,Mumbai,2004-09-14,IT
3545,FirstName3545,LastName3545,33545,Pune,2004-09-15,HR
3546,FirstName3546,LastName3546,33546,Bangalore,2004-09-16,Finance
3547,FirstName3547,LastName3547,33547,Hyderabad,2004-09-17,Sales
3548,FirstName3548,LastName3548,33548,Chennai,2004-09-18,Marketing
3549,FirstName3549,LastName3549,33549,Delhi,2004-09-19,Support
3550,FirstName3550,LastName3550,33550,Noida,2004-09-20,Admin
3551,FirstName3551,LastName3551,33551,Gurgaon,2004-09-21,Operations
3552,FirstName3552,LastName3552,33552,Mumbai,2004-09-22,IT
3553,FirstName3553,LastName3553,33553,Pune,2004-09-23,HR
3554,FirstName3554,LastName3554,33554,Bangalore,2004-09-24,Finance
3555,FirstName3555,LastName3555,33555,Hyderabad,2004-09-25,Sales
3556,FirstName3556,LastName3556,33556,Chennai,2004-09-26,Marketing
3557,FirstName3557,LastName3557,33557,Delhi,2004-09-27,Support
3558,FirstName3558,LastName3558,33558,Noida,2004-09-28,Admin
3559,FirstName3559,LastName3559,33559,Gurgaon,2004-09-29,Operations
3560,FirstName3560,LastName3560,33560,Mumbai,2004-09-30,IT
3561,FirstName3561,LastName3561,33561,Pune,2004-10-01,HR
3562,FirstName3562,LastName3562,33562,Bangalore,2004-10-02,Finance
3563,FirstName3563,LastName3563,33563,Hyderabad,2004-10-03,Sales
3564,FirstName3564,LastName3564,33564,Chennai,2004-10-04,Marketing
3565,FirstName3565,LastName3565,33565,Delhi,2004-10-05,Support
3566,FirstName3566,LastName3566,33566,Noida,2004-10-06,Admin
3567,FirstName3567,LastName3567,33567,Gurgaon,2004-10-07,Operations
3568,FirstName3568,LastName3568,33568,Mumbai,2004-10-08,IT
3569,FirstName3569,LastName3569,33569,Pune,2004-10-09,HR
3570,FirstName3570,LastName3570,33570,Bangalore,2004-10-10,Finance
3571,FirstName3571,LastName3571,33571,Hyderabad,2004-10-11,Sales
3572,FirstName3572,LastName3572,33572,Chennai,2004-10-12,Marketing
3573,FirstName3573,LastName3573,33573,Delhi,2004-10-13,Support
3574,FirstName3574,LastName3574,33574,Noida,2004-10-14,Admin
3575,FirstName3575,LastName3575,33575,Gurgaon,2004-10-15,Operations
3576,FirstName3576,LastName3576,33576,Mumbai,2004-10-16,IT
3577,FirstName3577,LastName3577,33577,Pune,2004-10-17,HR
3578,FirstName3578,LastName3578,33578,Bangalore,2004-10-18,Finance
3579,FirstName3579,LastName3579,33579,Hyderabad,2004-10-19,Sales
3580,FirstName3580,LastName3580,33580,Chennai,2004-10-20,Marketing
3581,FirstName3581,LastName3581,33581,Delhi,2004-10-21,Support
3582,FirstName3582,LastName3582,33582,Noida,2004-10-22,Admin
3583,FirstName3583,LastName3583,33583,Gurgaon,2004-10-23,Operations
3584,FirstName3584,LastName3584,33584,Mumbai,2004-10-24,IT
3585,FirstName3585,LastName3585,33585,Pune,2004-10-25,HR
3586,FirstName3586,LastName3586,33586,Bangalore,2004-10-26,Finance
3587,FirstName3587,LastName3587,33587,Hyderabad,2004-10-27,Sales
3588,FirstName3588,LastName3588,33588,Chennai,2004-10-28,Marketing
3589,FirstName3589,LastName3589,33589,Delhi,2004-10-29,Support
3590,FirstName3590,LastName3590,33590,Noida,2004-10-30,Admin
3591,FirstName3591,LastName3591,33591,Gurgaon,2004-10-31,Operations
3592,FirstName3592,LastName3592,33592,Mumbai,2004-11-01,IT
3593,FirstName3593,LastName3593,33593,Pune,2004-11-02,HR
3594,FirstName3594,LastName3594,33594,Bangalore,2004-11-03,Finance
3595,FirstName3595,LastName3595,33595,Hyderabad,2004-11-04,Sales
3596,FirstName3596,LastName3596,33596,Chennai,2004-11-05,Marketing
3597,FirstName3597,LastName3597,33597,Delhi,2004-11-06,Support
3598,FirstName3598,LastName3598,33598,Noida,2004-11-07,Admin
3599,FirstName3599,LastName3599,33599,Gurgaon,2004-11-08,Operations
3600,FirstName3600,LastName3600,33600,Mumbai,2004-11-09,IT
3601,FirstName3601,LastName3601,33601,Pune,2004-11-10,HR
3602,FirstName3602,LastName3602,33602,Bangalore,2004-11-11,Finance
3603,FirstName3603,LastName3603,33603,Hyderabad,2004-11-12,Sales
3604,FirstName3604,LastName3604,33604,Chennai,2004-11-13,Marketing
3605,FirstName3605,LastName3605,33605,Delhi,2004-11-14,Support
3606,FirstName3606,LastName3606,33606,Noida,2004-11-15,Admin
3607,FirstName3607,LastName3607,33607,Gurgaon,2004-11-16,Operations
3608,FirstName3608,LastName3608,33608,Mumbai,2004-11-17,IT
3609,FirstName3609,LastName3609,33609,Pune,2004-11-18,HR
3610,FirstName3610,LastName3610,33610,Bangalore,2004-11-19,Finance
3611,FirstName3611,LastName3611,33611,Hyderabad,2004-11-20,Sales
3612,FirstName3612,LastName3612,33612,Chennai,2004-11-21,Marketing
3613,FirstName3613,LastName3613,33613,Delhi,2004-11-22,Support
3614,FirstName3614,LastName3614,33614,Noida,2004-11-23,Admin
3615,FirstName3615,LastName3615,33615,Gurgaon,2004-11-24,Operations
3616,FirstName3616,LastName3616,33616,Mumbai,2004-11-25,IT
3617,FirstName3617,LastName3617,33617,Pune,2004-11-26,HR
3618,FirstName3618,LastName3618,33618,Bangalore,2004-11-27,Finance
3619,FirstName3619,LastName3619,33619,Hyderabad,2004-11-28,Sales
3620,FirstName3620,LastName3620,33620,Chennai,2004-11-29,Marketing
3621,FirstName3621,LastName3621,33621,Delhi,2004-11-30,Support
3622,FirstName3622,LastName3622,33622,Noida,2004-12-01,Admin
3623,FirstName3623,LastName3623,33623,Gurgaon,2004-12-02,Operations
3624,FirstName3624,LastName3624,33624,Mumbai,2004-12-03,IT
3625,FirstName3625,LastName3625,33625,Pune,2004-12-04,HR
3626,FirstName3626,LastName3626,33626,Bangalore,2004-12-05,Finance
3627,FirstName3627,LastName3627,33627,Hyderabad,2004-12-06,Sales
3628,FirstName3628,LastName3628,33628,Chennai,2004-12-07,Marketing
3629,FirstName3629,LastName3629,33629,Delhi,2004-12-08,Support
3630,FirstName3630,LastName3630,33630,Noida,2004-12-09,Admin
3631,FirstName3631,LastName3631,33631,Gurgaon,2004-12-10,Operations
3632,FirstName3632,LastName3632,33632,Mumbai,2004-12-11,IT
3633,FirstName3633,LastName3633,33633,Pune,2004-12-12,HR
3634,FirstName3634,LastName3634,33634,Bangalore,2004-12-13,Finance
3635,FirstName3635,LastName3635,33635,Hyderabad,2004-12-14,Sales
3636,FirstName3636,LastName3636,33636,Chennai,2004-12-15,Marketing
3637,FirstName3637,LastName3637,33637,Delhi,2004-12-16,Support
3638,FirstName3638,LastName3638,33638,Noida,2004-12-17,Admin
3639,FirstName3639,LastName3639,33639,Gurgaon,2004-12-18,Operations
3640,FirstName3640,LastName3640,33640,Mumbai,2004-12-19,IT
3641,FirstName3641,LastName3641,33641,Pune,2004-12-20,HR
3642,FirstName3642,LastName3642,33642,Bangalore,2004-12-21,Finance
3643,FirstName3643,LastName3643,33643,Hyderabad,2004-12-22,Sales
3644,FirstName3644,LastName3644,33644,Chennai,2004-12-23,Marketing
3645,FirstName3645,LastName3645,33645,Delhi,2004-12-24,Support
3646,FirstName3646,LastName3646,33646,Noida,2004-12-25,Admin
3647,FirstName3647,LastName3647,33647,Gurgaon,2004-12-26,Operations
3648,FirstName3648,LastName3648,33648,Mumbai,2004-12-27,IT
3649,FirstName3649,LastName3649,33649,Pune,2004-12-28,HR
3650,FirstName3650,LastName3650,33650,Bangalore,2004-12-29,Finance
3651,FirstName3651,LastName3651,33651,Hyderabad,2004-12-30,Sales
3652,FirstName3652,LastName3652,33652,Chennai,2004-12-31,Marketing
3653,FirstName3653,LastName3653,33653,Delhi,2005-01-01,Support
3654,FirstName3654,LastName3654,33654,Noida,2005-01-02,Admin
3655,FirstName3655,LastName3655,33655,Gurgaon,2005-01-03,Operations
3656,FirstName3656,LastName3656,33656,Mumbai,2005-01-04,IT
3657,FirstName3657,LastName3657,33657,Pune,2005-01-05,HR
3658,FirstName3658,LastName3658,33658,Bangalore,2005-01-06,Finance
3659,FirstName3659,LastName3659,33659,Hyderabad,2005-01-07,Sales
3660,FirstName3660,LastName3660,33660,Chennai,2005-01-08,Marketing
3661,FirstName3661,LastName3661,33661,Delhi,2005-01-09,Support
3662,FirstName3662,LastName3662,33662,Noida,2005-01-10,Admin
3663,FirstName3663,LastName3663,33663,Gurgaon,2005-01-11,Operations
3664,FirstName3664,LastName3664,33664,Mumbai,2005-01-12,IT
3665,FirstName3665,LastName3665,33665,Pune,2005-01-13,HR
3666,FirstName3666,LastName3666,33666,Bangalore,2005-01-14,Finance
3667,FirstName3667,LastName3667,33667,Hyderabad,2005-01-15,Sales
3668,FirstName3668,LastName3668,33668,Chennai,2005-01-16,Marketing
3669,FirstName3669,LastName3669,33669,Delhi,2005-01-17,Support
3670,FirstName3670,LastName3670,33670,Noida,2005-01-18,Admin
3671,FirstName3671,LastName3671,33671,Gurgaon,2005-01-19,Operations
3672,FirstName3672,LastName3672,33672,Mumbai,2005-01-20,IT
3673,FirstName3673,LastName3673,33673,Pune,2005-01-21,HR
3674,FirstName3674,LastName3674,33674,Bangalore,2005-01-22,Finance
3675,FirstName3675,LastName3675,33675,Hyderabad,2005-01-23,Sales
3676,FirstName3676,LastName3676,33676,Chennai,2005-01-24,Marketing
3677,FirstName3677,LastName3677,33677,Delhi,2005-01-25,Support
3678,FirstName3678,LastName3678,33678,Noida,2005-01-26,Admin
3679,FirstName3679,LastName3679,33679,Gurgaon,2005-01-27,Operations
3680,FirstName3680,LastName3680,33680,Mumbai,2005-01-28,IT
3681,FirstName3681,LastName3681,33681,Pune,2005-01-29,HR
3682,FirstName3682,LastName3682,33682,Bangalore,2005-01-30,Finance
3683,FirstName3683,LastName3683,33683,Hyderabad,2005-01-31,Sales
3684,FirstName3684,LastName3684,33684,Chennai,2005-02-01,Marketing
3685,FirstName3685,LastName3685,33685,Delhi,2005-02-02,Support
3686,FirstName3686,LastName3686,33686,Noida,2005-02-03,Admin
3687,FirstName3687,LastName3687,33687,Gurgaon,2005-02-04,Operations
3688,FirstName3688,LastName3688,33688,Mumbai,2005-02-05,IT
3689,FirstName3689,LastName3689,33689,Pune,2005-02-06,HR
3690,FirstName3690,LastName3690,33690,Bangalore,2005-02-07,Finance
3691,FirstName3691,LastName3691,33691,Hyderabad,2005-02-08,Sales
3692,FirstName3692,LastName3692,33692,Chennai,2005-02-09,Marketing
3693,FirstName3693,LastName3693,33693,Delhi,2005-02-10,Support
3694,FirstName3694,LastName3694,33694,Noida,2005-02-11,Admin
3695,FirstName3695,LastName3695,33695,Gurgaon,2005-02-12,Operations
3696,FirstName3696,LastName3696,33696,Mumbai,2005-02-13,IT
3697,FirstName3697,LastName3697,33697,Pune,2005-02-14,HR
3698,FirstName3698,LastName3698,33698,Bangalore,2005-02-15,Finance
3699,FirstName3699,LastName3699,33699,Hyderabad,2005-02-16,Sales
3700,FirstName3700,LastName3700,33700,Chennai,2005-02-17,Marketing
3701,FirstName3701,LastName3701,33701,Delhi,2005-02-18,Support
3702,FirstName3702,LastName3702,33702,Noida,2005-02-19,Admin
3703,FirstName3703,LastName3703,33703,Gurgaon,2005-02-20,Operations
3704,FirstName3704,LastName3704,33704,Mumbai,2005-02-21,IT
3705,FirstName3705,LastName3705,33705,Pune,2005-02-22,HR
3706,FirstName3706,LastName3706,33706,Bangalore,2005-02-23,Finance
3707,FirstName3707,LastName3707,33707,Hyderabad,2005-02-24,Sales
3708,FirstName3708,LastName3708,33708,Chennai,2005-02-25,Marketing
3709,FirstName3709,LastName3709,33709,Delhi,2005-02-26,Support
3710,FirstName3710,LastName3710,33710,Noida,2005-02-27,Admin
3711,FirstName3711,LastName3711,33711,Gurgaon,2005-02-28,Operations
3712,FirstName3712,LastName3712,33712,Mumbai,2005-03-01,IT
3713,FirstName3713,LastName3713,33713,Pune,2005-03-02,HR
3714,FirstName3714,LastName3714,33714,Bangalore,2005-03-03,Finance
3715,FirstName3715,LastName3715,33715,Hyderabad,2005-03-04,Sales
3716,FirstName3716,LastName3716,33716,Chennai,2005-03-05,Marketing
3717,FirstName3717,LastName3717,33717,Delhi,2005-03-06,Support
3718,FirstName3718,LastName3718,33718,Noida,2005-03-07,Admin
3719,FirstName3719,LastName3719,33719,Gurgaon,2005-03-08,Operations
3720,FirstName3720,LastName3720,33720,Mumbai,2005-03-09,IT
3721,FirstName3721,LastName3721,33721,Pune,2005-03-10,HR
3722,FirstName3722,LastName3722,33722,Bangalore,2005-03-11,Finance
3723,FirstName3723,LastName3723,33723,Hyderabad,2005-03-12,Sales
3724,FirstName3724,LastName3724,33724,Chennai,2005-03-13,Marketing
3725,FirstName3725,LastName3725,33725,Delhi,2005-03-14,Support
3726,FirstName3726,LastName3726,33726,Noida,2005-03-15,Admin
3727,FirstName3727,LastName3727,33727,Gurgaon,2005-03-16,Operations
3728,FirstName3728,LastName3728,33728,Mumbai,2005-03-17,IT
3729,FirstName3729,LastName3729,33729,Pune,2005-03-18,HR
3730,FirstName3730,LastName3730,33730,Bangalore,2005-03-19,Finance
3731,FirstName3731,LastName3731,33731,Hyderabad,2005-03-20,Sales
3732,FirstName3732,LastName3732,33732,Chennai,2005-03-21,Marketing
3733,FirstName3733,LastName3733,33733,Delhi,2005-03-22,Support
3734,FirstName3734,LastName3734,33734,Noida,2005-03-23,Admin
3735,FirstName3735,LastName3735,33735,Gurgaon,2005-03-24,Operations
3736,FirstName3736,LastName3736,33736,Mumbai,2005-03-25,IT
3737,FirstName3737,LastName3737,33737,Pune,2005-03-26,HR
3738,FirstName3738,LastName3738,33738,Bangalore,2005-03-27,Finance
3739,FirstName3739,LastName3739,33739,Hyderabad,2005-03-28,Sales
3740,FirstName3740,LastName3740,33740,Chennai,2005-03-29,Marketing
3741,FirstName3741,LastName3741,33741,Delhi,2005-03-30,Support
3742,FirstName3742,LastName3742,33742,Noida,2005-03-31,Admin
3743,FirstName3743,LastName3743,33743,Gurgaon,2005-04-01,Operations
3744,FirstName3744,LastName3744,33744,Mumbai,2005-04-02,IT
3745,FirstName3745,LastName3745,33745,Pune,2005-04-03,HR
3746,FirstName3746,LastName3746,33746,Bangalore,2005-04-04,Finance
3747,FirstName3747,LastName3747,33747,Hyderabad,2005-04-05,Sales
3748,FirstName3748,LastName3748,33748,Chennai,2005-04-06,Marketing
3749,FirstName3749,LastName3749,33749,Delhi,2005-04-07,Support
3750,FirstName3750,LastName3750,33750,Noida,2005-04-08,Admin
3751,FirstName3751,LastName3751,33751,Gurgaon,2005-04-09,Operations
3752,FirstName3752,LastName3752,33752,Mumbai,2005-04-10,IT
3753,FirstName3753,LastName3753,33753,Pune,2005-04-11,HR
3754,FirstName3754,LastName3754,33754,Bangalore,2005-04-12,Finance
3755,FirstName3755,LastName3755,33755,Hyderabad,2005-04-13,Sales
3756,FirstName3756,LastName3756,33756,Chennai,2005-04-14,Marketing
3757,FirstName3757,LastName3757,33757,Delhi,2005-04-15,Support
3758,FirstName3758,LastName3758,33758,Noida,2005-04-16,Admin
3759,FirstName3759,LastName3759,33759,Gurgaon,2005-04-17,Operations
3760,FirstName3760,LastName3760,33760,Mumbai,2005-04-18,IT
3761,FirstName3761,LastName3761,33761,Pune,2005-04-19,HR
3762,FirstName3762,LastName3762,33762,Bangalore,2005-04-20,Finance
3763,FirstName3763,LastName3763,33763,Hyderabad,2005-04-21,Sales
3764,FirstName3764,LastName3764,33764,Chennai,2005-04-22,Marketing
3765,FirstName3765,LastName3765,33765,Delhi,2005-04-23,Support
3766,FirstName3766,LastName3766,33766,Noida,2005-04-24,Admin
3767,FirstName3767,LastName3767,33767,Gurgaon,2005-04-25,Operations
3768,FirstName3768,LastName3768,33768,Mumbai,2005-04-26,IT
3769,FirstName3769,LastName3769,33769,Pune,2005-04-27,HR
3770,FirstName3770,LastName3770,33770,Bangalore,2005-04-28,Finance
3771,FirstName3771,LastName3771,33771,Hyderabad,2005-04-29,Sales
3772,FirstName3772,LastName3772,33772,Chennai,2005-04-30,Marketing
3773,FirstName3773,LastName3773,33773,Delhi,2005-05-01,Support
3774,FirstName3774,LastName3774,33774,Noida,2005-05-02,Admin
3775,FirstName3775,LastName3775,33775,Gurgaon,2005-05-03,Operations
3776,FirstName3776,LastName3776,33776,Mumbai,2005-05-04,IT
3777,FirstName3777,LastName3777,33777,Pune,2005-05-05,HR
3778,FirstName3778,LastName3778,33778,Bangalore,2005-05-06,Finance
3779,FirstName3779,LastName3779,33779,Hyderabad,2005-05-07,Sales
3780,FirstName3780,LastName3780,33780,Chennai,2005-05-08,Marketing
3781,FirstName3781,LastName3781,33781,Delhi,2005-05-09,Support
3782,FirstName3782,LastName3782,33782,Noida,2005-05-10,Admin
3783,FirstName3783,LastName3783,33783,Gurgaon,2005-05-11,Operations
3784,FirstName3784,LastName3784,33784,Mumbai,2005-05-12,IT
3785,FirstName3785,LastName3785,33785,Pune,2005-05-13,HR
3786,FirstName3786,LastName3786,33786,Bangalore,2005-05-14,Finance
3787,FirstName3787,LastName3787,33787,Hyderabad,2005-05-15,Sales
3788,FirstName3788,LastName3788,33788,Chennai,2005-05-16,Marketing
3789,FirstName3789,LastName3789,33789,Delhi,2005-05-17,Support
3790,FirstName3790,LastName3790,33790,Noida,2005-05-18,Admin
3791,FirstName3791,LastName3791,33791,Gurgaon,2005-05-19,Operations
3792,FirstName3792,LastName3792,33792,Mumbai,2005-05-20,IT
3793,FirstName3793,LastName3793,33793,Pune,2005-05-21,HR
3794,FirstName3794,LastName3794,33794,Bangalore,2005-05-22,Finance
3795,FirstName3795,LastName3795,33795,Hyderabad,2005-05-23,Sales
3796,FirstName3796,LastName3796,33796,Chennai,2005-05-24,Marketing
3797,FirstName3797,LastName3797,33797,Delhi,2005-05-25,Support
3798,FirstName3798,LastName3798,33798,Noida,2005-05-26,Admin
3799,FirstName3799,LastName3799,33799,Gurgaon,2005-05-27,Operations
3800,FirstName3800,LastName3800,33800,Mumbai,2005-05-28,IT
3801,FirstName3801,LastName3801,33801,Pune,2005-05-29,HR
3802,FirstName3802,LastName3802,33802,Bangalore,2005-05-30,Finance
3803,FirstName3803,LastName3803,33803,Hyderabad,2005-05-31,Sales
3804,FirstName3804,LastName3804,33804,Chennai,2005-06-01,Marketing
3805,FirstName3805,LastName3805,33805,Delhi,2005-06-02,Support
3806,FirstName3806,LastName3806,33806,Noida,2005-06-03,Admin
3807,FirstName3807,LastName3807,33807,Gurgaon,2005-06-04,Operations
3808,FirstName3808,LastName3808,33808,Mumbai,2005-06-05,IT
3809,FirstName3809,LastName3809,33809,Pune,2005-06-06,HR
3810,FirstName3810,LastName3810,33810,Bangalore,2005-06-07,Finance
3811,FirstName3811,LastName3811,33811,Hyderabad,2005-06-08,Sales
3812,FirstName3812,LastName3812,33812,Chennai,2005-06-09,Marketing
3813,FirstName3813,LastName3813,33813,Delhi,2005-06-10,Support
3814,FirstName3814,LastName3814,33814,Noida,2005-06-11,Admin
3815,FirstName3815,LastName3815,33815,Gurgaon,2005-06-12,Operations
3816,FirstName3816,LastName3816,33816,Mumbai,2005-06-13,IT
3817,FirstName3817,LastName3817,33817,Pune,2005-06-14,HR
3818,FirstName3818,LastName3818,33818,Bangalore,2005-06-15,Finance
3819,FirstName3819,LastName3819,33819,Hyderabad,2005-06-16,Sales
3820,FirstName3820,LastName3820,33820,Chennai,2005-06-17,Marketing
3821,FirstName3821,LastName3821,33821,Delhi,2005-06-18,Support
3822,FirstName3822,LastName3822,33822,Noida,2005-06-19,Admin
3823,FirstName3823,LastName3823,33823,Gurgaon,2005-06-20,Operations
3824,FirstName3824,LastName3824,33824,Mumbai,2005-06-21,IT
3825,FirstName3825,LastName3825,33825,Pune,2005-06-22,HR
3826,FirstName3826,LastName3826,33826,Bangalore,2005-06-23,Finance
3827,FirstName3827,LastName3827,33827,Hyderabad,2005-06-24,Sales
3828,FirstName3828,LastName3828,33828,Chennai,2005-06-25,Marketing
3829,FirstName3829,LastName3829,33829,Delhi,2005-06-26,Support
3830,FirstName3830,LastName3830,33830,Noida,2005-06-27,Admin
3831,FirstName3831,LastName3831,33831,Gurgaon,2005-06-28,Operations
3832,FirstName3832,LastName3832,33832,Mumbai,2005-06-29,IT
3833,FirstName3833,LastName3833,33833,Pune,2005-06-30,HR
3834,FirstName3834,LastName3834,33834,Bangalore,2005-07-01,Finance
3835,FirstName3835,LastName3835,33835,Hyderabad,2005-07-02,Sales
3836,FirstName3836,LastName3836,33836,Chennai,2005-07-03,Marketing
3837,FirstName3837,LastName3837,33837,Delhi,2005-07-04,Support
3838,FirstName3838,LastName3838,33838,Noida,2005-07-05,Admin
3839,FirstName3839,LastName3839,33839,Gurgaon,2005-07-06,Operations
3840,FirstName3840,LastName3840,33840,Mumbai,2005-07-07,IT
3841,FirstName3841,LastName3841,33841,Pune,2005-07-08,HR
3842,FirstName3842,LastName3842,33842,Bangalore,2005-07-09,Finance
3843,FirstName3843,LastName3843,33843,Hyderabad,2005-07-10,Sales
3844,FirstName3844,LastName3844,33844,Chennai,2005-07-11,Marketing
3845,FirstName3845,LastName3845,33845,Delhi,2005-07-12,Support
3846,FirstName3846,LastName3846,33846,Noida,2005-07-13,Admin
3847,FirstName3847,LastName3847,33847,Gurgaon,2005-07-14,Operations
3848,FirstName3848,LastName3848,33848,Mumbai,2005-07-15,IT
3849,FirstName3849,LastName3849,33849,Pune,2005-07-16,HR
3850,FirstName3850,LastName3850,33850,Bangalore,2005-07-17,Finance
3851,FirstName3851,LastName3851,33851,Hyderabad,2005-07-18,Sales
3852,FirstName3852,LastName3852,33852,Chennai,2005-07-19,Marketing
3853,FirstName3853,LastName3853,33853,Delhi,2005-07-20,Support
3854,FirstName3854,LastName3854,33854,Noida,2005-07-21,Admin
3855,FirstName3855,LastName3855,33855,Gurgaon,2005-07-22,Operations
3856,FirstName3856,LastName3856,33856,Mumbai,2005-07-23,IT
3857,FirstName3857,LastName3857,33857,Pune,2005-07-24,HR
3858,FirstName3858,LastName3858,33858,Bangalore,2005-07-25,Finance
3859,FirstName3859,LastName3859,33859,Hyderabad,2005-07-26,Sales
3860,FirstName3860,LastName3860,33860,Chennai,2005-07-27,Marketing
3861,FirstName3861,LastName3861,33861,Delhi,2005-07-28,Support
3862,FirstName3862,LastName3862,33862,Noida,2005-07-29,Admin
3863,FirstName3863,LastName3863,33863,Gurgaon,2005-07-30,Operations
3864,FirstName3864,LastName3864,33864,Mumbai,2005-07-31,IT
3865,FirstName3865,LastName3865,33865,Pune,2005-08-01,HR
3866,FirstName3866,LastName3866,33866,Bangalore,2005-08-02,Finance
3867,FirstName3867,LastName3867,33867,Hyderabad,2005-08-03,Sales
3868,FirstName3868,LastName3868,33868,Chennai,2005-08-04,Marketing
3869,FirstName3869,LastName3869,33869,Delhi,2005-08-05,Support
3870,FirstName3870,LastName3870,33870,Noida,2005-08-06,Admin
3871,FirstName3871,LastName3871,33871,Gurgaon,2005-08-07,Operations
3872,FirstName3872,LastName3872,33872,Mumbai,2005-08-08,IT
3873,FirstName3873,LastName3873,33873,Pune,2005-08-09,HR
3874,FirstName3874,LastName3874,33874,Bangalore,2005-08-10,Finance
3875,FirstName3875,LastName3875,33875,Hyderabad,2005-08-11,Sales
3876,FirstName3876,LastName3876,33876,Chennai,2005-08-12,Marketing
3877,FirstName3877,LastName3877,33877,Delhi,2005-08-13,Support
3878,FirstName3878,LastName3878,33878,Noida,2005-08-14,Admin
3879,FirstName3879,LastName3879,33879,Gurgaon,2005-08-15,Operations
3880,FirstName3880,LastName3880,33880,Mumbai,2005-08-16,IT
3881,FirstName3881,LastName3881,33881,Pune,2005-08-17,HR
3882,FirstName3882,LastName3882,33882,Bangalore,2005-08-18,Finance
3883,FirstName3883,LastName3883,33883,Hyderabad,2005-08-19,Sales
3884,FirstName3884,LastName3884,33884,Chennai,2005-08-20,Marketing
3885,FirstName3885,LastName3885,33885,Delhi,2005-08-21,Support
3886,FirstName3886,LastName3886,33886,Noida,2005-08-22,Admin
3887,FirstName3887,LastName3887,33887,Gurgaon,2005-08-23,Operations
3888,FirstName3888,LastName3888,33888,Mumbai,2005-08-24,IT
3889,FirstName3889,LastName3889,33889,Pune,2005-08-25,HR
3890,FirstName3890,LastName3890,33890,Bangalore,2005-08-26,Finance
3891,FirstName3891,LastName3891,33891,Hyderabad,2005-08-27,Sales
3892,FirstName3892,LastName3892,33892,Chennai,2005-08-28,Marketing
3893,FirstName3893,LastName3893,33893,Delhi,2005-08-29,Support
3894,FirstName3894,LastName3894,33894,Noida,2005-08-30,Admin
3895,FirstName3895,LastName3895,33895,Gurgaon,2005-08-31,Operations
3896,FirstName3896,LastName3896,33896,Mumbai,2005-09-01,IT
3897,FirstName3897,LastName3897,33897,Pune,2005-09-02,HR
3898,FirstName3898,LastName3898,33898,Bangalore,2005-09-03,Finance
3899,FirstName3899,LastName3899,33899,Hyderabad,2005-09-04,Sales
3900,FirstName3900,LastName3900,33900,Chennai,2005-09-05,Marketing
3901,FirstName3901,LastName3901,33901,Delhi,2005-09-06,Support
3902,FirstName3902,LastName3902,33902,Noida,2005-09-07,Admin
3903,FirstName3903,LastName3903,33903,Gurgaon,2005-09-08,Operations
3904,FirstName3904,LastName3904,33904,Mumbai,2005-09-09,IT
3905,FirstName3905,LastName3905,33905,Pune,2005-09-10,HR
3906,FirstName3906,LastName3906,33906,Bangalore,2005-09-11,Finance
3907,FirstName3907,LastName3907,33907,Hyderabad,2005-09-12,Sales
3908,FirstName3908,LastName3908,33908,Chennai,2005-09-13,Marketing
3909,FirstName3909,LastName3909,33909,Delhi,2005-09-14,Support
3910,FirstName3910,LastName3910,33910,Noida,2005-09-15,Admin
3911,FirstName3911,LastName3911,33911,Gurgaon,2005-09-16,Operations
3912,FirstName3912,LastName3912,33912,Mumbai,2005-09-17,IT
3913,FirstName3913,LastName3913,33913,Pune,2005-09-18,HR
3914,FirstName3914,LastName3914,33914,Bangalore,2005-09-19,Finance
3915,FirstName3915,LastName3915,33915,Hyderabad,2005-09-20,Sales
3916,FirstName3916,LastName3916,33916,Chennai,2005-09-21,Marketing
3917,FirstName3917,LastName3917,33917,Delhi,2005-09-22,Support
3918,FirstName3918,LastName3918,33918,Noida,2005-09-23,Admin
3919,FirstName3919,LastName3919,33919,Gurgaon,2005-09-24,Operations
3920,FirstName3920,LastName3920,33920,Mumbai,2005-09-25,IT
3921,FirstName3921,LastName3921,33921,Pune,2005-09-26,HR
3922,FirstName3922,LastName3922,33922,Bangalore,2005-09-27,Finance
3923,FirstName3923,LastName3923,33923,Hyderabad,2005-09-28,Sales
3924,FirstName3924,LastName3924,33924,Chennai,2005-09-29,Marketing
3925,FirstName3925,LastName3925,33925,Delhi,2005-09-30,Support
3926,FirstName3926,LastName3926,33926,Noida,2005-10-01,Admin
3927,FirstName3927,LastName3927,33927,Gurgaon,2005-10-02,Operations
3928,FirstName3928,LastName3928,33928,Mumbai,2005-10-03,IT
3929,FirstName3929,LastName3929,33929,Pune,2005-10-04,HR
3930,FirstName3930,LastName3930,33930,Bangalore,2005-10-05,Finance
3931,FirstName3931,LastName3931,33931,Hyderabad,2005-10-06,Sales
3932,FirstName3932,LastName3932,33932,Chennai,2005-10-07,Marketing
3933,FirstName3933,LastName3933,33933,Delhi,2005-10-08,Support
3934,FirstName3934,LastName3934,33934,Noida,2005-10-09,Admin
3935,FirstName3935,LastName3935,33935,Gurgaon,2005-10-10,Operations
3936,FirstName3936,LastName3936,33936,Mumbai,2005-10-11,IT
3937,FirstName3937,LastName3937,33937,Pune,2005-10-12,HR
3938,FirstName3938,LastName3938,33938,Bangalore,2005-10-13,Finance
3939,FirstName3939,LastName3939,33939,Hyderabad,2005-10-14,Sales
3940,FirstName3940,LastName3940,33940,Chennai,2005-10-15,Marketing
3941,FirstName3941,LastName3941,33941,Delhi,2005-10-16,Support
3942,FirstName3942,LastName3942,33942,Noida,2005-10-17,Admin
3943,FirstName3943,LastName3943,33943,Gurgaon,2005-10-18,Operations
3944,FirstName3944,LastName3944,33944,Mumbai,2005-10-19,IT
3945,FirstName3945,LastName3945,33945,Pune,2005-10-20,HR
3946,FirstName3946,LastName3946,33946,Bangalore,2005-10-21,Finance
3947,FirstName3947,LastName3947,33947,Hyderabad,2005-10-22,Sales
3948,FirstName3948,LastName3948,33948,Chennai,2005-10-23,Marketing
3949,FirstName3949,LastName3949,33949,Delhi,2005-10-24,Support
3950,FirstName3950,LastName3950,33950,Noida,2005-10-25,Admin
3951,FirstName3951,LastName3951,33951,Gurgaon,2005-10-26,Operations
3952,FirstName3952,LastName3952,33952,Mumbai,2005-10-27,IT
3953,FirstName3953,LastName3953,33953,Pune,2005-10-28,HR
3954,FirstName3954,LastName3954,33954,Bangalore,2005-10-29,Finance
3955,FirstName3955,LastName3955,33955,Hyderabad,2005-10-30,Sales
3956,FirstName3956,LastName3956,33956,Chennai,2005-10-31,Marketing
3957,FirstName3957,LastName3957,33957,Delhi,2005-11-01,Support
3958,FirstName3958,LastName3958,33958,Noida,2005-11-02,Admin
3959,FirstName3959,LastName3959,33959,Gurgaon,2005-11-03,Operations
3960,FirstName3960,LastName3960,33960,Mumbai,2005-11-04,IT
3961,FirstName3961,LastName3961,33961,Pune,2005-11-05,HR
3962,FirstName3962,LastName3962,33962,Bangalore,2005-11-06,Finance
3963,FirstName3963,LastName3963,33963,Hyderabad,2005-11-07,Sales
3964,FirstName3964,LastName3964,33964,Chennai,2005-11-08,Marketing
3965,FirstName3965,LastName3965,33965,Delhi,2005-11-09,Support
3966,FirstName3966,LastName3966,33966,Noida,2005-11-10,Admin
3967,FirstName3967,LastName3967,33967,Gurgaon,2005-11-11,Operations
3968,FirstName3968,LastName3968,33968,Mumbai,2005-11-12,IT
3969,FirstName3969,LastName3969,33969,Pune,2005-11-13,HR
3970,FirstName3970,LastName3970,33970,Bangalore,2005-11-14,Finance
3971,FirstName3971,LastName3971,33971,Hyderabad,2005-11-15,Sales
3972,FirstName3972,LastName3972,33972,Chennai,2005-11-16,Marketing
3973,FirstName3973,LastName3973,33973,Delhi,2005-11-17,Support
3974,FirstName3974,LastName3974,33974,Noida,2005-11-18,Admin
3975,FirstName3975,LastName3975,33975,Gurgaon,2005-11-19,Operations
3976,FirstName3976,LastName3976,33976,Mumbai,2005-11-20,IT
3977,FirstName3977,LastName3977,33977,Pune,2005-11-21,HR
3978,FirstName3978,LastName3978,33978,Bangalore,2005-11-22,Finance
3979,FirstName3979,LastName3979,33979,Hyderabad,2005-11-23,Sales
3980,FirstName3980,LastName3980,33980,Chennai,2005-11-24,Marketing
3981,FirstName3981,LastName3981,33981,Delhi,2005-11-25,Support
3982,FirstName3982,LastName3982,33982,Noida,2005-11-26,Admin
3983,FirstName3983,LastName3983,33983,Gurgaon,2005-11-27,Operations
3984,FirstName3984,LastName3984,33984,Mumbai,2005-11-28,IT
3985,FirstName3985,LastName3985,33985,Pune,2005-11-29,HR
3986,FirstName3986,LastName3986,33986,Bangalore,2005-11-30,Finance
3987,FirstName3987,LastName3987,33987,Hyderabad,2005-12-01,Sales
3988,FirstName3988,LastName3988,33988,Chennai,2005-12-02,Marketing
3989,FirstName3989,LastName3989,33989,Delhi,2005-12-03,Support
3990,FirstName3990,LastName3990,33990,Noida,2005-12-04,Admin
3991,FirstName3991,LastName3991,33991,Gurgaon,2005-12-05,Operations
3992,FirstName3992,LastName3992,33992,Mumbai,2005-12-06,IT
3993,FirstName3993,LastName3993,33993,Pune,2005-12-07,HR
3994,FirstName3994,LastName3994,33994,Bangalore,2005-12-08,Finance
3995,FirstName3995,LastName3995,33995,Hyderabad,2005-12-09,Sales
3996,FirstName3996,LastName3996,33996,Chennai,2005-12-10,Marketing
3997,FirstName3997,LastName3997,33997,Delhi,2005-12-11,Support
3998,FirstName3998,LastName3998,33998,Noida,2005-12-12,Admin
3999,FirstName3999,LastName3999,33999,Gurgaon,2005-12-13,Operations
4000,FirstName4000,LastName4000,34000,Mumbai,2005-12-14,IT
4001,FirstName4001,LastName4001,34001,Pune,2005-12-15,HR
4002,FirstName4002,LastName4002,34002,Bangalore,2005-12-16,Finance
4003,FirstName4003,LastName4003,34003,Hyderabad,2005-12-17,Sales
4004,FirstName4004,LastName4004,34004,Chennai,2005-12-18,Marketing
4005,FirstName4005,LastName4005,34005,Delhi,2005-12-19,Support
4006,FirstName4006,LastName4006,34006,Noida,2005-12-20,Admin
4007,FirstName4007,LastName4007,34007,Gurgaon,2005-12-21,Operations
4008,FirstName4008,LastName4008,34008,Mumbai,2005-12-22,IT
4009,FirstName4009,LastName4009,34009,Pune,2005-12-23,HR
4010,FirstName4010,LastName4010,34010,Bangalore,2005-12-24,Finance
4011,FirstName4011,LastName4011,34011,Hyderabad,2005-12-25,Sales
4012,FirstName4012,LastName4012,34012,Chennai,2005-12-26,Marketing
4013,FirstName4013,LastName4013,34013,Delhi,2005-12-27,Support
4014,FirstName4014,LastName4014,34014,Noida,2005-12-28,Admin
4015,FirstName4015,LastName4015,34015,Gurgaon,2005-12-29,Operations
4016,FirstName4016,LastName4016,34016,Mumbai,2005-12-30,IT
4017,FirstName4017,LastName4017,34017,Pune,2005-12-31,HR
4018,FirstName4018,LastName4018,34018,Bangalore,2006-01-01,Finance
4019,FirstName4019,LastName4019,34019,Hyderabad,2006-01-02,Sales
4020,FirstName4020,LastName4020,34020,Chennai,2006-01-03,Marketing
4021,FirstName4021,LastName4021,34021,Delhi,2006-01-04,Support
4022,FirstName4022,LastName4022,34022,Noida,2006-01-05,Admin
4023,FirstName4023,LastName4023,34023,Gurgaon,2006-01-06,Operations
4024,FirstName4024,LastName4024,34024,Mumbai,2006-01-07,IT
4025,FirstName4025,LastName4025,34025,Pune,2006-01-08,HR
4026,FirstName4026,LastName4026,34026,Bangalore,2006-01-09,Finance
4027,FirstName4027,LastName4027,34027,Hyderabad,2006-01-10,Sales
4028,FirstName4028,LastName4028,34028,Chennai,2006-01-11,Marketing
4029,FirstName4029,LastName4029,34029,Delhi,2006-01-12,Support
4030,FirstName4030,LastName4030,34030,Noida,2006-01-13,Admin
4031,FirstName4031,LastName4031,34031,Gurgaon,2006-01-14,Operations
4032,FirstName4032,LastName4032,34032,Mumbai,2006-01-15,IT
4033,FirstName4033,LastName4033,34033,Pune,2006-01-16,HR
4034,FirstName4034,LastName4034,34034,Bangalore,2006-01-17,Finance
4035,FirstName4035,LastName4035,34035,Hyderabad,2006-01-18,Sales
4036,FirstName4036,LastName4036,34036,Chennai,2006-01-19,Marketing
4037,FirstName4037,LastName4037,34037,Delhi,2006-01-20,Support
4038,FirstName4038,LastName4038,34038,Noida,2006-01-21,Admin
4039,FirstName4039,LastName4039,34039,Gurgaon,2006-01-22,Operations
4040,FirstName4040,LastName4040,34040,Mumbai,2006-01-23,IT
4041,FirstName4041,LastName4041,34041,Pune,2006-01-24,HR
4042,FirstName4042,LastName4042,34042,Bangalore,2006-01-25,Finance
4043,FirstName4043,LastName4043,34043,Hyderabad,2006-01-26,Sales
4044,FirstName4044,LastName4044,34044,Chennai,2006-01-27,Marketing
4045,FirstName4045,LastName4045,34045,Delhi,2006-01-28,Support
4046,FirstName4046,LastName4046,34046,Noida,2006-01-29,Admin
4047,FirstName4047,LastName4047,34047,Gurgaon,2006-01-30,Operations
4048,FirstName4048,LastName4048,34048,Mumbai,2006-01-31,IT
4049,FirstName4049,LastName4049,34049,Pune,2006-02-01,HR
4050,FirstName4050,LastName4050,34050,Bangalore,2006-02-02,Finance
4051,FirstName4051,LastName4051,34051,Hyderabad,2006-02-03,Sales
4052,FirstName4052,LastName4052,34052,Chennai,2006-02-04,Marketing
4053,FirstName4053,LastName4053,34053,Delhi,2006-02-05,Support
4054,FirstName4054,LastName4054,34054,Noida,2006-02-06,Admin
4055,FirstName4055,LastName4055,34055,Gurgaon,2006-02-07,Operations
4056,FirstName4056,LastName4056,34056,Mumbai,2006-02-08,IT
4057,FirstName4057,LastName4057,34057,Pune,2006-02-09,HR
4058,FirstName4058,LastName4058,34058,Bangalore,2006-02-10,Finance
4059,FirstName4059,LastName4059,34059,Hyderabad,2006-02-11,Sales
4060,FirstName4060,LastName4060,34060,Chennai,2006-02-12,Marketing
4061,FirstName4061,LastName4061,34061,Delhi,2006-02-13,Support
4062,FirstName4062,LastName4062,34062,Noida,2006-02-14,Admin
4063,FirstName4063,LastName4063,34063,Gurgaon,2006-02-15,Operations
4064,FirstName4064,LastName4064,34064,Mumbai,2006-02-16,IT
4065,FirstName4065,LastName4065,34065,Pune,2006-02-17,HR
4066,FirstName4066,LastName4066,34066,Bangalore,2006-02-18,Finance
4067,FirstName4067,LastName4067,34067,Hyderabad,2006-02-19,Sales
4068,FirstName4068,LastName4068,34068,Chennai,2006-02-20,Marketing
4069,FirstName4069,LastName4069,34069,Delhi,2006-02-21,Support
4070,FirstName4070,LastName4070,34070,Noida,2006-02-22,Admin
4071,FirstName4071,LastName4071,34071,Gurgaon,2006-02-23,Operations
4072,FirstName4072,LastName4072,34072,Mumbai,2006-02-24,IT
4073,FirstName4073,LastName4073,34073,Pune,2006-02-25,HR
4074,FirstName4074,LastName4074,34074,Bangalore,2006-02-26,Finance
4075,FirstName4075,LastName4075,34075,Hyderabad,2006-02-27,Sales
4076,FirstName4076,LastName4076,34076,Chennai,2006-02-28,Marketing
4077,FirstName4077,LastName4077,34077,Delhi,2006-03-01,Support
4078,FirstName4078,LastName4078,34078,Noida,2006-03-02,Admin
4079,FirstName4079,LastName4079,34079,Gurgaon,2006-03-03,Operations
4080,FirstName4080,LastName4080,34080,Mumbai,2006-03-04,IT
4081,FirstName4081,LastName4081,34081,Pune,2006-03-05,HR
4082,FirstName4082,LastName4082,34082,Bangalore,2006-03-06,Finance
4083,FirstName4083,LastName4083,34083,Hyderabad,2006-03-07,Sales
4084,FirstName4084,LastName4084,34084,Chennai,2006-03-08,Marketing
4085,FirstName4085,LastName4085,34085,Delhi,2006-03-09,Support
4086,FirstName4086,LastName4086,34086,Noida,2006-03-10,Admin
4087,FirstName4087,LastName4087,34087,Gurgaon,2006-03-11,Operations
4088,FirstName4088,LastName4088,34088,Mumbai,2006-03-12,IT
4089,FirstName4089,LastName4089,34089,Pune,2006-03-13,HR
4090,FirstName4090,LastName4090,34090,Bangalore,2006-03-14,Finance
4091,FirstName4091,LastName4091,34091,Hyderabad,2006-03-15,Sales
4092,FirstName4092,LastName4092,34092,Chennai,2006-03-16,Marketing
4093,FirstName4093,LastName4093,34093,Delhi,2006-03-17,Support
4094,FirstName4094,LastName4094,34094,Noida,2006-03-18,Admin
4095,FirstName4095,LastName4095,34095,Gurgaon,2006-03-19,Operations
4096,FirstName4096,LastName4096,34096,Mumbai,2006-03-20,IT
4097,FirstName4097,LastName4097,34097,Pune,2006-03-21,HR
4098,FirstName4098,LastName4098,34098,Bangalore,2006-03-22,Finance
4099,FirstName4099,LastName4099,34099,Hyderabad,2006-03-23,Sales
4100,FirstName4100,LastName4100,34100,Chennai,2006-03-24,Marketing
4101,FirstName4101,LastName4101,34101,Delhi,2006-03-25,Support
4102,FirstName4102,LastName4102,34102,Noida,2006-03-26,Admin
4103,FirstName4103,LastName4103,34103,Gurgaon,2006-03-27,Operations
4104,FirstName4104,LastName4104,34104,Mumbai,2006-03-28,IT
4105,FirstName4105,LastName4105,34105,Pune,2006-03-29,HR
4106,FirstName4106,LastName4106,34106,Bangalore,2006-03-30,Finance
4107,FirstName4107,LastName4107,34107,Hyderabad,2006-03-31,Sales
4108,FirstName4108,LastName4108,34108,Chennai,2006-04-01,Marketing
4109,FirstName4109,LastName4109,34109,Delhi,2006-04-02,Support
4110,FirstName4110,LastName4110,34110,Noida,2006-04-03,Admin
4111,FirstName4111,LastName4111,34111,Gurgaon,2006-04-04,Operations
4112,FirstName4112,LastName4112,34112,Mumbai,2006-04-05,IT
4113,FirstName4113,LastName4113,34113,Pune,2006-04-06,HR
4114,FirstName4114,LastName4114,34114,Bangalore,2006-04-07,Finance
4115,FirstName4115,LastName4115,34115,Hyderabad,2006-04-08,Sales
4116,FirstName4116,LastName4116,34116,Chennai,2006-04-09,Marketing
4117,FirstName4117,LastName4117,34117,Delhi,2006-04-10,Support
4118,FirstName4118,LastName4118,34118,Noida,2006-04-11,Admin
4119,FirstName4119,LastName4119,34119,Gurgaon,2006-04-12,Operations
4120,FirstName4120,LastName4120,34120,Mumbai,2006-04-13,IT
4121,FirstName4121,LastName4121,34121,Pune,2006-04-14,HR
4122,FirstName4122,LastName4122,34122,Bangalore,2006-04-15,Finance
4123,FirstName4123,LastName4123,34123,Hyderabad,2006-04-16,Sales
4124,FirstName4124,LastName4124,34124,Chennai,2006-04-17,Marketing
4125,FirstName4125,LastName4125,34125,Delhi,2006-04-18,Support
4126,FirstName4126,LastName4126,34126,Noida,2006-04-19,Admin
4127,FirstName4127,LastName4127,34127,Gurgaon,2006-04-20,Operations
4128,FirstName4128,LastName4128,34128,Mumbai,2006-04-21,IT
4129,FirstName4129,LastName4129,34129,Pune,2006-04-22,HR
4130,FirstName4130,LastName4130,34130,Bangalore,2006-04-23,Finance
4131,FirstName4131,LastName4131,34131,Hyderabad,2006-04-24,Sales
4132,FirstName4132,LastName4132,34132,Chennai,2006-04-25,Marketing
4133,FirstName4133,LastName4133,34133,Delhi,2006-04-26,Support
4134,FirstName4134,LastName4134,34134,Noida,2006-04-27,Admin
4135,FirstName4135,LastName4135,34135,Gurgaon,2006-04-28,Operations
4136,FirstName4136,LastName4136,34136,Mumbai,2006-04-29,IT
4137,FirstName4137,LastName4137,34137,Pune,2006-04-30,HR
4138,FirstName4138,LastName4138,34138,Bangalore,2006-05-01,Finance
4139,FirstName4139,LastName4139,34139,Hyderabad,2006-05-02,Sales
4140,FirstName4140,LastName4140,34140,Chennai,2006-05-03,Marketing
4141,FirstName4141,LastName4141,34141,Delhi,2006-05-04,Support
4142,FirstName4142,LastName4142,34142,Noida,2006-05-05,Admin
4143,FirstName4143,LastName4143,34143,Gurgaon,2006-05-06,Operations
4144,FirstName4144,LastName4144,34144,Mumbai,2006-05-07,IT
4145,FirstName4145,LastName4145,34145,Pune,2006-05-08,HR
4146,FirstName4146,LastName4146,34146,Bangalore,2006-05-09,Finance
4147,FirstName4147,LastName4147,34147,Hyderabad,2006-05-10,Sales
4148,FirstName4148,LastName4148,34148,Chennai,2006-05-11,Marketing
4149,FirstName4149,LastName4149,34149,Delhi,2006-05-12,Support
4150,FirstName4150,LastName4150,34150,Noida,2006-05-13,Admin
4151,FirstName4151,LastName4151,34151,Gurgaon,2006-05-14,Operations
4152,FirstName4152,LastName4152,34152,Mumbai,2006-05-15,IT
4153,FirstName4153,LastName4153,34153,Pune,2006-05-16,HR
4154,FirstName4154,LastName4154,34154,Bangalore,2006-05-17,Finance
4155,FirstName4155,LastName4155,34155,Hyderabad,2006-05-18,Sales
4156,FirstName4156,LastName4156,34156,Chennai,2006-05-19,Marketing
4157,FirstName4157,LastName4157,34157,Delhi,2006-05-20,Support
4158,FirstName4158,LastName4158,34158,Noida,2006-05-21,Admin
4159,FirstName4159,LastName4159,34159,Gurgaon,2006-05-22,Operations
4160,FirstName4160,LastName4160,34160,Mumbai,2006-05-23,IT
4161,FirstName4161,LastName4161,34161,Pune,2006-05-24,HR
4162,FirstName4162,LastName4162,34162,Bangalore,2006-05-25,Finance
4163,FirstName4163,LastName4163,34163,Hyderabad,2006-05-26,Sales
4164,FirstName4164,LastName4164,34164,Chennai,2006-05-27,Marketing
4165,FirstName4165,LastName4165,34165,Delhi,2006-05-28,Support
4166,FirstName4166,LastName4166,34166,Noida,2006-05-29,Admin
4167,FirstName4167,LastName4167,34167,Gurgaon,2006-05-30,Operations
4168,FirstName4168,LastName4168,34168,Mumbai,2006-05-31,IT
4169,FirstName4169,LastName4169,34169,Pune,2006-06-01,HR
4170,FirstName4170,LastName4170,34170,Bangalore,2006-06-02,Finance
4171,FirstName4171,LastName4171,34171,Hyderabad,2006-06-03,Sales
4172,FirstName4172,LastName4172,34172,Chennai,2006-06-04,Marketing
4173,FirstName4173,LastName4173,34173,Delhi,2006-06-05,Support
4174,FirstName4174,LastName4174,34174,Noida,2006-06-06,Admin
4175,FirstName4175,LastName4175,34175,Gurgaon,2006-06-07,Operations
4176,FirstName4176,LastName4176,34176,Mumbai,2006-06-08,IT
4177,FirstName4177,LastName4177,34177,Pune,2006-06-09,HR
4178,FirstName4178,LastName4178,34178,Bangalore,2006-06-10,Finance
4179,FirstName4179,LastName4179,34179,Hyderabad,2006-06-11,Sales
4180,FirstName4180,LastName4180,34180,Chennai,2006-06-12,Marketing
4181,FirstName4181,LastName4181,34181,Delhi,2006-06-13,Support
4182,FirstName4182,LastName4182,34182,Noida,2006-06-14,Admin
4183,FirstName4183,LastName4183,34183,Gurgaon,2006-06-15,Operations
4184,FirstName4184,LastName4184,34184,Mumbai,2006-06-16,IT
4185,FirstName4185,LastName4185,34185,Pune,2006-06-17,HR
4186,FirstName4186,LastName4186,34186,Bangalore,2006-06-18,Finance
4187,FirstName4187,LastName4187,34187,Hyderabad,2006-06-19,Sales
4188,FirstName4188,LastName4188,34188,Chennai,2006-06-20,Marketing
4189,FirstName4189,LastName4189,34189,Delhi,2006-06-21,Support
4190,FirstName4190,LastName4190,34190,Noida,2006-06-22,Admin
4191,FirstName4191,LastName4191,34191,Gurgaon,2006-06-23,Operations
4192,FirstName4192,LastName4192,34192,Mumbai,2006-06-24,IT
4193,FirstName4193,LastName4193,34193,Pune,2006-06-25,HR
4194,FirstName4194,LastName4194,34194,Bangalore,2006-06-26,Finance
4195,FirstName4195,LastName4195,34195,Hyderabad,2006-06-27,Sales
4196,FirstName4196,LastName4196,34196,Chennai,2006-06-28,Marketing
4197,FirstName4197,LastName4197,34197,Delhi,2006-06-29,Support
4198,FirstName4198,LastName4198,34198,Noida,2006-06-30,Admin
4199,FirstName4199,LastName4199,34199,Gurgaon,2006-07-01,Operations
4200,FirstName4200,LastName4200,34200,Mumbai,2006-07-02,IT
4201,FirstName4201,LastName4201,34201,Pune,2006-07-03,HR
4202,FirstName4202,LastName4202,34202,Bangalore,2006-07-04,Finance
4203,FirstName4203,LastName4203,34203,Hyderabad,2006-07-05,Sales
4204,FirstName4204,LastName4204,34204,Chennai,2006-07-06,Marketing
4205,FirstName4205,LastName4205,34205,Delhi,2006-07-07,Support
4206,FirstName4206,LastName4206,34206,Noida,2006-07-08,Admin
4207,FirstName4207,LastName4207,34207,Gurgaon,2006-07-09,Operations
4208,FirstName4208,LastName4208,34208,Mumbai,2006-07-10,IT
4209,FirstName4209,LastName4209,34209,Pune,2006-07-11,HR
4210,FirstName4210,LastName4210,34210,Bangalore,2006-07-12,Finance
4211,FirstName4211,LastName4211,34211,Hyderabad,2006-07-13,Sales
4212,FirstName4212,LastName4212,34212,Chennai,2006-07-14,Marketing
4213,FirstName4213,LastName4213,34213,Delhi,2006-07-15,Support
4214,FirstName4214,LastName4214,34214,Noida,2006-07-16,Admin
4215,FirstName4215,LastName4215,34215,Gurgaon,2006-07-17,Operations
4216,FirstName4216,LastName4216,34216,Mumbai,2006-07-18,IT
4217,FirstName4217,LastName4217,34217,Pune,2006-07-19,HR
4218,FirstName4218,LastName4218,34218,Bangalore,2006-07-20,Finance
4219,FirstName4219,LastName4219,34219,Hyderabad,2006-07-21,Sales
4220,FirstName4220,LastName4220,34220,Chennai,2006-07-22,Marketing
4221,FirstName4221,LastName4221,34221,Delhi,2006-07-23,Support
4222,FirstName4222,LastName4222,34222,Noida,2006-07-24,Admin
4223,FirstName4223,LastName4223,34223,Gurgaon,2006-07-25,Operations
4224,FirstName4224,LastName4224,34224,Mumbai,2006-07-26,IT
4225,FirstName4225,LastName4225,34225,Pune,2006-07-27,HR
4226,FirstName4226,LastName4226,34226,Bangalore,2006-07-28,Finance
4227,FirstName4227,LastName4227,34227,Hyderabad,2006-07-29,Sales
4228,FirstName4228,LastName4228,34228,Chennai,2006-07-30,Marketing
4229,FirstName4229,LastName4229,34229,Delhi,2006-07-31,Support
4230,FirstName4230,LastName4230,34230,Noida,2006-08-01,Admin
4231,FirstName4231,LastName4231,34231,Gurgaon,2006-08-02,Operations
4232,FirstName4232,LastName4232,34232,Mumbai,2006-08-03,IT
4233,FirstName4233,LastName4233,34233,Pune,2006-08-04,HR
4234,FirstName4234,LastName4234,34234,Bangalore,2006-08-05,Finance
4235,FirstName4235,LastName4235,34235,Hyderabad,2006-08-06,Sales
4236,FirstName4236,LastName4236,34236,Chennai,2006-08-07,Marketing
4237,FirstName4237,LastName4237,34237,Delhi,2006-08-08,Support
4238,FirstName4238,LastName4238,34238,Noida,2006-08-09,Admin
4239,FirstName4239,LastName4239,34239,Gurgaon,2006-08-10,Operations
4240,FirstName4240,LastName4240,34240,Mumbai,2006-08-11,IT
4241,FirstName4241,LastName4241,34241,Pune,2006-08-12,HR
4242,FirstName4242,LastName4242,34242,Bangalore,2006-08-13,Finance
4243,FirstName4243,LastName4243,34243,Hyderabad,2006-08-14,Sales
4244,FirstName4244,LastName4244,34244,Chennai,2006-08-15,Marketing
4245,FirstName4245,LastName4245,34245,Delhi,2006-08-16,Support
4246,FirstName4246,LastName4246,34246,Noida,2006-08-17,Admin
4247,FirstName4247,LastName4247,34247,Gurgaon,2006-08-18,Operations
4248,FirstName4248,LastName4248,34248,Mumbai,2006-08-19,IT
4249,FirstName4249,LastName4249,34249,Pune,2006-08-20,HR
4250,FirstName4250,LastName4250,34250,Bangalore,2006-08-21,Finance
4251,FirstName4251,LastName4251,34251,Hyderabad,2006-08-22,Sales
4252,FirstName4252,LastName4252,34252,Chennai,2006-08-23,Marketing
4253,FirstName4253,LastName4253,34253,Delhi,2006-08-24,Support
4254,FirstName4254,LastName4254,34254,Noida,2006-08-25,Admin
4255,FirstName4255,LastName4255,34255,Gurgaon,2006-08-26,Operations
4256,FirstName4256,LastName4256,34256,Mumbai,2006-08-27,IT
4257,FirstName4257,LastName4257,34257,Pune,2006-08-28,HR
4258,FirstName4258,LastName4258,34258,Bangalore,2006-08-29,Finance
4259,FirstName4259,LastName4259,34259,Hyderabad,2006-08-30,Sales
4260,FirstName4260,LastName4260,34260,Chennai,2006-08-31,Marketing
4261,FirstName4261,LastName4261,34261,Delhi,2006-09-01,Support
4262,FirstName4262,LastName4262,34262,Noida,2006-09-02,Admin
4263,FirstName4263,LastName4263,34263,Gurgaon,2006-09-03,Operations
4264,FirstName4264,LastName4264,34264,Mumbai,2006-09-04,IT
4265,FirstName4265,LastName4265,34265,Pune,2006-09-05,HR
4266,FirstName4266,LastName4266,34266,Bangalore,2006-09-06,Finance
4267,FirstName4267,LastName4267,34267,Hyderabad,2006-09-07,Sales
4268,FirstName4268,LastName4268,34268,Chennai,2006-09-08,Marketing
4269,FirstName4269,LastName4269,34269,Delhi,2006-09-09,Support
4270,FirstName4270,LastName4270,34270,Noida,2006-09-10,Admin
4271,FirstName4271,LastName4271,34271,Gurgaon,2006-09-11,Operations
4272,FirstName4272,LastName4272,34272,Mumbai,2006-09-12,IT
4273,FirstName4273,LastName4273,34273,Pune,2006-09-13,HR
4274,FirstName4274,LastName4274,34274,Bangalore,2006-09-14,Finance
4275,FirstName4275,LastName4275,34275,Hyderabad,2006-09-15,Sales
4276,FirstName4276,LastName4276,34276,Chennai,2006-09-16,Marketing
4277,FirstName4277,LastName4277,34277,Delhi,2006-09-17,Support
4278,FirstName4278,LastName4278,34278,Noida,2006-09-18,Admin
4279,FirstName4279,LastName4279,34279,Gurgaon,2006-09-19,Operations
4280,FirstName4280,LastName4280,34280,Mumbai,2006-09-20,IT
4281,FirstName4281,LastName4281,34281,Pune,2006-09-21,HR
4282,FirstName4282,LastName4282,34282,Bangalore,2006-09-22,Finance
4283,FirstName4283,LastName4283,34283,Hyderabad,2006-09-23,Sales
4284,FirstName4284,LastName4284,34284,Chennai,2006-09-24,Marketing
4285,FirstName4285,LastName4285,34285,Delhi,2006-09-25,Support
4286,FirstName4286,LastName4286,34286,Noida,2006-09-26,Admin
4287,FirstName4287,LastName4287,34287,Gurgaon,2006-09-27,Operations
4288,FirstName4288,LastName4288,34288,Mumbai,2006-09-28,IT
4289,FirstName4289,LastName4289,34289,Pune,2006-09-29,HR
4290,FirstName4290,LastName4290,34290,Bangalore,2006-09-30,Finance
4291,FirstName4291,LastName4291,34291,Hyderabad,2006-10-01,Sales
4292,FirstName4292,LastName4292,34292,Chennai,2006-10-02,Marketing
4293,FirstName4293,LastName4293,34293,Delhi,2006-10-03,Support
4294,FirstName4294,LastName4294,34294,Noida,2006-10-04,Admin
4295,FirstName4295,LastName4295,34295,Gurgaon,2006-10-05,Operations
4296,FirstName4296,LastName4296,34296,Mumbai,2006-10-06,IT
4297,FirstName4297,LastName4297,34297,Pune,2006-10-07,HR
4298,FirstName4298,LastName4298,34298,Bangalore,2006-10-08,Finance
4299,FirstName4299,LastName4299,34299,Hyderabad,2006-10-09,Sales
4300,FirstName4300,LastName4300,34300,Chennai,2006-10-10,Marketing
4301,FirstName4301,LastName4301,34301,Delhi,2006-10-11,Support
4302,FirstName4302,LastName4302,34302,Noida,2006-10-12,Admin
4303,FirstName4303,LastName4303,34303,Gurgaon,2006-10-13,Operations
4304,FirstName4304,LastName4304,34304,Mumbai,2006-10-14,IT
4305,FirstName4305,LastName4305,34305,Pune,2006-10-15,HR
4306,FirstName4306,LastName4306,34306,Bangalore,2006-10-16,Finance
4307,FirstName4307,LastName4307,34307,Hyderabad,2006-10-17,Sales
4308,FirstName4308,LastName4308,34308,Chennai,2006-10-18,Marketing
4309,FirstName4309,LastName4309,34309,Delhi,2006-10-19,Support
4310,FirstName4310,LastName4310,34310,Noida,2006-10-20,Admin
4311,FirstName4311,LastName4311,34311,Gurgaon,2006-10-21,Operations
4312,FirstName4312,LastName4312,34312,Mumbai,2006-10-22,IT
4313,FirstName4313,LastName4313,34313,Pune,2006-10-23,HR
4314,FirstName4314,LastName4314,34314,Bangalore,2006-10-24,Finance
4315,FirstName4315,LastName4315,34315,Hyderabad,2006-10-25,Sales
4316,FirstName4316,LastName4316,34316,Chennai,2006-10-26,Marketing
4317,FirstName4317,LastName4317,34317,Delhi,2006-10-27,Support
4318,FirstName4318,LastName4318,34318,Noida,2006-10-28,Admin
4319,FirstName4319,LastName4319,34319,Gurgaon,2006-10-29,Operations
4320,FirstName4320,LastName4320,34320,Mumbai,2006-10-30,IT
4321,FirstName4321,LastName4321,34321,Pune,2006-10-31,HR
4322,FirstName4322,LastName4322,34322,Bangalore,2006-11-01,Finance
4323,FirstName4323,LastName4323,34323,Hyderabad,2006-11-02,Sales
4324,FirstName4324,LastName4324,34324,Chennai,2006-11-03,Marketing
4325,FirstName4325,LastName4325,34325,Delhi,2006-11-04,Support
4326,FirstName4326,LastName4326,34326,Noida,2006-11-05,Admin
4327,FirstName4327,LastName4327,34327,Gurgaon,2006-11-06,Operations
4328,FirstName4328,LastName4328,34328,Mumbai,2006-11-07,IT
4329,FirstName4329,LastName4329,34329,Pune,2006-11-08,HR
4330,FirstName4330,LastName4330,34330,Bangalore,2006-11-09,Finance
4331,FirstName4331,LastName4331,34331,Hyderabad,2006-11-10,Sales
4332,FirstName4332,LastName4332,34332,Chennai,2006-11-11,Marketing
4333,FirstName4333,LastName4333,34333,Delhi,2006-11-12,Support
4334,FirstName4334,LastName4334,34334,Noida,2006-11-13,Admin
4335,FirstName4335,LastName4335,34335,Gurgaon,2006-11-14,Operations
4336,FirstName4336,LastName4336,34336,Mumbai,2006-11-15,IT
4337,FirstName4337,LastName4337,34337,Pune,2006-11-16,HR
4338,FirstName4338,LastName4338,34338,Bangalore,2006-11-17,Finance
4339,FirstName4339,LastName4339,34339,Hyderabad,2006-11-18,Sales
4340,FirstName4340,LastName4340,34340,Chennai,2006-11-19,Marketing
4341,FirstName4341,LastName4341,34341,Delhi,2006-11-20,Support
4342,FirstName4342,LastName4342,34342,Noida,2006-11-21,Admin
4343,FirstName4343,LastName4343,34343,Gurgaon,2006-11-22,Operations
4344,FirstName4344,LastName4344,34344,Mumbai,2006-11-23,IT
4345,FirstName4345,LastName4345,34345,Pune,2006-11-24,HR
4346,FirstName4346,LastName4346,34346,Bangalore,2006-11-25,Finance
4347,FirstName4347,LastName4347,34347,Hyderabad,2006-11-26,Sales
4348,FirstName4348,LastName4348,34348,Chennai,2006-11-27,Marketing
4349,FirstName4349,LastName4349,34349,Delhi,2006-11-28,Support
4350,FirstName4350,LastName4350,34350,Noida,2006-11-29,Admin
4351,FirstName4351,LastName4351,34351,Gurgaon,2006-11-30,Operations
4352,FirstName4352,LastName4352,34352,Mumbai,2006-12-01,IT
4353,FirstName4353,LastName4353,34353,Pune,2006-12-02,HR
4354,FirstName4354,LastName4354,34354,Bangalore,2006-12-03,Finance
4355,FirstName4355,LastName4355,34355,Hyderabad,2006-12-04,Sales
4356,FirstName4356,LastName4356,34356,Chennai,2006-12-05,Marketing
4357,FirstName4357,LastName4357,34357,Delhi,2006-12-06,Support
4358,FirstName4358,LastName4358,34358,Noida,2006-12-07,Admin
4359,FirstName4359,LastName4359,34359,Gurgaon,2006-12-08,Operations
4360,FirstName4360,LastName4360,34360,Mumbai,2006-12-09,IT
4361,FirstName4361,LastName4361,34361,Pune,2006-12-10,HR
4362,FirstName4362,LastName4362,34362,Bangalore,2006-12-11,Finance
4363,FirstName4363,LastName4363,34363,Hyderabad,2006-12-12,Sales
4364,FirstName4364,LastName4364,34364,Chennai,2006-12-13,Marketing
4365,FirstName4365,LastName4365,34365,Delhi,2006-12-14,Support
4366,FirstName4366,LastName4366,34366,Noida,2006-12-15,Admin
4367,FirstName4367,LastName4367,34367,Gurgaon,2006-12-16,Operations
4368,FirstName4368,LastName4368,34368,Mumbai,2006-12-17,IT
4369,FirstName4369,LastName4369,34369,Pune,2006-12-18,HR
4370,FirstName4370,LastName4370,34370,Bangalore,2006-12-19,Finance
4371,FirstName4371,LastName4371,34371,Hyderabad,2006-12-20,Sales
4372,FirstName4372,LastName4372,34372,Chennai,2006-12-21,Marketing
4373,FirstName4373,LastName4373,34373,Delhi,2006-12-22,Support
4374,FirstName4374,LastName4374,34374,Noida,2006-12-23,Admin
4375,FirstName4375,LastName4375,34375,Gurgaon,2006-12-24,Operations
4376,FirstName4376,LastName4376,34376,Mumbai,2006-12-25,IT
4377,FirstName4377,LastName4377,34377,Pune,2006-12-26,HR
4378,FirstName4378,LastName4378,34378,Bangalore,2006-12-27,Finance
4379,FirstName4379,LastName4379,34379,Hyderabad,2006-12-28,Sales
4380,FirstName4380,LastName4380,34380,Chennai,2006-12-29,Marketing
4381,FirstName4381,LastName4381,34381,Delhi,2006-12-30,Support
4382,FirstName4382,LastName4382,34382,Noida,2006-12-31,Admin
4383,FirstName4383,LastName4383,34383,Gurgaon,2007-01-01,Operations
4384,FirstName4384,LastName4384,34384,Mumbai,2007-01-02,IT
4385,FirstName4385,LastName4385,34385,Pune,2007-01-03,HR
4386,FirstName4386,LastName4386,34386,Bangalore,2007-01-04,Finance
4387,FirstName4387,LastName4387,34387,Hyderabad,2007-01-05,Sales
4388,FirstName4388,LastName4388,34388,Chennai,2007-01-06,Marketing
4389,FirstName4389,LastName4389,34389,Delhi,2007-01-07,Support
4390,FirstName4390,LastName4390,34390,Noida,2007-01-08,Admin
4391,FirstName4391,LastName4391,34391,Gurgaon,2007-01-09,Operations
4392,FirstName4392,LastName4392,34392,Mumbai,2007-01-10,IT
4393,FirstName4393,LastName4393,34393,Pune,2007-01-11,HR
4394,FirstName4394,LastName4394,34394,Bangalore,2007-01-12,Finance
4395,FirstName4395,LastName4395,34395,Hyderabad,2007-01-13,Sales
4396,FirstName4396,LastName4396,34396,Chennai,2007-01-14,Marketing
4397,FirstName4397,LastName4397,34397,Delhi,2007-01-15,Support
4398,FirstName4398,LastName4398,34398,Noida,2007-01-16,Admin
4399,FirstName4399,LastName4399,34399,Gurgaon,2007-01-17,Operations
4400,FirstName4400,LastName4400,34400,Mumbai,2007-01-18,IT
4401,FirstName4401,LastName4401,34401,Pune,2007-01-19,HR
4402,FirstName4402,LastName4402,34402,Bangalore,2007-01-20,Finance
4403,FirstName4403,LastName4403,34403,Hyderabad,2007-01-21,Sales
4404,FirstName4404,LastName4404,34404,Chennai,2007-01-22,Marketing
4405,FirstName4405,LastName4405,34405,Delhi,2007-01-23,Support
4406,FirstName4406,LastName4406,34406,Noida,2007-01-24,Admin
4407,FirstName4407,LastName4407,34407,Gurgaon,2007-01-25,Operations
4408,FirstName4408,LastName4408,34408,Mumbai,2007-01-26,IT
4409,FirstName4409,LastName4409,34409,Pune,2007-01-27,HR
4410,FirstName4410,LastName4410,34410,Bangalore,2007-01-28,Finance
4411,FirstName4411,LastName4411,34411,Hyderabad,2007-01-29,Sales
4412,FirstName4412,LastName4412,34412,Chennai,2007-01-30,Marketing
4413,FirstName4413,LastName4413,34413,Delhi,2007-01-31,Support
4414,FirstName4414,LastName4414,34414,Noida,2007-02-01,Admin
4415,FirstName4415,LastName4415,34415,Gurgaon,2007-02-02,Operations
4416,FirstName4416,LastName4416,34416,Mumbai,2007-02-03,IT
4417,FirstName4417,LastName4417,34417,Pune,2007-02-04,HR
4418,FirstName4418,LastName4418,34418,Bangalore,2007-02-05,Finance
4419,FirstName4419,LastName4419,34419,Hyderabad,2007-02-06,Sales
4420,FirstName4420,LastName4420,34420,Chennai,2007-02-07,Marketing
4421,FirstName4421,LastName4421,34421,Delhi,2007-02-08,Support
4422,FirstName4422,LastName4422,34422,Noida,2007-02-09,Admin
4423,FirstName4423,LastName4423,34423,Gurgaon,2007-02-10,Operations
4424,FirstName4424,LastName4424,34424,Mumbai,2007-02-11,IT
4425,FirstName4425,LastName4425,34425,Pune,2007-02-12,HR
4426,FirstName4426,LastName4426,34426,Bangalore,2007-02-13,Finance
4427,FirstName4427,LastName4427,34427,Hyderabad,2007-02-14,Sales
4428,FirstName4428,LastName4428,34428,Chennai,2007-02-15,Marketing
4429,FirstName4429,LastName4429,34429,Delhi,2007-02-16,Support
4430,FirstName4430,LastName4430,34430,Noida,2007-02-17,Admin
4431,FirstName4431,LastName4431,34431,Gurgaon,2007-02-18,Operations
4432,FirstName4432,LastName4432,34432,Mumbai,2007-02-19,IT
4433,FirstName4433,LastName4433,34433,Pune,2007-02-20,HR
4434,FirstName4434,LastName4434,34434,Bangalore,2007-02-21,Finance
4435,FirstName4435,LastName4435,34435,Hyderabad,2007-02-22,Sales
4436,FirstName4436,LastName4436,34436,Chennai,2007-02-23,Marketing
4437,FirstName4437,LastName4437,34437,Delhi,2007-02-24,Support
4438,FirstName4438,LastName4438,34438,Noida,2007-02-25,Admin
4439,FirstName4439,LastName4439,34439,Gurgaon,2007-02-26,Operations
4440,FirstName4440,LastName4440,34440,Mumbai,2007-02-27,IT
4441,FirstName4441,LastName4441,34441,Pune,2007-02-28,HR
4442,FirstName4442,LastName4442,34442,Bangalore,2007-03-01,Finance
4443,FirstName4443,LastName4443,34443,Hyderabad,2007-03-02,Sales
4444,FirstName4444,LastName4444,34444,Chennai,2007-03-03,Marketing
4445,FirstName4445,LastName4445,34445,Delhi,2007-03-04,Support
4446,FirstName4446,LastName4446,34446,Noida,2007-03-05,Admin
4447,FirstName4447,LastName4447,34447,Gurgaon,2007-03-06,Operations
4448,FirstName4448,LastName4448,34448,Mumbai,2007-03-07,IT
4449,FirstName4449,LastName4449,34449,Pune,2007-03-08,HR
4450,FirstName4450,LastName4450,34450,Bangalore,2007-03-09,Finance
4451,FirstName4451,LastName4451,34451,Hyderabad,2007-03-10,Sales
4452,FirstName4452,LastName4452,34452,Chennai,2007-03-11,Marketing
4453,FirstName4453,LastName4453,34453,Delhi,2007-03-12,Support
4454,FirstName4454,LastName4454,34454,Noida,2007-03-13,Admin
4455,FirstName4455,LastName4455,34455,Gurgaon,2007-03-14,Operations
4456,FirstName4456,LastName4456,34456,Mumbai,2007-03-15,IT
4457,FirstName4457,LastName4457,34457,Pune,2007-03-16,HR
4458,FirstName4458,LastName4458,34458,Bangalore,2007-03-17,Finance
4459,FirstName4459,LastName4459,34459,Hyderabad,2007-03-18,Sales
4460,FirstName4460,LastName4460,34460,Chennai,2007-03-19,Marketing
4461,FirstName4461,LastName4461,34461,Delhi,2007-03-20,Support
4462,FirstName4462,LastName4462,34462,Noida,2007-03-21,Admin
4463,FirstName4463,LastName4463,34463,Gurgaon,2007-03-22,Operations
4464,FirstName4464,LastName4464,34464,Mumbai,2007-03-23,IT
4465,FirstName4465,LastName4465,34465,Pune,2007-03-24,HR
4466,FirstName4466,LastName4466,34466,Bangalore,2007-03-25,Finance
4467,FirstName4467,LastName4467,34467,Hyderabad,2007-03-26,Sales
4468,FirstName4468,LastName4468,34468,Chennai,2007-03-27,Marketing
4469,FirstName4469,LastName4469,34469,Delhi,2007-03-28,Support
4470,FirstName4470,LastName4470,34470,Noida,2007-03-29,Admin
4471,FirstName4471,LastName4471,34471,Gurgaon,2007-03-30,Operations
4472,FirstName4472,LastName4472,34472,Mumbai,2007-03-31,IT
4473,FirstName4473,LastName4473,34473,Pune,2007-04-01,HR
4474,FirstName4474,LastName4474,34474,Bangalore,2007-04-02,Finance
4475,FirstName4475,LastName4475,34475,Hyderabad,2007-04-03,Sales
4476,FirstName4476,LastName4476,34476,Chennai,2007-04-04,Marketing
4477,FirstName4477,LastName4477,34477,Delhi,2007-04-05,Support
4478,FirstName4478,LastName4478,34478,Noida,2007-04-06,Admin
4479,FirstName4479,LastName4479,34479,Gurgaon,2007-04-07,Operations
4480,FirstName4480,LastName4480,34480,Mumbai,2007-04-08,IT
4481,FirstName4481,LastName4481,34481,Pune,2007-04-09,HR
4482,FirstName4482,LastName4482,34482,Bangalore,2007-04-10,Finance
4483,FirstName4483,LastName4483,34483,Hyderabad,2007-04-11,Sales
4484,FirstName4484,LastName4484,34484,Chennai,2007-04-12,Marketing
4485,FirstName4485,LastName4485,34485,Delhi,2007-04-13,Support
4486,FirstName4486,LastName4486,34486,Noida,2007-04-14,Admin
4487,FirstName4487,LastName4487,34487,Gurgaon,2007-04-15,Operations
4488,FirstName4488,LastName4488,34488,Mumbai,2007-04-16,IT
4489,FirstName4489,LastName4489,34489,Pune,2007-04-17,HR
4490,FirstName4490,LastName4490,34490,Bangalore,2007-04-18,Finance
4491,FirstName4491,LastName4491,34491,Hyderabad,2007-04-19,Sales
4492,FirstName4492,LastName4492,34492,Chennai,2007-04-20,Marketing
4493,FirstName4493,LastName4493,34493,Delhi,2007-04-21,Support
4494,FirstName4494,LastName4494,34494,Noida,2007-04-22,Admin
4495,FirstName4495,LastName4495,34495,Gurgaon,2007-04-23,Operations
4496,FirstName4496,LastName4496,34496,Mumbai,2007-04-24,IT
4497,FirstName4497,LastName4497,34497,Pune,2007-04-25,HR
4498,FirstName4498,LastName4498,34498,Bangalore,2007-04-26,Finance
4499,FirstName4499,LastName4499,34499,Hyderabad,2007-04-27,Sales
4500,FirstName4500,LastName4500,34500,Chennai,2007-04-28,Marketing
4501,FirstName4501,LastName4501,34501,Delhi,2007-04-29,Support
4502,FirstName4502,LastName4502,34502,Noida,2007-04-30,Admin
4503,FirstName4503,LastName4503,34503,Gurgaon,2007-05-01,Operations
4504,FirstName4504,LastName4504,34504,Mumbai,2007-05-02,IT
4505,FirstName4505,LastName4505,34505,Pune,2007-05-03,HR
4506,FirstName4506,LastName4506,34506,Bangalore,2007-05-04,Finance
4507,FirstName4507,LastName4507,34507,Hyderabad,2007-05-05,Sales
4508,FirstName4508,LastName4508,34508,Chennai,2007-05-06,Marketing
4509,FirstName4509,LastName4509,34509,Delhi,2007-05-07,Support
4510,FirstName4510,LastName4510,34510,Noida,2007-05-08,Admin
4511,FirstName4511,LastName4511,34511,Gurgaon,2007-05-09,Operations
4512,FirstName4512,LastName4512,34512,Mumbai,2007-05-10,IT
4513,FirstName4513,LastName4513,34513,Pune,2007-05-11,HR
4514,FirstName4514,LastName4514,34514,Bangalore,2007-05-12,Finance
4515,FirstName4515,LastName4515,34515,Hyderabad,2007-05-13,Sales
4516,FirstName4516,LastName4516,34516,Chennai,2007-05-14,Marketing
4517,FirstName4517,LastName4517,34517,Delhi,2007-05-15,Support
4518,FirstName4518,LastName4518,34518,Noida,2007-05-16,Admin
4519,FirstName4519,LastName4519,34519,Gurgaon,2007-05-17,Operations
4520,FirstName4520,LastName4520,34520,Mumbai,2007-05-18,IT
4521,FirstName4521,LastName4521,34521,Pune,2007-05-19,HR
4522,FirstName4522,LastName4522,34522,Bangalore,2007-05-20,Finance
4523,FirstName4523,LastName4523,34523,Hyderabad,2007-05-21,Sales
4524,FirstName4524,LastName4524,34524,Chennai,2007-05-22,Marketing
4525,FirstName4525,LastName4525,34525,Delhi,2007-05-23,Support
4526,FirstName4526,LastName4526,34526,Noida,2007-05-24,Admin
4527,FirstName4527,LastName4527,34527,Gurgaon,2007-05-25,Operations
4528,FirstName4528,LastName4528,34528,Mumbai,2007-05-26,IT
4529,FirstName4529,LastName4529,34529,Pune,2007-05-27,HR
4530,FirstName4530,LastName4530,34530,Bangalore,2007-05-28,Finance
4531,FirstName4531,LastName4531,34531,Hyderabad,2007-05-29,Sales
4532,FirstName4532,LastName4532,34532,Chennai,2007-05-30,Marketing
4533,FirstName4533,LastName4533,34533,Delhi,2007-05-31,Support
4534,FirstName4534,LastName4534,34534,Noida,2007-06-01,Admin
4535,FirstName4535,LastName4535,34535,Gurgaon,2007-06-02,Operations
4536,FirstName4536,LastName4536,34536,Mumbai,2007-06-03,IT
4537,FirstName4537,LastName4537,34537,Pune,2007-06-04,HR
4538,FirstName4538,LastName4538,34538,Bangalore,2007-06-05,Finance
4539,FirstName4539,LastName4539,34539,Hyderabad,2007-06-06,Sales
4540,FirstName4540,LastName4540,34540,Chennai,2007-06-07,Marketing
4541,FirstName4541,LastName4541,34541,Delhi,2007-06-08,Support
4542,FirstName4542,LastName4542,34542,Noida,2007-06-09,Admin
4543,FirstName4543,LastName4543,34543,Gurgaon,2007-06-10,Operations
4544,FirstName4544,LastName4544,34544,Mumbai,2007-06-11,IT
4545,FirstName4545,LastName4545,34545,Pune,2007-06-12,HR
4546,FirstName4546,LastName4546,34546,Bangalore,2007-06-13,Finance
4547,FirstName4547,LastName4547,34547,Hyderabad,2007-06-14,Sales
4548,FirstName4548,LastName4548,34548,Chennai,2007-06-15,Marketing
4549,FirstName4549,LastName4549,34549,Delhi,2007-06-16,Support
4550,FirstName4550,LastName4550,34550,Noida,2007-06-17,Admin
4551,FirstName4551,LastName4551,34551,Gurgaon,2007-06-18,Operations
4552,FirstName4552,LastName4552,34552,Mumbai,2007-06-19,IT
4553,FirstName4553,LastName4553,34553,Pune,2007-06-20,HR
4554,FirstName4554,LastName4554,34554,Bangalore,2007-06-21,Finance
4555,FirstName4555,LastName4555,34555,Hyderabad,2007-06-22,Sales
4556,FirstName4556,LastName4556,34556,Chennai,2007-06-23,Marketing
4557,FirstName4557,LastName4557,34557,Delhi,2007-06-24,Support
4558,FirstName4558,LastName4558,34558,Noida,2007-06-25,Admin
4559,FirstName4559,LastName4559,34559,Gurgaon,2007-06-26,Operations
4560,FirstName4560,LastName4560,34560,Mumbai,2007-06-27,IT
4561,FirstName4561,LastName4561,34561,Pune,2007-06-28,HR
4562,FirstName4562,LastName4562,34562,Bangalore,2007-06-29,Finance
4563,FirstName4563,LastName4563,34563,Hyderabad,2007-06-30,Sales
4564,FirstName4564,LastName4564,34564,Chennai,2007-07-01,Marketing
4565,FirstName4565,LastName4565,34565,Delhi,2007-07-02,Support
4566,FirstName4566,LastName4566,34566,Noida,2007-07-03,Admin
4567,FirstName4567,LastName4567,34567,Gurgaon,2007-07-04,Operations
4568,FirstName4568,LastName4568,34568,Mumbai,2007-07-05,IT
4569,FirstName4569,LastName4569,34569,Pune,2007-07-06,HR
4570,FirstName4570,LastName4570,34570,Bangalore,2007-07-07,Finance
4571,FirstName4571,LastName4571,34571,Hyderabad,2007-07-08,Sales
4572,FirstName4572,LastName4572,34572,Chennai,2007-07-09,Marketing
4573,FirstName4573,LastName4573,34573,Delhi,2007-07-10,Support
4574,FirstName4574,LastName4574,34574,Noida,2007-07-11,Admin
4575,FirstName4575,LastName4575,34575,Gurgaon,2007-07-12,Operations
4576,FirstName4576,LastName4576,34576,Mumbai,2007-07-13,IT
4577,FirstName4577,LastName4577,34577,Pune,2007-07-14,HR
4578,FirstName4578,LastName4578,34578,Bangalore,2007-07-15,Finance
4579,FirstName4579,LastName4579,34579,Hyderabad,2007-07-16,Sales
4580,FirstName4580,LastName4580,34580,Chennai,2007-07-17,Marketing
4581,FirstName4581,LastName4581,34581,Delhi,2007-07-18,Support
4582,FirstName4582,LastName4582,34582,Noida,2007-07-19,Admin
4583,FirstName4583,LastName4583,34583,Gurgaon,2007-07-20,Operations
4584,FirstName4584,LastName4584,34584,Mumbai,2007-07-21,IT
4585,FirstName4585,LastName4585,34585,Pune,2007-07-22,HR
4586,FirstName4586,LastName4586,34586,Bangalore,2007-07-23,Finance
4587,FirstName4587,LastName4587,34587,Hyderabad,2007-07-24,Sales
4588,FirstName4588,LastName4588,34588,Chennai,2007-07-25,Marketing
4589,FirstName4589,LastName4589,34589,Delhi,2007-07-26,Support
4590,FirstName4590,LastName4590,34590,Noida,2007-07-27,Admin
4591,FirstName4591,LastName4591,34591,Gurgaon,2007-07-28,Operations
4592,FirstName4592,LastName4592,34592,Mumbai,2007-07-29,IT
4593,FirstName4593,LastName4593,34593,Pune,2007-07-30,HR
4594,FirstName4594,LastName4594,34594,Bangalore,2007-07-31,Finance
4595,FirstName4595,LastName4595,34595,Hyderabad,2007-08-01,Sales
4596,FirstName4596,LastName4596,34596,Chennai,2007-08-02,Marketing
4597,FirstName4597,LastName4597,34597,Delhi,2007-08-03,Support
4598,FirstName4598,LastName4598,34598,Noida,2007-08-04,Admin
4599,FirstName4599,LastName4599,34599,Gurgaon,2007-08-05,Operations
4600,FirstName4600,LastName4600,34600,Mumbai,2007-08-06,IT
4601,FirstName4601,LastName4601,34601,Pune,2007-08-07,HR
4602,FirstName4602,LastName4602,34602,Bangalore,2007-08-08,Finance
4603,FirstName4603,LastName4603,34603,Hyderabad,2007-08-09,Sales
4604,FirstName4604,LastName4604,34604,Chennai,2007-08-10,Marketing
4605,FirstName4605,LastName4605,34605,Delhi,2007-08-11,Support
4606,FirstName4606,LastName4606,34606,Noida,2007-08-12,Admin
4607,FirstName4607,LastName4607,34607,Gurgaon,2007-08-13,Operations
4608,FirstName4608,LastName4608,34608,Mumbai,2007-08-14,IT
4609,FirstName4609,LastName4609,34609,Pune,2007-08-15,HR
4610,FirstName4610,LastName4610,34610,Bangalore,2007-08-16,Finance
4611,FirstName4611,LastName4611,34611,Hyderabad,2007-08-17,Sales
4612,FirstName4612,LastName4612,34612,Chennai,2007-08-18,Marketing
4613,FirstName4613,LastName4613,34613,Delhi,2007-08-19,Support
4614,FirstName4614,LastName4614,34614,Noida,2007-08-20,Admin
4615,FirstName4615,LastName4615,34615,Gurgaon,2007-08-21,Operations
4616,FirstName4616,LastName4616,34616,Mumbai,2007-08-22,IT
4617,FirstName4617,LastName4617,34617,Pune,2007-08-23,HR
4618,FirstName4618,LastName4618,34618,Bangalore,2007-08-24,Finance
4619,FirstName4619,LastName4619,34619,Hyderabad,2007-08-25,Sales
4620,FirstName4620,LastName4620,34620,Chennai,2007-08-26,Marketing
4621,FirstName4621,LastName4621,34621,Delhi,2007-08-27,Support
4622,FirstName4622,LastName4622,34622,Noida,2007-08-28,Admin
4623,FirstName4623,LastName4623,34623,Gurgaon,2007-08-29,Operations
4624,FirstName4624,LastName4624,34624,Mumbai,2007-08-30,IT
4625,FirstName4625,LastName4625,34625,Pune,2007-08-31,HR
4626,FirstName4626,LastName4626,34626,Bangalore,2007-09-01,Finance
4627,FirstName4627,LastName4627,34627,Hyderabad,2007-09-02,Sales
4628,FirstName4628,LastName4628,34628,Chennai,2007-09-03,Marketing
4629,FirstName4629,LastName4629,34629,Delhi,2007-09-04,Support
4630,FirstName4630,LastName4630,34630,Noida,2007-09-05,Admin
4631,FirstName4631,LastName4631,34631,Gurgaon,2007-09-06,Operations
4632,FirstName4632,LastName4632,34632,Mumbai,2007-09-07,IT
4633,FirstName4633,LastName4633,34633,Pune,2007-09-08,HR
4634,FirstName4634,LastName4634,34634,Bangalore,2007-09-09,Finance
4635,FirstName4635,LastName4635,34635,Hyderabad,2007-09-10,Sales
4636,FirstName4636,LastName4636,34636,Chennai,2007-09-11,Marketing
4637,FirstName4637,LastName4637,34637,Delhi,2007-09-12,Support
4638,FirstName4638,LastName4638,34638,Noida,2007-09-13,Admin
4639,FirstName4639,LastName4639,34639,Gurgaon,2007-09-14,Operations
4640,FirstName4640,LastName4640,34640,Mumbai,2007-09-15,IT
4641,FirstName4641,LastName4641,34641,Pune,2007-09-16,HR
4642,FirstName4642,LastName4642,34642,Bangalore,2007-09-17,Finance
4643,FirstName4643,LastName4643,34643,Hyderabad,2007-09-18,Sales
4644,FirstName4644,LastName4644,34644,Chennai,2007-09-19,Marketing
4645,FirstName4645,LastName4645,34645,Delhi,2007-09-20,Support
4646,FirstName4646,LastName4646,34646,Noida,2007-09-21,Admin
4647,FirstName4647,LastName4647,34647,Gurgaon,2007-09-22,Operations
4648,FirstName4648,LastName4648,34648,Mumbai,2007-09-23,IT
4649,FirstName4649,LastName4649,34649,Pune,2007-09-24,HR
4650,FirstName4650,LastName4650,34650,Bangalore,2007-09-25,Finance
4651,FirstName4651,LastName4651,34651,Hyderabad,2007-09-26,Sales
4652,FirstName4652,LastName4652,34652,Chennai,2007-09-27,Marketing
4653,FirstName4653,LastName4653,34653,Delhi,2007-09-28,Support
4654,FirstName4654,LastName4654,34654,Noida,2007-09-29,Admin
4655,FirstName4655,LastName4655,34655,Gurgaon,2007-09-30,Operations
4656,FirstName4656,LastName4656,34656,Mumbai,2007-10-01,IT
4657,FirstName4657,LastName4657,34657,Pune,2007-10-02,HR
4658,FirstName4658,LastName4658,34658,Bangalore,2007-10-03,Finance
4659,FirstName4659,LastName4659,34659,Hyderabad,2007-10-04,Sales
4660,FirstName4660,LastName4660,34660,Chennai,2007-10-05,Marketing
4661,FirstName4661,LastName4661,34661,Delhi,2007-10-06,Support
4662,FirstName4662,LastName4662,34662,Noida,2007-10-07,Admin
4663,FirstName4663,LastName4663,34663,Gurgaon,2007-10-08,Operations
4664,FirstName4664,LastName4664,34664,Mumbai,2007-10-09,IT
4665,FirstName4665,LastName4665,34665,Pune,2007-10-10,HR
4666,FirstName4666,LastName4666,34666,Bangalore,2007-10-11,Finance
4667,FirstName4667,LastName4667,34667,Hyderabad,2007-10-12,Sales
4668,FirstName4668,LastName4668,34668,Chennai,2007-10-13,Marketing
4669,FirstName4669,LastName4669,34669,Delhi,2007-10-14,Support
4670,FirstName4670,LastName4670,34670,Noida,2007-10-15,Admin
4671,FirstName4671,LastName4671,34671,Gurgaon,2007-10-16,Operations
4672,FirstName4672,LastName4672,34672,Mumbai,2007-10-17,IT
4673,FirstName4673,LastName4673,34673,Pune,2007-10-18,HR
4674,FirstName4674,LastName4674,34674,Bangalore,2007-10-19,Finance
4675,FirstName4675,LastName4675,34675,Hyderabad,2007-10-20,Sales
4676,FirstName4676,LastName4676,34676,Chennai,2007-10-21,Marketing
4677,FirstName4677,LastName4677,34677,Delhi,2007-10-22,Support
4678,FirstName4678,LastName4678,34678,Noida,2007-10-23,Admin
4679,FirstName4679,LastName4679,34679,Gurgaon,2007-10-24,Operations
4680,FirstName4680,LastName4680,34680,Mumbai,2007-10-25,IT
4681,FirstName4681,LastName4681,34681,Pune,2007-10-26,HR
4682,FirstName4682,LastName4682,34682,Bangalore,2007-10-27,Finance
4683,FirstName4683,LastName4683,34683,Hyderabad,2007-10-28,Sales
4684,FirstName4684,LastName4684,34684,Chennai,2007-10-29,Marketing
4685,FirstName4685,LastName4685,34685,Delhi,2007-10-30,Support
4686,FirstName4686,LastName4686,34686,Noida,2007-10-31,Admin
4687,FirstName4687,LastName4687,34687,Gurgaon,2007-11-01,Operations
4688,FirstName4688,LastName4688,34688,Mumbai,2007-11-02,IT
4689,FirstName4689,LastName4689,34689,Pune,2007-11-03,HR
4690,FirstName4690,LastName4690,34690,Bangalore,2007-11-04,Finance
4691,FirstName4691,LastName4691,34691,Hyderabad,2007-11-05,Sales
4692,FirstName4692,LastName4692,34692,Chennai,2007-11-06,Marketing
4693,FirstName4693,LastName4693,34693,Delhi,2007-11-07,Support
4694,FirstName4694,LastName4694,34694,Noida,2007-11-08,Admin
4695,FirstName4695,LastName4695,34695,Gurgaon,2007-11-09,Operations
4696,FirstName4696,LastName4696,34696,Mumbai,2007-11-10,IT
4697,FirstName4697,LastName4697,34697,Pune,2007-11-11,HR
4698,FirstName4698,LastName4698,34698,Bangalore,2007-11-12,Finance
4699,FirstName4699,LastName4699,34699,Hyderabad,2007-11-13,Sales
4700,FirstName4700,LastName4700,34700,Chennai,2007-11-14,Marketing
4701,FirstName4701,LastName4701,34701,Delhi,2007-11-15,Support
4702,FirstName4702,LastName4702,34702,Noida,2007-11-16,Admin
4703,FirstName4703,LastName4703,34703,Gurgaon,2007-11-17,Operations
4704,FirstName4704,LastName4704,34704,Mumbai,2007-11-18,IT
4705,FirstName4705,LastName4705,34705,Pune,2007-11-19,HR
4706,FirstName4706,LastName4706,34706,Bangalore,2007-11-20,Finance
4707,FirstName4707,LastName4707,34707,Hyderabad,2007-11-21,Sales
4708,FirstName4708,LastName4708,34708,Chennai,2007-11-22,Marketing
4709,FirstName4709,LastName4709,34709,Delhi,2007-11-23,Support
4710,FirstName4710,LastName4710,34710,Noida,2007-11-24,Admin
4711,FirstName4711,LastName4711,34711,Gurgaon,2007-11-25,Operations
4712,FirstName4712,LastName4712,34712,Mumbai,2007-11-26,IT
4713,FirstName4713,LastName4713,34713,Pune,2007-11-27,HR
4714,FirstName4714,LastName4714,34714,Bangalore,2007-11-28,Finance
4715,FirstName4715,LastName4715,34715,Hyderabad,2007-11-29,Sales
4716,FirstName4716,LastName4716,34716,Chennai,2007-11-30,Marketing
4717,FirstName4717,LastName4717,34717,Delhi,2007-12-01,Support
4718,FirstName4718,LastName4718,34718,Noida,2007-12-02,Admin
4719,FirstName4719,LastName4719,34719,Gurgaon,2007-12-03,Operations
4720,FirstName4720,LastName4720,34720,Mumbai,2007-12-04,IT
4721,FirstName4721,LastName4721,34721,Pune,2007-12-05,HR
4722,FirstName4722,LastName4722,34722,Bangalore,2007-12-06,Finance
4723,FirstName4723,LastName4723,34723,Hyderabad,2007-12-07,Sales
4724,FirstName4724,LastName4724,34724,Chennai,2007-12-08,Marketing
4725,FirstName4725,LastName4725,34725,Delhi,2007-12-09,Support
4726,FirstName4726,LastName4726,34726,Noida,2007-12-10,Admin
4727,FirstName4727,LastName4727,34727,Gurgaon,2007-12-11,Operations
4728,FirstName4728,LastName4728,34728,Mumbai,2007-12-12,IT
4729,FirstName4729,LastName4729,34729,Pune,2007-12-13,HR
4730,FirstName4730,LastName4730,34730,Bangalore,2007-12-14,Finance
4731,FirstName4731,LastName4731,34731,Hyderabad,2007-12-15,Sales
4732,FirstName4732,LastName4732,34732,Chennai,2007-12-16,Marketing
4733,FirstName4733,LastName4733,34733,Delhi,2007-12-17,Support
4734,FirstName4734,LastName4734,34734,Noida,2007-12-18,Admin
4735,FirstName4735,LastName4735,34735,Gurgaon,2007-12-19,Operations
4736,FirstName4736,LastName4736,34736,Mumbai,2007-12-20,IT
4737,FirstName4737,LastName4737,34737,Pune,2007-12-21,HR
4738,FirstName4738,LastName4738,34738,Bangalore,2007-12-22,Finance
4739,FirstName4739,LastName4739,34739,Hyderabad,2007-12-23,Sales
4740,FirstName4740,LastName4740,34740,Chennai,2007-12-24,Marketing
4741,FirstName4741,LastName4741,34741,Delhi,2007-12-25,Support
4742,FirstName4742,LastName4742,34742,Noida,2007-12-26,Admin
4743,FirstName4743,LastName4743,34743,Gurgaon,2007-12-27,Operations
4744,FirstName4744,LastName4744,34744,Mumbai,2007-12-28,IT
4745,FirstName4745,LastName4745,34745,Pune,2007-12-29,HR
4746,FirstName4746,LastName4746,34746,Bangalore,2007-12-30,Finance
4747,FirstName4747,LastName4747,34747,Hyderabad,2007-12-31,Sales
4748,FirstName4748,LastName4748,34748,Chennai,2008-01-01,Marketing
4749,FirstName4749,LastName4749,34749,Delhi,2008-01-02,Support
4750,FirstName4750,LastName4750,34750,Noida,2008-01-03,Admin
4751,FirstName4751,LastName4751,34751,Gurgaon,2008-01-04,Operations
4752,FirstName4752,LastName4752,34752,Mumbai,2008-01-05,IT
4753,FirstName4753,LastName4753,34753,Pune,2008-01-06,HR
4754,FirstName4754,LastName4754,34754,Bangalore,2008-01-07,Finance
4755,FirstName4755,LastName4755,34755,Hyderabad,2008-01-08,Sales
4756,FirstName4756,LastName4756,34756,Chennai,2008-01-09,Marketing
4757,FirstName4757,LastName4757,34757,Delhi,2008-01-10,Support
4758,FirstName4758,LastName4758,34758,Noida,2008-01-11,Admin
4759,FirstName4759,LastName4759,34759,Gurgaon,2008-01-12,Operations
4760,FirstName4760,LastName4760,34760,Mumbai,2008-01-13,IT
4761,FirstName4761,LastName4761,34761,Pune,2008-01-14,HR
4762,FirstName4762,LastName4762,34762,Bangalore,2008-01-15,Finance
4763,FirstName4763,LastName4763,34763,Hyderabad,2008-01-16,Sales
4764,FirstName4764,LastName4764,34764,Chennai,2008-01-17,Marketing
4765,FirstName4765,LastName4765,34765,Delhi,2008-01-18,Support
4766,FirstName4766,LastName4766,34766,Noida,2008-01-19,Admin
4767,FirstName4767,LastName4767,34767,Gurgaon,2008-01-20,Operations
4768,FirstName4768,LastName4768,34768,Mumbai,2008-01-21,IT
4769,FirstName4769,LastName4769,34769,Pune,2008-01-22,HR
4770,FirstName4770,LastName4770,34770,Bangalore,2008-01-23,Finance
4771,FirstName4771,LastName4771,34771,Hyderabad,2008-01-24,Sales
4772,FirstName4772,LastName4772,34772,Chennai,2008-01-25,Marketing
4773,FirstName4773,LastName4773,34773,Delhi,2008-01-26,Support
4774,FirstName4774,LastName4774,34774,Noida,2008-01-27,Admin
4775,FirstName4775,LastName4775,34775,Gurgaon,2008-01-28,Operations
4776,FirstName4776,LastName4776,34776,Mumbai,2008-01-29,IT
4777,FirstName4777,LastName4777,34777,Pune,2008-01-30,HR
4778,FirstName4778,LastName4778,34778,Bangalore,2008-01-31,Finance
4779,FirstName4779,LastName4779,34779,Hyderabad,2008-02-01,Sales
4780,FirstName4780,LastName4780,34780,Chennai,2008-02-02,Marketing
4781,FirstName4781,LastName4781,34781,Delhi,2008-02-03,Support
4782,FirstName4782,LastName4782,34782,Noida,2008-02-04,Admin
4783,FirstName4783,LastName4783,34783,Gurgaon,2008-02-05,Operations
4784,FirstName4784,LastName4784,34784,Mumbai,2008-02-06,IT
4785,FirstName4785,LastName4785,34785,Pune,2008-02-07,HR
4786,FirstName4786,LastName4786,34786,Bangalore,2008-02-08,Finance
4787,FirstName4787,LastName4787,34787,Hyderabad,2008-02-09,Sales
4788,FirstName4788,LastName4788,34788,Chennai,2008-02-10,Marketing
4789,FirstName4789,LastName4789,34789,Delhi,2008-02-11,Support
4790,FirstName4790,LastName4790,34790,Noida,2008-02-12,Admin
4791,FirstName4791,LastName4791,34791,Gurgaon,2008-02-13,Operations
4792,FirstName4792,LastName4792,34792,Mumbai,2008-02-14,IT
4793,FirstName4793,LastName4793,34793,Pune,2008-02-15,HR
4794,FirstName4794,LastName4794,34794,Bangalore,2008-02-16,Finance
4795,FirstName4795,LastName4795,34795,Hyderabad,2008-02-17,Sales
4796,FirstName4796,LastName4796,34796,Chennai,2008-02-18,Marketing
4797,FirstName4797,LastName4797,34797,Delhi,2008-02-19,Support
4798,FirstName4798,LastName4798,34798,Noida,2008-02-20,Admin
4799,FirstName4799,LastName4799,34799,Gurgaon,2008-02-21,Operations
4800,FirstName4800,LastName4800,34800,Mumbai,2008-02-22,IT
4801,FirstName4801,LastName4801,34801,Pune,2008-02-23,HR
4802,FirstName4802,LastName4802,34802,Bangalore,2008-02-24,Finance
4803,FirstName4803,LastName4803,34803,Hyderabad,2008-02-25,Sales
4804,FirstName4804,LastName4804,34804,Chennai,2008-02-26,Marketing
4805,FirstName4805,LastName4805,34805,Delhi,2008-02-27,Support
4806,FirstName4806,LastName4806,34806,Noida,2008-02-28,Admin
4807,FirstName4807,LastName4807,34807,Gurgaon,2008-02-29,Operations
4808,FirstName4808,LastName4808,34808,Mumbai,2008-03-01,IT
4809,FirstName4809,LastName4809,34809,Pune,2008-03-02,HR
4810,FirstName4810,LastName4810,34810,Bangalore,2008-03-03,Finance
4811,FirstName4811,LastName4811,34811,Hyderabad,2008-03-04,Sales
4812,FirstName4812,LastName4812,34812,Chennai,2008-03-05,Marketing
4813,FirstName4813,LastName4813,34813,Delhi,2008-03-06,Support
4814,FirstName4814,LastName4814,34814,Noida,2008-03-07,Admin
4815,FirstName4815,LastName4815,34815,Gurgaon,2008-03-08,Operations
4816,FirstName4816,LastName4816,34816,Mumbai,2008-03-09,IT
4817,FirstName4817,LastName4817,34817,Pune,2008-03-10,HR
4818,FirstName4818,LastName4818,34818,Bangalore,2008-03-11,Finance
4819,FirstName4819,LastName4819,34819,Hyderabad,2008-03-12,Sales
4820,FirstName4820,LastName4820,34820,Chennai,2008-03-13,Marketing
4821,FirstName4821,LastName4821,34821,Delhi,2008-03-14,Support
4822,FirstName4822,LastName4822,34822,Noida,2008-03-15,Admin
4823,FirstName4823,LastName4823,34823,Gurgaon,2008-03-16,Operations
4824,FirstName4824,LastName4824,34824,Mumbai,2008-03-17,IT
4825,FirstName4825,LastName4825,34825,Pune,2008-03-18,HR
4826,FirstName4826,LastName4826,34826,Bangalore,2008-03-19,Finance
4827,FirstName4827,LastName4827,34827,Hyderabad,2008-03-20,Sales
4828,FirstName4828,LastName4828,34828,Chennai,2008-03-21,Marketing
4829,FirstName4829,LastName4829,34829,Delhi,2008-03-22,Support
4830,FirstName4830,LastName4830,34830,Noida,2008-03-23,Admin
4831,FirstName4831,LastName4831,34831,Gurgaon,2008-03-24,Operations
4832,FirstName4832,LastName4832,34832,Mumbai,2008-03-25,IT
4833,FirstName4833,LastName4833,34833,Pune,2008-03-26,HR
4834,FirstName4834,LastName4834,34834,Bangalore,2008-03-27,Finance
4835,FirstName4835,LastName4835,34835,Hyderabad,2008-03-28,Sales
4836,FirstName4836,LastName4836,34836,Chennai,2008-03-29,Marketing
4837,FirstName4837,LastName4837,34837,Delhi,2008-03-30,Support
4838,FirstName4838,LastName4838,34838,Noida,2008-03-31,Admin
4839,FirstName4839,LastName4839,34839,Gurgaon,2008-04-01,Operations
4840,FirstName4840,LastName4840,34840,Mumbai,2008-04-02,IT
4841,FirstName4841,LastName4841,34841,Pune,2008-04-03,HR
4842,FirstName4842,LastName4842,34842,Bangalore,2008-04-04,Finance
4843,FirstName4843,LastName4843,34843,Hyderabad,2008-04-05,Sales
4844,FirstName4844,LastName4844,34844,Chennai,2008-04-06,Marketing
4845,FirstName4845,LastName4845,34845,Delhi,2008-04-07,Support
4846,FirstName4846,LastName4846,34846,Noida,2008-04-08,Admin
4847,FirstName4847,LastName4847,34847,Gurgaon,2008-04-09,Operations
4848,FirstName4848,LastName4848,34848,Mumbai,2008-04-10,IT
4849,FirstName4849,LastName4849,34849,Pune,2008-04-11,HR
4850,FirstName4850,LastName4850,34850,Bangalore,2008-04-12,Finance
4851,FirstName4851,LastName4851,34851,Hyderabad,2008-04-13,Sales
4852,FirstName4852,LastName4852,34852,Chennai,2008-04-14,Marketing
4853,FirstName4853,LastName4853,34853,Delhi,2008-04-15,Support
4854,FirstName4854,LastName4854,34854,Noida,2008-04-16,Admin
4855,FirstName4855,LastName4855,34855,Gurgaon,2008-04-17,Operations
4856,FirstName4856,LastName4856,34856,Mumbai,2008-04-18,IT
4857,FirstName4857,LastName4857,34857,Pune,2008-04-19,HR
4858,FirstName4858,LastName4858,34858,Bangalore,2008-04-20,Finance
4859,FirstName4859,LastName4859,34859,Hyderabad,2008-04-21,Sales
4860,FirstName4860,LastName4860,34860,Chennai,2008-04-22,Marketing
4861,FirstName4861,LastName4861,34861,Delhi,2008-04-23,Support
4862,FirstName4862,LastName4862,34862,Noida,2008-04-24,Admin
4863,FirstName4863,LastName4863,34863,Gurgaon,2008-04-25,Operations
4864,FirstName4864,LastName4864,34864,Mumbai,2008-04-26,IT
4865,FirstName4865,LastName4865,34865,Pune,2008-04-27,HR
4866,FirstName4866,LastName4866,34866,Bangalore,2008-04-28,Finance
4867,FirstName4867,LastName4867,34867,Hyderabad,2008-04-29,Sales
4868,FirstName4868,LastName4868,34868,Chennai,2008-04-30,Marketing
4869,FirstName4869,LastName4869,34869,Delhi,2008-05-01,Support
4870,FirstName4870,LastName4870,34870,Noida,2008-05-02,Admin
4871,FirstName4871,LastName4871,34871,Gurgaon,2008-05-03,Operations
4872,FirstName4872,LastName4872,34872,Mumbai,2008-05-04,IT
4873,FirstName4873,LastName4873,34873,Pune,2008-05-05,HR
4874,FirstName4874,LastName4874,34874,Bangalore,2008-05-06,Finance
4875,FirstName4875,LastName4875,34875,Hyderabad,2008-05-07,Sales
4876,FirstName4876,LastName4876,34876,Chennai,2008-05-08,Marketing
4877,FirstName4877,LastName4877,34877,Delhi,2008-05-09,Support
4878,FirstName4878,LastName4878,34878,Noida,2008-05-10,Admin
4879,FirstName4879,LastName4879,34879,Gurgaon,2008-05-11,Operations
4880,FirstName4880,LastName4880,34880,Mumbai,2008-05-12,IT
4881,FirstName4881,LastName4881,34881,Pune,2008-05-13,HR
4882,FirstName4882,LastName4882,34882,Bangalore,2008-05-14,Finance
4883,FirstName4883,LastName4883,34883,Hyderabad,2008-05-15,Sales
4884,FirstName4884,LastName4884,34884,Chennai,2008-05-16,Marketing
4885,FirstName4885,LastName4885,34885,Delhi,2008-05-17,Support
4886,FirstName4886,LastName4886,34886,Noida,2008-05-18,Admin
4887,FirstName4887,LastName4887,34887,Gurgaon,2008-05-19,Operations
4888,FirstName4888,LastName4888,34888,Mumbai,2008-05-20,IT
4889,FirstName4889,LastName4889,34889,Pune,2008-05-21,HR
4890,FirstName4890,LastName4890,34890,Bangalore,2008-05-22,Finance
4891,FirstName4891,LastName4891,34891,Hyderabad,2008-05-23,Sales
4892,FirstName4892,LastName4892,34892,Chennai,2008-05-24,Marketing
4893,FirstName4893,LastName4893,34893,Delhi,2008-05-25,Support
4894,FirstName4894,LastName4894,34894,Noida,2008-05-26,Admin
4895,FirstName4895,LastName4895,34895,Gurgaon,2008-05-27,Operations
4896,FirstName4896,LastName4896,34896,Mumbai,2008-05-28,IT
4897,FirstName4897,LastName4897,34897,Pune,2008-05-29,HR
4898,FirstName4898,LastName4898,34898,Bangalore,2008-05-30,Finance
4899,FirstName4899,LastName4899,34899,Hyderabad,2008-05-31,Sales
4900,FirstName4900,LastName4900,34900,Chennai,2008-06-01,Marketing
4901,FirstName4901,LastName4901,34901,Delhi,2008-06-02,Support
4902,FirstName4902,LastName4902,34902,Noida,2008-06-03,Admin
4903,FirstName4903,LastName4903,34903,Gurgaon,2008-06-04,Operations
4904,FirstName4904,LastName4904,34904,Mumbai,2008-06-05,IT
4905,FirstName4905,LastName4905,34905,Pune,2008-06-06,HR
4906,FirstName4906,LastName4906,34906,Bangalore,2008-06-07,Finance
4907,FirstName4907,LastName4907,34907,Hyderabad,2008-06-08,Sales
4908,FirstName4908,LastName4908,34908,Chennai,2008-06-09,Marketing
4909,FirstName4909,LastName4909,34909,Delhi,2008-06-10,Support
4910,FirstName4910,LastName4910,34910,Noida,2008-06-11,Admin
4911,FirstName4911,LastName4911,34911,Gurgaon,2008-06-12,Operations
4912,FirstName4912,LastName4912,34912,Mumbai,2008-06-13,IT
4913,FirstName4913,LastName4913,34913,Pune,2008-06-14,HR
4914,FirstName4914,LastName4914,34914,Bangalore,2008-06-15,Finance
4915,FirstName4915,LastName4915,34915,Hyderabad,2008-06-16,Sales
4916,FirstName4916,LastName4916,34916,Chennai,2008-06-17,Marketing
4917,FirstName4917,LastName4917,34917,Delhi,2008-06-18,Support
4918,FirstName4918,LastName4918,34918,Noida,2008-06-19,Admin
4919,FirstName4919,LastName4919,34919,Gurgaon,2008-06-20,Operations
4920,FirstName4920,LastName4920,34920,Mumbai,2008-06-21,IT
4921,FirstName4921,LastName4921,34921,Pune,2008-06-22,HR
4922,FirstName4922,LastName4922,34922,Bangalore,2008-06-23,Finance
4923,FirstName4923,LastName4923,34923,Hyderabad,2008-06-24,Sales
4924,FirstName4924,LastName4924,34924,Chennai,2008-06-25,Marketing
4925,FirstName4925,LastName4925,34925,Delhi,2008-06-26,Support
4926,FirstName4926,LastName4926,34926,Noida,2008-06-27,Admin
4927,FirstName4927,LastName4927,34927,Gurgaon,2008-06-28,Operations
4928,FirstName4928,LastName4928,34928,Mumbai,2008-06-29,IT
4929,FirstName4929,LastName4929,34929,Pune,2008-06-30,HR
4930,FirstName4930,LastName4930,34930,Bangalore,2008-07-01,Finance
4931,FirstName4931,LastName4931,34931,Hyderabad,2008-07-02,Sales
4932,FirstName4932,LastName4932,34932,Chennai,2008-07-03,Marketing
4933,FirstName4933,LastName4933,34933,Delhi,2008-07-04,Support
4934,FirstName4934,LastName4934,34934,Noida,2008-07-05,Admin
4935,FirstName4935,LastName4935,34935,Gurgaon,2008-07-06,Operations
4936,FirstName4936,LastName4936,34936,Mumbai,2008-07-07,IT
4937,FirstName4937,LastName4937,34937,Pune,2008-07-08,HR
4938,FirstName4938,LastName4938,34938,Bangalore,2008-07-09,Finance
4939,FirstName4939,LastName4939,34939,Hyderabad,2008-07-10,Sales
4940,FirstName4940,LastName4940,34940,Chennai,2008-07-11,Marketing
4941,FirstName4941,LastName4941,34941,Delhi,2008-07-12,Support
4942,FirstName4942,LastName4942,34942,Noida,2008-07-13,Admin
4943,FirstName4943,LastName4943,34943,Gurgaon,2008-07-14,Operations
4944,FirstName4944,LastName4944,34944,Mumbai,2008-07-15,IT
4945,FirstName4945,LastName4945,34945,Pune,2008-07-16,HR
4946,FirstName4946,LastName4946,34946,Bangalore,2008-07-17,Finance
4947,FirstName4947,LastName4947,34947,Hyderabad,2008-07-18,Sales
4948,FirstName4948,LastName4948,34948,Chennai,2008-07-19,Marketing
4949,FirstName4949,LastName4949,34949,Delhi,2008-07-20,Support
4950,FirstName4950,LastName4950,34950,Noida,2008-07-21,Admin
4951,FirstName4951,LastName4951,34951,Gurgaon,2008-07-22,Operations
4952,FirstName4952,LastName4952,34952,Mumbai,2008-07-23,IT
4953,FirstName4953,LastName4953,34953,Pune,2008-07-24,HR
4954,FirstName4954,LastName4954,34954,Bangalore,2008-07-25,Finance
4955,FirstName4955,LastName4955,34955,Hyderabad,2008-07-26,Sales
4956,FirstName4956,LastName4956,34956,Chennai,2008-07-27,Marketing
4957,FirstName4957,LastName4957,34957,Delhi,2008-07-28,Support
4958,FirstName4958,LastName4958,34958,Noida,2008-07-29,Admin
4959,FirstName4959,LastName4959,34959,Gurgaon,2008-07-30,Operations
4960,FirstName4960,LastName4960,34960,Mumbai,2008-07-31,IT
4961,FirstName4961,LastName4961,34961,Pune,2008-08-01,HR
4962,FirstName4962,LastName4962,34962,Bangalore,2008-08-02,Finance
4963,FirstName4963,LastName4963,34963,Hyderabad,2008-08-03,Sales
4964,FirstName4964,LastName4964,34964,Chennai,2008-08-04,Marketing
4965,FirstName4965,LastName4965,34965,Delhi,2008-08-05,Support
4966,FirstName4966,LastName4966,34966,Noida,2008-08-06,Admin
4967,FirstName4967,LastName4967,34967,Gurgaon,2008-08-07,Operations
4968,FirstName4968,LastName4968,34968,Mumbai,2008-08-08,IT
4969,FirstName4969,LastName4969,34969,Pune,2008-08-09,HR
4970,FirstName4970,LastName4970,34970,Bangalore,2008-08-10,Finance
4971,FirstName4971,LastName4971,34971,Hyderabad,2008-08-11,Sales
4972,FirstName4972,LastName4972,34972,Chennai,2008-08-12,Marketing
4973,FirstName4973,LastName4973,34973,Delhi,2008-08-13,Support
4974,FirstName4974,LastName4974,34974,Noida,2008-08-14,Admin
4975,FirstName4975,LastName4975,34975,Gurgaon,2008-08-15,Operations
4976,FirstName4976,LastName4976,34976,Mumbai,2008-08-16,IT
4977,FirstName4977,LastName4977,34977,Pune,2008-08-17,HR
4978,FirstName4978,LastName4978,34978,Bangalore,2008-08-18,Finance
4979,FirstName4979,LastName4979,34979,Hyderabad,2008-08-19,Sales
4980,FirstName4980,LastName4980,34980,Chennai,2008-08-20,Marketing
4981,FirstName4981,LastName4981,34981,Delhi,2008-08-21,Support
4982,FirstName4982,LastName4982,34982,Noida,2008-08-22,Admin
4983,FirstName4983,LastName4983,34983,Gurgaon,2008-08-23,Operations
4984,FirstName4984,LastName4984,34984,Mumbai,2008-08-24,IT
4985,FirstName4985,LastName4985,34985,Pune,2008-08-25,HR
4986,FirstName4986,LastName4986,34986,Bangalore,2008-08-26,Finance
4987,FirstName4987,LastName4987,34987,Hyderabad,2008-08-27,Sales
4988,FirstName4988,LastName4988,34988,Chennai,2008-08-28,Marketing
4989,FirstName4989,LastName4989,34989,Delhi,2008-08-29,Support
4990,FirstName4990,LastName4990,34990,Noida,2008-08-30,Admin
4991,FirstName4991,LastName4991,34991,Gurgaon,2008-08-31,Operations
4992,FirstName4992,LastName4992,34992,Mumbai,2008-09-01,IT
4993,FirstName4993,LastName4993,34993,Pune,2008-09-02,HR
4994,FirstName4994,LastName4994,34994,Bangalore,2008-09-03,Finance
4995,FirstName4995,LastName4995,34995,Hyderabad,2008-09-04,Sales
4996,FirstName4996,LastName4996,34996,Chennai,2008-09-05,Marketing
4997,FirstName4997,LastName4997,34997,Delhi,2008-09-06,Support
4998,FirstName4998,LastName4998,34998,Noida,2008-09-07,Admin
4999,FirstName4999,LastName4999,34999,Gurgaon,2008-09-08,Operations
5000,FirstName5000,LastName5000,35000,Mumbai,2008-09-09,IT
5001,FirstName5001,LastName5001,35001,Pune,2008-09-10,HR
5002,FirstName5002,LastName5002,35002,Bangalore,2008-09-11,Finance
5003,FirstName5003,LastName5003,35003,Hyderabad,2008-09-12,Sales
5004,FirstName5004,LastName5004,35004,Chennai,2008-09-13,Marketing
5005,FirstName5005,LastName5005,35005,Delhi,2008-09-14,Support
5006,FirstName5006,LastName5006,35006,Noida,2008-09-15,Admin
5007,FirstName5007,LastName5007,35007,Gurgaon,2008-09-16,Operations
5008,FirstName5008,LastName5008,35008,Mumbai,2008-09-17,IT
5009,FirstName5009,LastName5009,35009,Pune,2008-09-18,HR
5010,FirstName5010,LastName5010,35010,Bangalore,2008-09-19,Finance
5011,FirstName5011,LastName5011,35011,Hyderabad,2008-09-20,Sales
5012,FirstName5012,LastName5012,35012,Chennai,2008-09-21,Marketing
5013,FirstName5013,LastName5013,35013,Delhi,2008-09-22,Support
5014,FirstName5014,LastName5014,35014,Noida,2008-09-23,Admin
5015,FirstName5015,LastName5015,35015,Gurgaon,2008-09-24,Operations
5016,FirstName5016,LastName5016,35016,Mumbai,2008-09-25,IT
5017,FirstName5017,LastName5017,35017,Pune,2008-09-26,HR
5018,FirstName5018,LastName5018,35018,Bangalore,2008-09-27,Finance
5019,FirstName5019,LastName5019,35019,Hyderabad,2008-09-28,Sales
5020,FirstName5020,LastName5020,35020,Chennai,2008-09-29,Marketing
5021,FirstName5021,LastName5021,35021,Delhi,2008-09-30,Support
5022,FirstName5022,LastName5022,35022,Noida,2008-10-01,Admin
5023,FirstName5023,LastName5023,35023,Gurgaon,2008-10-02,Operations
5024,FirstName5024,LastName5024,35024,Mumbai,2008-10-03,IT
5025,FirstName5025,LastName5025,35025,Pune,2008-10-04,HR
5026,FirstName5026,LastName5026,35026,Bangalore,2008-10-05,Finance
5027,FirstName5027,LastName5027,35027,Hyderabad,2008-10-06,Sales
5028,FirstName5028,LastName5028,35028,Chennai,2008-10-07,Marketing
5029,FirstName5029,LastName5029,35029,Delhi,2008-10-08,Support
5030,FirstName5030,LastName5030,35030,Noida,2008-10-09,Admin
5031,FirstName5031,LastName5031,35031,Gurgaon,2008-10-10,Operations
5032,FirstName5032,LastName5032,35032,Mumbai,2008-10-11,IT
5033,FirstName5033,LastName5033,35033,Pune,2008-10-12,HR
5034,FirstName5034,LastName5034,35034,Bangalore,2008-10-13,Finance
5035,FirstName5035,LastName5035,35035,Hyderabad,2008-10-14,Sales
5036,FirstName5036,LastName5036,35036,Chennai,2008-10-15,Marketing
5037,FirstName5037,LastName5037,35037,Delhi,2008-10-16,Support
5038,FirstName5038,LastName5038,35038,Noida,2008-10-17,Admin
5039,FirstName5039,LastName5039,35039,Gurgaon,2008-10-18,Operations
5040,FirstName5040,LastName5040,35040,Mumbai,2008-10-19,IT
5041,FirstName5041,LastName5041,35041,Pune,2008-10-20,HR
5042,FirstName5042,LastName5042,35042,Bangalore,2008-10-21,Finance
5043,FirstName5043,LastName5043,35043,Hyderabad,2008-10-22,Sales
5044,FirstName5044,LastName5044,35044,Chennai,2008-10-23,Marketing
5045,FirstName5045,LastName5045,35045,Delhi,2008-10-24,Support
5046,FirstName5046,LastName5046,35046,Noida,2008-10-25,Admin
5047,FirstName5047,LastName5047,35047,Gurgaon,2008-10-26,Operations
5048,FirstName5048,LastName5048,35048,Mumbai,2008-10-27,IT
5049,FirstName5049,LastName5049,35049,Pune,2008-10-28,HR
5050,FirstName5050,LastName5050,35050,Bangalore,2008-10-29,Finance
5051,FirstName5051,LastName5051,35051,Hyderabad,2008-10-30,Sales
5052,FirstName5052,LastName5052,35052,Chennai,2008-10-31,Marketing
5053,FirstName5053,LastName5053,35053,Delhi,2008-11-01,Support
5054,FirstName5054,LastName5054,35054,Noida,2008-11-02,Admin
5055,FirstName5055,LastName5055,35055,Gurgaon,2008-11-03,Operations
5056,FirstName5056,LastName5056,35056,Mumbai,2008-11-04,IT
5057,FirstName5057,LastName5057,35057,Pune,2008-11-05,HR
5058,FirstName5058,LastName5058,35058,Bangalore,2008-11-06,Finance
5059,FirstName5059,LastName5059,35059,Hyderabad,2008-11-07,Sales
5060,FirstName5060,LastName5060,35060,Chennai,2008-11-08,Marketing
5061,FirstName5061,LastName5061,35061,Delhi,2008-11-09,Support
5062,FirstName5062,LastName5062,35062,Noida,2008-11-10,Admin
5063,FirstName5063,LastName5063,35063,Gurgaon,2008-11-11,Operations
5064,FirstName5064,LastName5064,35064,Mumbai,2008-11-12,IT
5065,FirstName5065,LastName5065,35065,Pune,2008-11-13,HR
5066,FirstName5066,LastName5066,35066,Bangalore,2008-11-14,Finance
5067,FirstName5067,LastName5067,35067,Hyderabad,2008-11-15,Sales
5068,FirstName5068,LastName5068,35068,Chennai,2008-11-16,Marketing
5069,FirstName5069,LastName5069,35069,Delhi,2008-11-17,Support
5070,FirstName5070,LastName5070,35070,Noida,2008-11-18,Admin
5071,FirstName5071,LastName5071,35071,Gurgaon,2008-11-19,Operations
5072,FirstName5072,LastName5072,35072,Mumbai,2008-11-20,IT
5073,FirstName5073,LastName5073,35073,Pune,2008-11-21,HR
5074,FirstName5074,LastName5074,35074,Bangalore,2008-11-22,Finance
5075,FirstName5075,LastName5075,35075,Hyderabad,2008-11-23,Sales
5076,FirstName5076,LastName5076,35076,Chennai,2008-11-24,Marketing
5077,FirstName5077,LastName5077,35077,Delhi,2008-11-25,Support
5078,FirstName5078,LastName5078,35078,Noida,2008-11-26,Admin
5079,FirstName5079,LastName5079,35079,Gurgaon,2008-11-27,Operations
5080,FirstName5080,LastName5080,35080,Mumbai,2008-11-28,IT
5081,FirstName5081,LastName5081,35081,Pune,2008-11-29,HR
5082,FirstName5082,LastName5082,35082,Bangalore,2008-11-30,Finance
5083,FirstName5083,LastName5083,35083,Hyderabad,2008-12-01,Sales
5084,FirstName5084,LastName5084,35084,Chennai,2008-12-02,Marketing
5085,FirstName5085,LastName5085,35085,Delhi,2008-12-03,Support
5086,FirstName5086,LastName5086,35086,Noida,2008-12-04,Admin
5087,FirstName5087,LastName5087,35087,Gurgaon,2008-12-05,Operations
5088,FirstName5088,LastName5088,35088,Mumbai,2008-12-06,IT
5089,FirstName5089,LastName5089,35089,Pune,2008-12-07,HR
5090,FirstName5090,LastName5090,35090,Bangalore,2008-12-08,Finance
5091,FirstName5091,LastName5091,35091,Hyderabad,2008-12-09,Sales
5092,FirstName5092,LastName5092,35092,Chennai,2008-12-10,Marketing
5093,FirstName5093,LastName5093,35093,Delhi,2008-12-11,Support
5094,FirstName5094,LastName5094,35094,Noida,2008-12-12,Admin
5095,FirstName5095,LastName5095,35095,Gurgaon,2008-12-13,Operations
5096,FirstName5096,LastName5096,35096,Mumbai,2008-12-14,IT
5097,FirstName5097,LastName5097,35097,Pune,2008-12-15,HR
5098,FirstName5098,LastName5098,35098,Bangalore,2008-12-16,Finance
5099,FirstName5099,LastName5099,35099,Hyderabad,2008-12-17,Sales
5100,FirstName5100,LastName5100,35100,Chennai,2008-12-18,Marketing
5101,FirstName5101,LastName5101,35101,Delhi,2008-12-19,Support
5102,FirstName5102,LastName5102,35102,Noida,2008-12-20,Admin
5103,FirstName5103,LastName5103,35103,Gurgaon,2008-12-21,Operations
5104,FirstName5104,LastName5104,35104,Mumbai,2008-12-22,IT
5105,FirstName5105,LastName5105,35105,Pune,2008-12-23,HR
5106,FirstName5106,LastName5106,35106,Bangalore,2008-12-24,Finance
5107,FirstName5107,LastName5107,35107,Hyderabad,2008-12-25,Sales
5108,FirstName5108,LastName5108,35108,Chennai,2008-12-26,Marketing
5109,FirstName5109,LastName5109,35109,Delhi,2008-12-27,Support
5110,FirstName5110,LastName5110,35110,Noida,2008-12-28,Admin
5111,FirstName5111,LastName5111,35111,Gurgaon,2008-12-29,Operations
5112,FirstName5112,LastName5112,35112,Mumbai,2008-12-30,IT
5113,FirstName5113,LastName5113,35113,Pune,2008-12-31,HR
5114,FirstName5114,LastName5114,35114,Bangalore,2009-01-01,Finance
5115,FirstName5115,LastName5115,35115,Hyderabad,2009-01-02,Sales
5116,FirstName5116,LastName5116,35116,Chennai,2009-01-03,Marketing
5117,FirstName5117,LastName5117,35117,Delhi,2009-01-04,Support
5118,FirstName5118,LastName5118,35118,Noida,2009-01-05,Admin
5119,FirstName5119,LastName5119,35119,Gurgaon,2009-01-06,Operations
5120,FirstName5120,LastName5120,35120,Mumbai,2009-01-07,IT
5121,FirstName5121,LastName5121,35121,Pune,2009-01-08,HR
5122,FirstName5122,LastName5122,35122,Bangalore,2009-01-09,Finance
5123,FirstName5123,LastName5123,35123,Hyderabad,2009-01-10,Sales
5124,FirstName5124,LastName5124,35124,Chennai,2009-01-11,Marketing
5125,FirstName5125,LastName5125,35125,Delhi,2009-01-12,Support
5126,FirstName5126,LastName5126,35126,Noida,2009-01-13,Admin
5127,FirstName5127,LastName5127,35127,Gurgaon,2009-01-14,Operations
5128,FirstName5128,LastName5128,35128,Mumbai,2009-01-15,IT
5129,FirstName5129,LastName5129,35129,Pune,2009-01-16,HR
5130,FirstName5130,LastName5130,35130,Bangalore,2009-01-17,Finance
5131,FirstName5131,LastName5131,35131,Hyderabad,2009-01-18,Sales
5132,FirstName5132,LastName5132,35132,Chennai,2009-01-19,Marketing
5133,FirstName5133,LastName5133,35133,Delhi,2009-01-20,Support
5134,FirstName5134,LastName5134,35134,Noida,2009-01-21,Admin
5135,FirstName5135,LastName5135,35135,Gurgaon,2009-01-22,Operations
5136,FirstName5136,LastName5136,35136,Mumbai,2009-01-23,IT
5137,FirstName5137,LastName5137,35137,Pune,2009-01-24,HR
5138,FirstName5138,LastName5138,35138,Bangalore,2009-01-25,Finance
5139,FirstName5139,LastName5139,35139,Hyderabad,2009-01-26,Sales
5140,FirstName5140,LastName5140,35140,Chennai,2009-01-27,Marketing
5141,FirstName5141,LastName5141,35141,Delhi,2009-01-28,Support
5142,FirstName5142,LastName5142,35142,Noida,2009-01-29,Admin
5143,FirstName5143,LastName5143,35143,Gurgaon,2009-01-30,Operations
5144,FirstName5144,LastName5144,35144,Mumbai,2009-01-31,IT
5145,FirstName5145,LastName5145,35145,Pune,2009-02-01,HR
5146,FirstName5146,LastName5146,35146,Bangalore,2009-02-02,Finance
5147,FirstName5147,LastName5147,35147,Hyderabad,2009-02-03,Sales
5148,FirstName5148,LastName5148,35148,Chennai,2009-02-04,Marketing
5149,FirstName5149,LastName5149,35149,Delhi,2009-02-05,Support
5150,FirstName5150,LastName5150,35150,Noida,2009-02-06,Admin
5151,FirstName5151,LastName5151,35151,Gurgaon,2009-02-07,Operations
5152,FirstName5152,LastName5152,35152,Mumbai,2009-02-08,IT
5153,FirstName5153,LastName5153,35153,Pune,2009-02-09,HR
5154,FirstName5154,LastName5154,35154,Bangalore,2009-02-10,Finance
5155,FirstName5155,LastName5155,35155,Hyderabad,2009-02-11,Sales
5156,FirstName5156,LastName5156,35156,Chennai,2009-02-12,Marketing
5157,FirstName5157,LastName5157,35157,Delhi,2009-02-13,Support
5158,FirstName5158,LastName5158,35158,Noida,2009-02-14,Admin
5159,FirstName5159,LastName5159,35159,Gurgaon,2009-02-15,Operations
5160,FirstName5160,LastName5160,35160,Mumbai,2009-02-16,IT
5161,FirstName5161,LastName5161,35161,Pune,2009-02-17,HR
5162,FirstName5162,LastName5162,35162,Bangalore,2009-02-18,Finance
5163,FirstName5163,LastName5163,35163,Hyderabad,2009-02-19,Sales
5164,FirstName5164,LastName5164,35164,Chennai,2009-02-20,Marketing
5165,FirstName5165,LastName5165,35165,Delhi,2009-02-21,Support
5166,FirstName5166,LastName5166,35166,Noida,2009-02-22,Admin
5167,FirstName5167,LastName5167,35167,Gurgaon,2009-02-23,Operations
5168,FirstName5168,LastName5168,35168,Mumbai,2009-02-24,IT
5169,FirstName5169,LastName5169,35169,Pune,2009-02-25,HR
5170,FirstName5170,LastName5170,35170,Bangalore,2009-02-26,Finance
5171,FirstName5171,LastName5171,35171,Hyderabad,2009-02-27,Sales
5172,FirstName5172,LastName5172,35172,Chennai,2009-02-28,Marketing
5173,FirstName5173,LastName5173,35173,Delhi,2009-03-01,Support
5174,FirstName5174,LastName5174,35174,Noida,2009-03-02,Admin
5175,FirstName5175,LastName5175,35175,Gurgaon,2009-03-03,Operations
5176,FirstName5176,LastName5176,35176,Mumbai,2009-03-04,IT
5177,FirstName5177,LastName5177,35177,Pune,2009-03-05,HR
5178,FirstName5178,LastName5178,35178,Bangalore,2009-03-06,Finance
5179,FirstName5179,LastName5179,35179,Hyderabad,2009-03-07,Sales
5180,FirstName5180,LastName5180,35180,Chennai,2009-03-08,Marketing
5181,FirstName5181,LastName5181,35181,Delhi,2009-03-09,Support
5182,FirstName5182,LastName5182,35182,Noida,2009-03-10,Admin
5183,FirstName5183,LastName5183,35183,Gurgaon,2009-03-11,Operations
5184,FirstName5184,LastName5184,35184,Mumbai,2009-03-12,IT
5185,FirstName5185,LastName5185,35185,Pune,2009-03-13,HR
5186,FirstName5186,LastName5186,35186,Bangalore,2009-03-14,Finance
5187,FirstName5187,LastName5187,35187,Hyderabad,2009-03-15,Sales
5188,FirstName5188,LastName5188,35188,Chennai,2009-03-16,Marketing
5189,FirstName5189,LastName5189,35189,Delhi,2009-03-17,Support
5190,FirstName5190,LastName5190,35190,Noida,2009-03-18,Admin
5191,FirstName5191,LastName5191,35191,Gurgaon,2009-03-19,Operations
5192,FirstName5192,LastName5192,35192,Mumbai,2009-03-20,IT
5193,FirstName5193,LastName5193,35193,Pune,2009-03-21,HR
5194,FirstName5194,LastName5194,35194,Bangalore,2009-03-22,Finance
5195,FirstName5195,LastName5195,35195,Hyderabad,2009-03-23,Sales
5196,FirstName5196,LastName5196,35196,Chennai,2009-03-24,Marketing
5197,FirstName5197,LastName5197,35197,Delhi,2009-03-25,Support
5198,FirstName5198,LastName5198,35198,Noida,2009-03-26,Admin
5199,FirstName5199,LastName5199,35199,Gurgaon,2009-03-27,Operations
5200,FirstName5200,LastName5200,35200,Mumbai,2009-03-28,IT
5201,FirstName5201,LastName5201,35201,Pune,2009-03-29,HR
5202,FirstName5202,LastName5202,35202,Bangalore,2009-03-30,Finance
5203,FirstName5203,LastName5203,35203,Hyderabad,2009-03-31,Sales
5204,FirstName5204,LastName5204,35204,Chennai,2009-04-01,Marketing
5205,FirstName5205,LastName5205,35205,Delhi,2009-04-02,Support
5206,FirstName5206,LastName5206,35206,Noida,2009-04-03,Admin
5207,FirstName5207,LastName5207,35207,Gurgaon,2009-04-04,Operations
5208,FirstName5208,LastName5208,35208,Mumbai,2009-04-05,IT
5209,FirstName5209,LastName5209,35209,Pune,2009-04-06,HR
5210,FirstName5210,LastName5210,35210,Bangalore,2009-04-07,Finance
5211,FirstName5211,LastName5211,35211,Hyderabad,2009-04-08,Sales
5212,FirstName5212,LastName5212,35212,Chennai,2009-04-09,Marketing
5213,FirstName5213,LastName5213,35213,Delhi,2009-04-10,Support
5214,FirstName5214,LastName5214,35214,Noida,2009-04-11,Admin
5215,FirstName5215,LastName5215,35215,Gurgaon,2009-04-12,Operations
5216,FirstName5216,LastName5216,35216,Mumbai,2009-04-13,IT
5217,FirstName5217,LastName5217,35217,Pune,2009-04-14,HR
5218,FirstName5218,LastName5218,35218,Bangalore,2009-04-15,Finance
5219,FirstName5219,LastName5219,35219,Hyderabad,2009-04-16,Sales
5220,FirstName5220,LastName5220,35220,Chennai,2009-04-17,Marketing
5221,FirstName5221,LastName5221,35221,Delhi,2009-04-18,Support
5222,FirstName5222,LastName5222,35222,Noida,2009-04-19,Admin
5223,FirstName5223,LastName5223,35223,Gurgaon,2009-04-20,Operations
5224,FirstName5224,LastName5224,35224,Mumbai,2009-04-21,IT
5225,FirstName5225,LastName5225,35225,Pune,2009-04-22,HR
5226,FirstName5226,LastName5226,35226,Bangalore,2009-04-23,Finance
5227,FirstName5227,LastName5227,35227,Hyderabad,2009-04-24,Sales
5228,FirstName5228,LastName5228,35228,Chennai,2009-04-25,Marketing
5229,FirstName5229,LastName5229,35229,Delhi,2009-04-26,Support
5230,FirstName5230,LastName5230,35230,Noida,2009-04-27,Admin
5231,FirstName5231,LastName5231,35231,Gurgaon,2009-04-28,Operations
5232,FirstName5232,LastName5232,35232,Mumbai,2009-04-29,IT
5233,FirstName5233,LastName5233,35233,Pune,2009-04-30,HR
5234,FirstName5234,LastName5234,35234,Bangalore,2009-05-01,Finance
5235,FirstName5235,LastName5235,35235,Hyderabad,2009-05-02,Sales
5236,FirstName5236,LastName5236,35236,Chennai,2009-05-03,Marketing
5237,FirstName5237,LastName5237,35237,Delhi,2009-05-04,Support
5238,FirstName5238,LastName5238,35238,Noida,2009-05-05,Admin
5239,FirstName5239,LastName5239,35239,Gurgaon,2009-05-06,Operations
5240,FirstName5240,LastName5240,35240,Mumbai,2009-05-07,IT
5241,FirstName5241,LastName5241,35241,Pune,2009-05-08,HR
5242,FirstName5242,LastName5242,35242,Bangalore,2009-05-09,Finance
5243,FirstName5243,LastName5243,35243,Hyderabad,2009-05-10,Sales
5244,FirstName5244,LastName5244,35244,Chennai,2009-05-11,Marketing
5245,FirstName5245,LastName5245,35245,Delhi,2009-05-12,Support
5246,FirstName5246,LastName5246,35246,Noida,2009-05-13,Admin
5247,FirstName5247,LastName5247,35247,Gurgaon,2009-05-14,Operations
5248,FirstName5248,LastName5248,35248,Mumbai,2009-05-15,IT
5249,FirstName5249,LastName5249,35249,Pune,2009-05-16,HR
5250,FirstName5250,LastName5250,35250,Bangalore,2009-05-17,Finance
5251,FirstName5251,LastName5251,35251,Hyderabad,2009-05-18,Sales
5252,FirstName5252,LastName5252,35252,Chennai,2009-05-19,Marketing
5253,FirstName5253,LastName5253,35253,Delhi,2009-05-20,Support
5254,FirstName5254,LastName5254,35254,Noida,2009-05-21,Admin
5255,FirstName5255,LastName5255,35255,Gurgaon,2009-05-22,Operations
5256,FirstName5256,LastName5256,35256,Mumbai,2009-05-23,IT
5257,FirstName5257,LastName5257,35257,Pune,2009-05-24,HR
5258,FirstName5258,LastName5258,35258,Bangalore,2009-05-25,Finance
5259,FirstName5259,LastName5259,35259,Hyderabad,2009-05-26,Sales
5260,FirstName5260,LastName5260,35260,Chennai,2009-05-27,Marketing
5261,FirstName5261,LastName5261,35261,Delhi,2009-05-28,Support
5262,FirstName5262,LastName5262,35262,Noida,2009-05-29,Admin
5263,FirstName5263,LastName5263,35263,Gurgaon,2009-05-30,Operations
5264,FirstName5264,LastName5264,35264,Mumbai,2009-05-31,IT
5265,FirstName5265,LastName5265,35265,Pune,2009-06-01,HR
5266,FirstName5266,LastName5266,35266,Bangalore,2009-06-02,Finance
5267,FirstName5267,LastName5267,35267,Hyderabad,2009-06-03,Sales
5268,FirstName5268,LastName5268,35268,Chennai,2009-06-04,Marketing
5269,FirstName5269,LastName5269,35269,Delhi,2009-06-05,Support
5270,FirstName5270,LastName5270,35270,Noida,2009-06-06,Admin
5271,FirstName5271,LastName5271,35271,Gurgaon,2009-06-07,Operations
5272,FirstName5272,LastName5272,35272,Mumbai,2009-06-08,IT
5273,FirstName5273,LastName5273,35273,Pune,2009-06-09,HR
5274,FirstName5274,LastName5274,35274,Bangalore,2009-06-10,Finance
5275,FirstName5275,LastName5275,35275,Hyderabad,2009-06-11,Sales
5276,FirstName5276,LastName5276,35276,Chennai,2009-06-12,Marketing
5277,FirstName5277,LastName5277,35277,Delhi,2009-06-13,Support
5278,FirstName5278,LastName5278,35278,Noida,2009-06-14,Admin
5279,FirstName5279,LastName5279,35279,Gurgaon,2009-06-15,Operations
5280,FirstName5280,LastName5280,35280,Mumbai,2009-06-16,IT
5281,FirstName5281,LastName5281,35281,Pune,2009-06-17,HR
5282,FirstName5282,LastName5282,35282,Bangalore,2009-06-18,Finance
5283,FirstName5283,LastName5283,35283,Hyderabad,2009-06-19,Sales
5284,FirstName5284,LastName5284,35284,Chennai,2009-06-20,Marketing
5285,FirstName5285,LastName5285,35285,Delhi,2009-06-21,Support
5286,FirstName5286,LastName5286,35286,Noida,2009-06-22,Admin
5287,FirstName5287,LastName5287,35287,Gurgaon,2009-06-23,Operations
5288,FirstName5288,LastName5288,35288,Mumbai,2009-06-24,IT
5289,FirstName5289,LastName5289,35289,Pune,2009-06-25,HR
5290,FirstName5290,LastName5290,35290,Bangalore,2009-06-26,Finance
5291,FirstName5291,LastName5291,35291,Hyderabad,2009-06-27,Sales
5292,FirstName5292,LastName5292,35292,Chennai,2009-06-28,Marketing
5293,FirstName5293,LastName5293,35293,Delhi,2009-06-29,Support
5294,FirstName5294,LastName5294,35294,Noida,2009-06-30,Admin
5295,FirstName5295,LastName5295,35295,Gurgaon,2009-07-01,Operations
5296,FirstName5296,LastName5296,35296,Mumbai,2009-07-02,IT
5297,FirstName5297,LastName5297,35297,Pune,2009-07-03,HR
5298,FirstName5298,LastName5298,35298,Bangalore,2009-07-04,Finance
5299,FirstName5299,LastName5299,35299,Hyderabad,2009-07-05,Sales
5300,FirstName5300,LastName5300,35300,Chennai,2009-07-06,Marketing
5301,FirstName5301,LastName5301,35301,Delhi,2009-07-07,Support
5302,FirstName5302,LastName5302,35302,Noida,2009-07-08,Admin
5303,FirstName5303,LastName5303,35303,Gurgaon,2009-07-09,Operations
5304,FirstName5304,LastName5304,35304,Mumbai,2009-07-10,IT
5305,FirstName5305,LastName5305,35305,Pune,2009-07-11,HR
5306,FirstName5306,LastName5306,35306,Bangalore,2009-07-12,Finance
5307,FirstName5307,LastName5307,35307,Hyderabad,2009-07-13,Sales
5308,FirstName5308,LastName5308,35308,Chennai,2009-07-14,Marketing
5309,FirstName5309,LastName5309,35309,Delhi,2009-07-15,Support
5310,FirstName5310,LastName5310,35310,Noida,2009-07-16,Admin
5311,FirstName5311,LastName5311,35311,Gurgaon,2009-07-17,Operations
5312,FirstName5312,LastName5312,35312,Mumbai,2009-07-18,IT
5313,FirstName5313,LastName5313,35313,Pune,2009-07-19,HR
5314,FirstName5314,LastName5314,35314,Bangalore,2009-07-20,Finance
5315,FirstName5315,LastName5315,35315,Hyderabad,2009-07-21,Sales
5316,FirstName5316,LastName5316,35316,Chennai,2009-07-22,Marketing
5317,FirstName5317,LastName5317,35317,Delhi,2009-07-23,Support
5318,FirstName5318,LastName5318,35318,Noida,2009-07-24,Admin
5319,FirstName5319,LastName5319,35319,Gurgaon,2009-07-25,Operations
5320,FirstName5320,LastName5320,35320,Mumbai,2009-07-26,IT
5321,FirstName5321,LastName5321,35321,Pune,2009-07-27,HR
5322,FirstName5322,LastName5322,35322,Bangalore,2009-07-28,Finance
5323,FirstName5323,LastName5323,35323,Hyderabad,2009-07-29,Sales
5324,FirstName5324,LastName5324,35324,Chennai,2009-07-30,Marketing
5325,FirstName5325,LastName5325,35325,Delhi,2009-07-31,Support
5326,FirstName5326,LastName5326,35326,Noida,2009-08-01,Admin
5327,FirstName5327,LastName5327,35327,Gurgaon,2009-08-02,Operations
5328,FirstName5328,LastName5328,35328,Mumbai,2009-08-03,IT
5329,FirstName5329,LastName5329,35329,Pune,2009-08-04,HR
5330,FirstName5330,LastName5330,35330,Bangalore,2009-08-05,Finance
5331,FirstName5331,LastName5331,35331,Hyderabad,2009-08-06,Sales
5332,FirstName5332,LastName5332,35332,Chennai,2009-08-07,Marketing
5333,FirstName5333,LastName5333,35333,Delhi,2009-08-08,Support
5334,FirstName5334,LastName5334,35334,Noida,2009-08-09,Admin
5335,FirstName5335,LastName5335,35335,Gurgaon,2009-08-10,Operations
5336,FirstName5336,LastName5336,35336,Mumbai,2009-08-11,IT
5337,FirstName5337,LastName5337,35337,Pune,2009-08-12,HR
5338,FirstName5338,LastName5338,35338,Bangalore,2009-08-13,Finance
5339,FirstName5339,LastName5339,35339,Hyderabad,2009-08-14,Sales
5340,FirstName5340,LastName5340,35340,Chennai,2009-08-15,Marketing
5341,FirstName5341,LastName5341,35341,Delhi,2009-08-16,Support
5342,FirstName5342,LastName5342,35342,Noida,2009-08-17,Admin
5343,FirstName5343,LastName5343,35343,Gurgaon,2009-08-18,Operations
5344,FirstName5344,LastName5344,35344,Mumbai,2009-08-19,IT
5345,FirstName5345,LastName5345,35345,Pune,2009-08-20,HR
5346,FirstName5346,LastName5346,35346,Bangalore,2009-08-21,Finance
5347,FirstName5347,LastName5347,35347,Hyderabad,2009-08-22,Sales
5348,FirstName5348,LastName5348,35348,Chennai,2009-08-23,Marketing
5349,FirstName5349,LastName5349,35349,Delhi,2009-08-24,Support
5350,FirstName5350,LastName5350,35350,Noida,2009-08-25,Admin
5351,FirstName5351,LastName5351,35351,Gurgaon,2009-08-26,Operations
5352,FirstName5352,LastName5352,35352,Mumbai,2009-08-27,IT
5353,FirstName5353,LastName5353,35353,Pune,2009-08-28,HR
5354,FirstName5354,LastName5354,35354,Bangalore,2009-08-29,Finance
5355,FirstName5355,LastName5355,35355,Hyderabad,2009-08-30,Sales
5356,FirstName5356,LastName5356,35356,Chennai,2009-08-31,Marketing
5357,FirstName5357,LastName5357,35357,Delhi,2009-09-01,Support
5358,FirstName5358,LastName5358,35358,Noida,2009-09-02,Admin
5359,FirstName5359,LastName5359,35359,Gurgaon,2009-09-03,Operations
5360,FirstName5360,LastName5360,35360,Mumbai,2009-09-04,IT
5361,FirstName5361,LastName5361,35361,Pune,2009-09-05,HR
5362,FirstName5362,LastName5362,35362,Bangalore,2009-09-06,Finance
5363,FirstName5363,LastName5363,35363,Hyderabad,2009-09-07,Sales
5364,FirstName5364,LastName5364,35364,Chennai,2009-09-08,Marketing
5365,FirstName5365,LastName5365,35365,Delhi,2009-09-09,Support
5366,FirstName5366,LastName5366,35366,Noida,2009-09-10,Admin
5367,FirstName5367,LastName5367,35367,Gurgaon,2009-09-11,Operations
5368,FirstName5368,LastName5368,35368,Mumbai,2009-09-12,IT
5369,FirstName5369,LastName5369,35369,Pune,2009-09-13,HR
5370,FirstName5370,LastName5370,35370,Bangalore,2009-09-14,Finance
5371,FirstName5371,LastName5371,35371,Hyderabad,2009-09-15,Sales
5372,FirstName5372,LastName5372,35372,Chennai,2009-09-16,Marketing
5373,FirstName5373,LastName5373,35373,Delhi,2009-09-17,Support
5374,FirstName5374,LastName5374,35374,Noida,2009-09-18,Admin
5375,FirstName5375,LastName5375,35375,Gurgaon,2009-09-19,Operations
5376,FirstName5376,LastName5376,35376,Mumbai,2009-09-20,IT
5377,FirstName5377,LastName5377,35377,Pune,2009-09-21,HR
5378,FirstName5378,LastName5378,35378,Bangalore,2009-09-22,Finance
5379,FirstName5379,LastName5379,35379,Hyderabad,2009-09-23,Sales
5380,FirstName5380,LastName5380,35380,Chennai,2009-09-24,Marketing
5381,FirstName5381,LastName5381,35381,Delhi,2009-09-25,Support
5382,FirstName5382,LastName5382,35382,Noida,2009-09-26,Admin
5383,FirstName5383,LastName5383,35383,Gurgaon,2009-09-27,Operations
5384,FirstName5384,LastName5384,35384,Mumbai,2009-09-28,IT
5385,FirstName5385,LastName5385,35385,Pune,2009-09-29,HR
5386,FirstName5386,LastName5386,35386,Bangalore,2009-09-30,Finance
5387,FirstName5387,LastName5387,35387,Hyderabad,2009-10-01,Sales
5388,FirstName5388,LastName5388,35388,Chennai,2009-10-02,Marketing
5389,FirstName5389,LastName5389,35389,Delhi,2009-10-03,Support
5390,FirstName5390,LastName5390,35390,Noida,2009-10-04,Admin
5391,FirstName5391,LastName5391,35391,Gurgaon,2009-10-05,Operations
5392,FirstName5392,LastName5392,35392,Mumbai,2009-10-06,IT
5393,FirstName5393,LastName5393,35393,Pune,2009-10-07,HR
5394,FirstName5394,LastName5394,35394,Bangalore,2009-10-08,Finance
5395,FirstName5395,LastName5395,35395,Hyderabad,2009-10-09,Sales
5396,FirstName5396,LastName5396,35396,Chennai,2009-10-10,Marketing
5397,FirstName5397,LastName5397,35397,Delhi,2009-10-11,Support
5398,FirstName5398,LastName5398,35398,Noida,2009-10-12,Admin
5399,FirstName5399,LastName5399,35399,Gurgaon,2009-10-13,Operations
5400,FirstName5400,LastName5400,35400,Mumbai,2009-10-14,IT
5401,FirstName5401,LastName5401,35401,Pune,2009-10-15,HR
5402,FirstName5402,LastName5402,35402,Bangalore,2009-10-16,Finance
5403,FirstName5403,LastName5403,35403,Hyderabad,2009-10-17,Sales
5404,FirstName5404,LastName5404,35404,Chennai,2009-10-18,Marketing
5405,FirstName5405,LastName5405,35405,Delhi,2009-10-19,Support
5406,FirstName5406,LastName5406,35406,Noida,2009-10-20,Admin
5407,FirstName5407,LastName5407,35407,Gurgaon,2009-10-21,Operations
5408,FirstName5408,LastName5408,35408,Mumbai,2009-10-22,IT
5409,FirstName5409,LastName5409,35409,Pune,2009-10-23,HR
5410,FirstName5410,LastName5410,35410,Bangalore,2009-10-24,Finance
5411,FirstName5411,LastName5411,35411,Hyderabad,2009-10-25,Sales
5412,FirstName5412,LastName5412,35412,Chennai,2009-10-26,Marketing
5413,FirstName5413,LastName5413,35413,Delhi,2009-10-27,Support
5414,FirstName5414,LastName5414,35414,Noida,2009-10-28,Admin
5415,FirstName5415,LastName5415,35415,Gurgaon,2009-10-29,Operations
5416,FirstName5416,LastName5416,35416,Mumbai,2009-10-30,IT
5417,FirstName5417,LastName5417,35417,Pune,2009-10-31,HR
5418,FirstName5418,LastName5418,35418,Bangalore,2009-11-01,Finance
5419,FirstName5419,LastName5419,35419,Hyderabad,2009-11-02,Sales
5420,FirstName5420,LastName5420,35420,Chennai,2009-11-03,Marketing
5421,FirstName5421,LastName5421,35421,Delhi,2009-11-04,Support
5422,FirstName5422,LastName5422,35422,Noida,2009-11-05,Admin
5423,FirstName5423,LastName5423,35423,Gurgaon,2009-11-06,Operations
5424,FirstName5424,LastName5424,35424,Mumbai,2009-11-07,IT
5425,FirstName5425,LastName5425,35425,Pune,2009-11-08,HR
5426,FirstName5426,LastName5426,35426,Bangalore,2009-11-09,Finance
5427,FirstName5427,LastName5427,35427,Hyderabad,2009-11-10,Sales
5428,FirstName5428,LastName5428,35428,Chennai,2009-11-11,Marketing
5429,FirstName5429,LastName5429,35429,Delhi,2009-11-12,Support
5430,FirstName5430,LastName5430,35430,Noida,2009-11-13,Admin
5431,FirstName5431,LastName5431,35431,Gurgaon,2009-11-14,Operations
5432,FirstName5432,LastName5432,35432,Mumbai,2009-11-15,IT
5433,FirstName5433,LastName5433,35433,Pune,2009-11-16,HR
5434,FirstName5434,LastName5434,35434,Bangalore,2009-11-17,Finance
5435,FirstName5435,LastName5435,35435,Hyderabad,2009-11-18,Sales
5436,FirstName5436,LastName5436,35436,Chennai,2009-11-19,Marketing
5437,FirstName5437,LastName5437,35437,Delhi,2009-11-20,Support
5438,FirstName5438,LastName5438,35438,Noida,2009-11-21,Admin
5439,FirstName5439,LastName5439,35439,Gurgaon,2009-11-22,Operations
5440,FirstName5440,LastName5440,35440,Mumbai,2009-11-23,IT
5441,FirstName5441,LastName5441,35441,Pune,2009-11-24,HR
5442,FirstName5442,LastName5442,35442,Bangalore,2009-11-25,Finance
5443,FirstName5443,LastName5443,35443,Hyderabad,2009-11-26,Sales
5444,FirstName5444,LastName5444,35444,Chennai,2009-11-27,Marketing
5445,FirstName5445,LastName5445,35445,Delhi,2009-11-28,Support
5446,FirstName5446,LastName5446,35446,Noida,2009-11-29,Admin
5447,FirstName5447,LastName5447,35447,Gurgaon,2009-11-30,Operations
5448,FirstName5448,LastName5448,35448,Mumbai,2009-12-01,IT
5449,FirstName5449,LastName5449,35449,Pune,2009-12-02,HR
5450,FirstName5450,LastName5450,35450,Bangalore,2009-12-03,Finance
5451,FirstName5451,LastName5451,35451,Hyderabad,2009-12-04,Sales
5452,FirstName5452,LastName5452,35452,Chennai,2009-12-05,Marketing
5453,FirstName5453,LastName5453,35453,Delhi,2009-12-06,Support
5454,FirstName5454,LastName5454,35454,Noida,2009-12-07,Admin
5455,FirstName5455,LastName5455,35455,Gurgaon,2009-12-08,Operations
5456,FirstName5456,LastName5456,35456,Mumbai,2009-12-09,IT
5457,FirstName5457,LastName5457,35457,Pune,2009-12-10,HR
5458,FirstName5458,LastName5458,35458,Bangalore,2009-12-11,Finance
5459,FirstName5459,LastName5459,35459,Hyderabad,2009-12-12,Sales
5460,FirstName5460,LastName5460,35460,Chennai,2009-12-13,Marketing
5461,FirstName5461,LastName5461,35461,Delhi,2009-12-14,Support
5462,FirstName5462,LastName5462,35462,Noida,2009-12-15,Admin
5463,FirstName5463,LastName5463,35463,Gurgaon,2009-12-16,Operations
5464,FirstName5464,LastName5464,35464,Mumbai,2009-12-17,IT
5465,FirstName5465,LastName5465,35465,Pune,2009-12-18,HR
5466,FirstName5466,LastName5466,35466,Bangalore,2009-12-19,Finance
5467,FirstName5467,LastName5467,35467,Hyderabad,2009-12-20,Sales
5468,FirstName5468,LastName5468,35468,Chennai,2009-12-21,Marketing
5469,FirstName5469,LastName5469,35469,Delhi,2009-12-22,Support
5470,FirstName5470,LastName5470,35470,Noida,2009-12-23,Admin
5471,FirstName5471,LastName5471,35471,Gurgaon,2009-12-24,Operations
5472,FirstName5472,LastName5472,35472,Mumbai,2009-12-25,IT
5473,FirstName5473,LastName5473,35473,Pune,2009-12-26,HR
5474,FirstName5474,LastName5474,35474,Bangalore,2009-12-27,Finance
5475,FirstName5475,LastName5475,35475,Hyderabad,2009-12-28,Sales
5476,FirstName5476,LastName5476,35476,Chennai,2009-12-29,Marketing
5477,FirstName5477,LastName5477,35477,Delhi,2009-12-30,Support
5478,FirstName5478,LastName5478,35478,Noida,2009-12-31,Admin
5479,FirstName5479,LastName5479,35479,Gurgaon,2010-01-01,Operations
5480,FirstName5480,LastName5480,35480,Mumbai,2010-01-02,IT
5481,FirstName5481,LastName5481,35481,Pune,2010-01-03,HR
5482,FirstName5482,LastName5482,35482,Bangalore,2010-01-04,Finance
5483,FirstName5483,LastName5483,35483,Hyderabad,2010-01-05,Sales
5484,FirstName5484,LastName5484,35484,Chennai,2010-01-06,Marketing
5485,FirstName5485,LastName5485,35485,Delhi,2010-01-07,Support
5486,FirstName5486,LastName5486,35486,Noida,2010-01-08,Admin
5487,FirstName5487,LastName5487,35487,Gurgaon,2010-01-09,Operations
5488,FirstName5488,LastName5488,35488,Mumbai,2010-01-10,IT
5489,FirstName5489,LastName5489,35489,Pune,2010-01-11,HR
5490,FirstName5490,LastName5490,35490,Bangalore,2010-01-12,Finance
5491,FirstName5491,LastName5491,35491,Hyderabad,2010-01-13,Sales
5492,FirstName5492,LastName5492,35492,Chennai,2010-01-14,Marketing
5493,FirstName5493,LastName5493,35493,Delhi,2010-01-15,Support
5494,FirstName5494,LastName5494,35494,Noida,2010-01-16,Admin
5495,FirstName5495,LastName5495,35495,Gurgaon,2010-01-17,Operations
5496,FirstName5496,LastName5496,35496,Mumbai,2010-01-18,IT
5497,FirstName5497,LastName5497,35497,Pune,2010-01-19,HR
5498,FirstName5498,LastName5498,35498,Bangalore,2010-01-20,Finance
5499,FirstName5499,LastName5499,35499,Hyderabad,2010-01-21,Sales
5500,FirstName5500,LastName5500,35500,Chennai,2010-01-22,Marketing
5501,FirstName5501,LastName5501,35501,Delhi,2010-01-23,Support
5502,FirstName5502,LastName5502,35502,Noida,2010-01-24,Admin
5503,FirstName5503,LastName5503,35503,Gurgaon,2010-01-25,Operations
5504,FirstName5504,LastName5504,35504,Mumbai,2010-01-26,IT
5505,FirstName5505,LastName5505,35505,Pune,2010-01-27,HR
5506,FirstName5506,LastName5506,35506,Bangalore,2010-01-28,Finance
5507,FirstName5507,LastName5507,35507,Hyderabad,2010-01-29,Sales
5508,FirstName5508,LastName5508,35508,Chennai,2010-01-30,Marketing
5509,FirstName5509,LastName5509,35509,Delhi,2010-01-31,Support
5510,FirstName5510,LastName5510,35510,Noida,2010-02-01,Admin
5511,FirstName5511,LastName5511,35511,Gurgaon,2010-02-02,Operations
5512,FirstName5512,LastName5512,35512,Mumbai,2010-02-03,IT
5513,FirstName5513,LastName5513,35513,Pune,2010-02-04,HR
5514,FirstName5514,LastName5514,35514,Bangalore,2010-02-05,Finance
5515,FirstName5515,LastName5515,35515,Hyderabad,2010-02-06,Sales
5516,FirstName5516,LastName5516,35516,Chennai,2010-02-07,Marketing
5517,FirstName5517,LastName5517,35517,Delhi,2010-02-08,Support
5518,FirstName5518,LastName5518,35518,Noida,2010-02-09,Admin
5519,FirstName5519,LastName5519,35519,Gurgaon,2010-02-10,Operations
5520,FirstName5520,LastName5520,35520,Mumbai,2010-02-11,IT
5521,FirstName5521,LastName5521,35521,Pune,2010-02-12,HR
5522,FirstName5522,LastName5522,35522,Bangalore,2010-02-13,Finance
5523,FirstName5523,LastName5523,35523,Hyderabad,2010-02-14,Sales
5524,FirstName5524,LastName5524,35524,Chennai,2010-02-15,Marketing
5525,FirstName5525,LastName5525,35525,Delhi,2010-02-16,Support
5526,FirstName5526,LastName5526,35526,Noida,2010-02-17,Admin
5527,FirstName5527,LastName5527,35527,Gurgaon,2010-02-18,Operations
5528,FirstName5528,LastName5528,35528,Mumbai,2010-02-19,IT
5529,FirstName5529,LastName5529,35529,Pune,2010-02-20,HR
5530,FirstName5530,LastName5530,35530,Bangalore,2010-02-21,Finance
5531,FirstName5531,LastName5531,35531,Hyderabad,2010-02-22,Sales
5532,FirstName5532,LastName5532,35532,Chennai,2010-02-23,Marketing
5533,FirstName5533,LastName5533,35533,Delhi,2010-02-24,Support
5534,FirstName5534,LastName5534,35534,Noida,2010-02-25,Admin
5535,FirstName5535,LastName5535,35535,Gurgaon,2010-02-26,Operations
5536,FirstName5536,LastName5536,35536,Mumbai,2010-02-27,IT
5537,FirstName5537,LastName5537,35537,Pune,2010-02-28,HR
5538,FirstName5538,LastName5538,35538,Bangalore,2010-03-01,Finance
5539,FirstName5539,LastName5539,35539,Hyderabad,2010-03-02,Sales
5540,FirstName5540,LastName5540,35540,Chennai,2010-03-03,Marketing
5541,FirstName5541,LastName5541,35541,Delhi,2010-03-04,Support
5542,FirstName5542,LastName5542,35542,Noida,2010-03-05,Admin
5543,FirstName5543,LastName5543,35543,Gurgaon,2010-03-06,Operations
5544,FirstName5544,LastName5544,35544,Mumbai,2010-03-07,IT
5545,FirstName5545,LastName5545,35545,Pune,2010-03-08,HR
5546,FirstName5546,LastName5546,35546,Bangalore,2010-03-09,Finance
5547,FirstName5547,LastName5547,35547,Hyderabad,2010-03-10,Sales
5548,FirstName5548,LastName5548,35548,Chennai,2010-03-11,Marketing
5549,FirstName5549,LastName5549,35549,Delhi,2010-03-12,Support
5550,FirstName5550,LastName5550,35550,Noida,2010-03-13,Admin
5551,FirstName5551,LastName5551,35551,Gurgaon,2010-03-14,Operations
5552,FirstName5552,LastName5552,35552,Mumbai,2010-03-15,IT
5553,FirstName5553,LastName5553,35553,Pune,2010-03-16,HR
5554,FirstName5554,LastName5554,35554,Bangalore,2010-03-17,Finance
5555,FirstName5555,LastName5555,35555,Hyderabad,2010-03-18,Sales
5556,FirstName5556,LastName5556,35556,Chennai,2010-03-19,Marketing
5557,FirstName5557,LastName5557,35557,Delhi,2010-03-20,Support
5558,FirstName5558,LastName5558,35558,Noida,2010-03-21,Admin
5559,FirstName5559,LastName5559,35559,Gurgaon,2010-03-22,Operations
5560,FirstName5560,LastName5560,35560,Mumbai,2010-03-23,IT
5561,FirstName5561,LastName5561,35561,Pune,2010-03-24,HR
5562,FirstName5562,LastName5562,35562,Bangalore,2010-03-25,Finance
5563,FirstName5563,LastName5563,35563,Hyderabad,2010-03-26,Sales
5564,FirstName5564,LastName5564,35564,Chennai,2010-03-27,Marketing
5565,FirstName5565,LastName5565,35565,Delhi,2010-03-28,Support
5566,FirstName5566,LastName5566,35566,Noida,2010-03-29,Admin
5567,FirstName5567,LastName5567,35567,Gurgaon,2010-03-30,Operations
5568,FirstName5568,LastName5568,35568,Mumbai,2010-03-31,IT
5569,FirstName5569,LastName5569,35569,Pune,2010-04-01,HR
5570,FirstName5570,LastName5570,35570,Bangalore,2010-04-02,Finance
5571,FirstName5571,LastName5571,35571,Hyderabad,2010-04-03,Sales
5572,FirstName5572,LastName5572,35572,Chennai,2010-04-04,Marketing
5573,FirstName5573,LastName5573,35573,Delhi,2010-04-05,Support
5574,FirstName5574,LastName5574,35574,Noida,2010-04-06,Admin
5575,FirstName5575,LastName5575,35575,Gurgaon,2010-04-07,Operations
5576,FirstName5576,LastName5576,35576,Mumbai,2010-04-08,IT
5577,FirstName5577,LastName5577,35577,Pune,2010-04-09,HR
5578,FirstName5578,LastName5578,35578,Bangalore,2010-04-10,Finance
5579,FirstName5579,LastName5579,35579,Hyderabad,2010-04-11,Sales
5580,FirstName5580,LastName5580,35580,Chennai,2010-04-12,Marketing
5581,FirstName5581,LastName5581,35581,Delhi,2010-04-13,Support
5582,FirstName5582,LastName5582,35582,Noida,2010-04-14,Admin
5583,FirstName5583,LastName5583,35583,Gurgaon,2010-04-15,Operations
5584,FirstName5584,LastName5584,35584,Mumbai,2010-04-16,IT
5585,FirstName5585,LastName5585,35585,Pune,2010-04-17,HR
5586,FirstName5586,LastName5586,35586,Bangalore,2010-04-18,Finance
5587,FirstName5587,LastName5587,35587,Hyderabad,2010-04-19,Sales
5588,FirstName5588,LastName5588,35588,Chennai,2010-04-20,Marketing
5589,FirstName5589,LastName5589,35589,Delhi,2010-04-21,Support
5590,FirstName5590,LastName5590,35590,Noida,2010-04-22,Admin
5591,FirstName5591,LastName5591,35591,Gurgaon,2010-04-23,Operations
5592,FirstName5592,LastName5592,35592,Mumbai,2010-04-24,IT
5593,FirstName5593,LastName5593,35593,Pune,2010-04-25,HR
5594,FirstName5594,LastName5594,35594,Bangalore,2010-04-26,Finance
5595,FirstName5595,LastName5595,35595,Hyderabad,2010-04-27,Sales
5596,FirstName5596,LastName5596,35596,Chennai,2010-04-28,Marketing
5597,FirstName5597,LastName5597,35597,Delhi,2010-04-29,Support
5598,FirstName5598,LastName5598,35598,Noida,2010-04-30,Admin
5599,FirstName5599,LastName5599,35599,Gurgaon,2010-05-01,Operations
5600,FirstName5600,LastName5600,35600,Mumbai,2010-05-02,IT
5601,FirstName5601,LastName5601,35601,Pune,2010-05-03,HR
5602,FirstName5602,LastName5602,35602,Bangalore,2010-05-04,Finance
5603,FirstName5603,LastName5603,35603,Hyderabad,2010-05-05,Sales
5604,FirstName5604,LastName5604,35604,Chennai,2010-05-06,Marketing
5605,FirstName5605,LastName5605,35605,Delhi,2010-05-07,Support
5606,FirstName5606,LastName5606,35606,Noida,2010-05-08,Admin
5607,FirstName5607,LastName5607,35607,Gurgaon,2010-05-09,Operations
5608,FirstName5608,LastName5608,35608,Mumbai,2010-05-10,IT
5609,FirstName5609,LastName5609,35609,Pune,2010-05-11,HR
5610,FirstName5610,LastName5610,35610,Bangalore,2010-05-12,Finance
5611,FirstName5611,LastName5611,35611,Hyderabad,2010-05-13,Sales
5612,FirstName5612,LastName5612,35612,Chennai,2010-05-14,Marketing
5613,FirstName5613,LastName5613,35613,Delhi,2010-05-15,Support
5614,FirstName5614,LastName5614,35614,Noida,2010-05-16,Admin
5615,FirstName5615,LastName5615,35615,Gurgaon,2010-05-17,Operations
5616,FirstName5616,LastName5616,35616,Mumbai,2010-05-18,IT
5617,FirstName5617,LastName5617,35617,Pune,2010-05-19,HR
5618,FirstName5618,LastName5618,35618,Bangalore,2010-05-20,Finance
5619,FirstName5619,LastName5619,35619,Hyderabad,2010-05-21,Sales
5620,FirstName5620,LastName5620,35620,Chennai,2010-05-22,Marketing
5621,FirstName5621,LastName5621,35621,Delhi,2010-05-23,Support
5622,FirstName5622,LastName5622,35622,Noida,2010-05-24,Admin
5623,FirstName5623,LastName5623,35623,Gurgaon,2010-05-25,Operations
5624,FirstName5624,LastName5624,35624,Mumbai,2010-05-26,IT
5625,FirstName5625,LastName5625,35625,Pune,2010-05-27,HR
5626,FirstName5626,LastName5626,35626,Bangalore,2010-05-28,Finance
5627,FirstName5627,LastName5627,35627,Hyderabad,2010-05-29,Sales
5628,FirstName5628,LastName5628,35628,Chennai,2010-05-30,Marketing
5629,FirstName5629,LastName5629,35629,Delhi,2010-05-31,Support
5630,FirstName5630,LastName5630,35630,Noida,2010-06-01,Admin
5631,FirstName5631,LastName5631,35631,Gurgaon,2010-06-02,Operations
5632,FirstName5632,LastName5632,35632,Mumbai,2010-06-03,IT
5633,FirstName5633,LastName5633,35633,Pune,2010-06-04,HR
5634,FirstName5634,LastName5634,35634,Bangalore,2010-06-05,Finance
5635,FirstName5635,LastName5635,35635,Hyderabad,2010-06-06,Sales
5636,FirstName5636,LastName5636,35636,Chennai,2010-06-07,Marketing
5637,FirstName5637,LastName5637,35637,Delhi,2010-06-08,Support
5638,FirstName5638,LastName5638,35638,Noida,2010-06-09,Admin
5639,FirstName5639,LastName5639,35639,Gurgaon,2010-06-10,Operations
5640,FirstName5640,LastName5640,35640,Mumbai,2010-06-11,IT
5641,FirstName5641,LastName5641,35641,Pune,2010-06-12,HR
5642,FirstName5642,LastName5642,35642,Bangalore,2010-06-13,Finance
5643,FirstName5643,LastName5643,35643,Hyderabad,2010-06-14,Sales
5644,FirstName5644,LastName5644,35644,Chennai,2010-06-15,Marketing
5645,FirstName5645,LastName5645,35645,Delhi,2010-06-16,Support
5646,FirstName5646,LastName5646,35646,Noida,2010-06-17,Admin
5647,FirstName5647,LastName5647,35647,Gurgaon,2010-06-18,Operations
5648,FirstName5648,LastName5648,35648,Mumbai,2010-06-19,IT
5649,FirstName5649,LastName5649,35649,Pune,2010-06-20,HR
5650,FirstName5650,LastName5650,35650,Bangalore,2010-06-21,Finance
5651,FirstName5651,LastName5651,35651,Hyderabad,2010-06-22,Sales
5652,FirstName5652,LastName5652,35652,Chennai,2010-06-23,Marketing
5653,FirstName5653,LastName5653,35653,Delhi,2010-06-24,Support
5654,FirstName5654,LastName5654,35654,Noida,2010-06-25,Admin
5655,FirstName5655,LastName5655,35655,Gurgaon,2010-06-26,Operations
5656,FirstName5656,LastName5656,35656,Mumbai,2010-06-27,IT
5657,FirstName5657,LastName5657,35657,Pune,2010-06-28,HR
5658,FirstName5658,LastName5658,35658,Bangalore,2010-06-29,Finance
5659,FirstName5659,LastName5659,35659,Hyderabad,2010-06-30,Sales
5660,FirstName5660,LastName5660,35660,Chennai,2010-07-01,Marketing
5661,FirstName5661,LastName5661,35661,Delhi,2010-07-02,Support
5662,FirstName5662,LastName5662,35662,Noida,2010-07-03,Admin
5663,FirstName5663,LastName5663,35663,Gurgaon,2010-07-04,Operations
5664,FirstName5664,LastName5664,35664,Mumbai,2010-07-05,IT
5665,FirstName5665,LastName5665,35665,Pune,2010-07-06,HR
5666,FirstName5666,LastName5666,35666,Bangalore,2010-07-07,Finance
5667,FirstName5667,LastName5667,35667,Hyderabad,2010-07-08,Sales
5668,FirstName5668,LastName5668,35668,Chennai,2010-07-09,Marketing
5669,FirstName5669,LastName5669,35669,Delhi,2010-07-10,Support
5670,FirstName5670,LastName5670,35670,Noida,2010-07-11,Admin
5671,FirstName5671,LastName5671,35671,Gurgaon,2010-07-12,Operations
5672,FirstName5672,LastName5672,35672,Mumbai,2010-07-13,IT
5673,FirstName5673,LastName5673,35673,Pune,2010-07-14,HR
5674,FirstName5674,LastName5674,35674,Bangalore,2010-07-15,Finance
5675,FirstName5675,LastName5675,35675,Hyderabad,2010-07-16,Sales
5676,FirstName5676,LastName5676,35676,Chennai,2010-07-17,Marketing
5677,FirstName5677,LastName5677,35677,Delhi,2010-07-18,Support
5678,FirstName5678,LastName5678,35678,Noida,2010-07-19,Admin
5679,FirstName5679,LastName5679,35679,Gurgaon,2010-07-20,Operations
5680,FirstName5680,LastName5680,35680,Mumbai,2010-07-21,IT
5681,FirstName5681,LastName5681,35681,Pune,2010-07-22,HR
5682,FirstName5682,LastName5682,35682,Bangalore,2010-07-23,Finance
5683,FirstName5683,LastName5683,35683,Hyderabad,2010-07-24,Sales
5684,FirstName5684,LastName5684,35684,Chennai,2010-07-25,Marketing
5685,FirstName5685,LastName5685,35685,Delhi,2010-07-26,Support
5686,FirstName5686,LastName5686,35686,Noida,2010-07-27,Admin
5687,FirstName5687,LastName5687,35687,Gurgaon,2010-07-28,Operations
5688,FirstName5688,LastName5688,35688,Mumbai,2010-07-29,IT
5689,FirstName5689,LastName5689,35689,Pune,2010-07-30,HR
5690,FirstName5690,LastName5690,35690,Bangalore,2010-07-31,Finance
5691,FirstName5691,LastName5691,35691,Hyderabad,2010-08-01,Sales
5692,FirstName5692,LastName5692,35692,Chennai,2010-08-02,Marketing
5693,FirstName5693,LastName5693,35693,Delhi,2010-08-03,Support
5694,FirstName5694,LastName5694,35694,Noida,2010-08-04,Admin
5695,FirstName5695,LastName5695,35695,Gurgaon,2010-08-05,Operations
5696,FirstName5696,LastName5696,35696,Mumbai,2010-08-06,IT
5697,FirstName5697,LastName5697,35697,Pune,2010-08-07,HR
5698,FirstName5698,LastName5698,35698,Bangalore,2010-08-08,Finance
5699,FirstName5699,LastName5699,35699,Hyderabad,2010-08-09,Sales
5700,FirstName5700,LastName5700,35700,Chennai,2010-08-10,Marketing
5701,FirstName5701,LastName5701,35701,Delhi,2010-08-11,Support
5702,FirstName5702,LastName5702,35702,Noida,2010-08-12,Admin
5703,FirstName5703,LastName5703,35703,Gurgaon,2010-08-13,Operations
5704,FirstName5704,LastName5704,35704,Mumbai,2010-08-14,IT
5705,FirstName5705,LastName5705,35705,Pune,2010-08-15,HR
5706,FirstName5706,LastName5706,35706,Bangalore,2010-08-16,Finance
5707,FirstName5707,LastName5707,35707,Hyderabad,2010-08-17,Sales
5708,FirstName5708,LastName5708,35708,Chennai,2010-08-18,Marketing
5709,FirstName5709,LastName5709,35709,Delhi,2010-08-19,Support
5710,FirstName5710,LastName5710,35710,Noida,2010-08-20,Admin
5711,FirstName5711,LastName5711,35711,Gurgaon,2010-08-21,Operations
5712,FirstName5712,LastName5712,35712,Mumbai,2010-08-22,IT
5713,FirstName5713,LastName5713,35713,Pune,2010-08-23,HR
5714,FirstName5714,LastName5714,35714,Bangalore,2010-08-24,Finance
5715,FirstName5715,LastName5715,35715,Hyderabad,2010-08-25,Sales
5716,FirstName5716,LastName5716,35716,Chennai,2010-08-26,Marketing
5717,FirstName5717,LastName5717,35717,Delhi,2010-08-27,Support
5718,FirstName5718,LastName5718,35718,Noida,2010-08-28,Admin
5719,FirstName5719,LastName5719,35719,Gurgaon,2010-08-29,Operations
5720,FirstName5720,LastName5720,35720,Mumbai,2010-08-30,IT
5721,FirstName5721,LastName5721,35721,Pune,2010-08-31,HR
5722,FirstName5722,LastName5722,35722,Bangalore,2010-09-01,Finance
5723,FirstName5723,LastName5723,35723,Hyderabad,2010-09-02,Sales
5724,FirstName5724,LastName5724,35724,Chennai,2010-09-03,Marketing
5725,FirstName5725,LastName5725,35725,Delhi,2010-09-04,Support
5726,FirstName5726,LastName5726,35726,Noida,2010-09-05,Admin
5727,FirstName5727,LastName5727,35727,Gurgaon,2010-09-06,Operations
5728,FirstName5728,LastName5728,35728,Mumbai,2010-09-07,IT
5729,FirstName5729,LastName5729,35729,Pune,2010-09-08,HR
5730,FirstName5730,LastName5730,35730,Bangalore,2010-09-09,Finance
5731,FirstName5731,LastName5731,35731,Hyderabad,2010-09-10,Sales
5732,FirstName5732,LastName5732,35732,Chennai,2010-09-11,Marketing
5733,FirstName5733,LastName5733,35733,Delhi,2010-09-12,Support
5734,FirstName5734,LastName5734,35734,Noida,2010-09-13,Admin
5735,FirstName5735,LastName5735,35735,Gurgaon,2010-09-14,Operations
5736,FirstName5736,LastName5736,35736,Mumbai,2010-09-15,IT
5737,FirstName5737,LastName5737,35737,Pune,2010-09-16,HR
5738,FirstName5738,LastName5738,35738,Bangalore,2010-09-17,Finance
5739,FirstName5739,LastName5739,35739,Hyderabad,2010-09-18,Sales
5740,FirstName5740,LastName5740,35740,Chennai,2010-09-19,Marketing
5741,FirstName5741,LastName5741,35741,Delhi,2010-09-20,Support
5742,FirstName5742,LastName5742,35742,Noida,2010-09-21,Admin
5743,FirstName5743,LastName5743,35743,Gurgaon,2010-09-22,Operations
5744,FirstName5744,LastName5744,35744,Mumbai,2010-09-23,IT
5745,FirstName5745,LastName5745,35745,Pune,2010-09-24,HR
5746,FirstName5746,LastName5746,35746,Bangalore,2010-09-25,Finance
5747,FirstName5747,LastName5747,35747,Hyderabad,2010-09-26,Sales
5748,FirstName5748,LastName5748,35748,Chennai,2010-09-27,Marketing
5749,FirstName5749,LastName5749,35749,Delhi,2010-09-28,Support
5750,FirstName5750,LastName5750,35750,Noida,2010-09-29,Admin
5751,FirstName5751,LastName5751,35751,Gurgaon,2010-09-30,Operations
5752,FirstName5752,LastName5752,35752,Mumbai,2010-10-01,IT
5753,FirstName5753,LastName5753,35753,Pune,2010-10-02,HR
5754,FirstName5754,LastName5754,35754,Bangalore,2010-10-03,Finance
5755,FirstName5755,LastName5755,35755,Hyderabad,2010-10-04,Sales
5756,FirstName5756,LastName5756,35756,Chennai,2010-10-05,Marketing
5757,FirstName5757,LastName5757,35757,Delhi,2010-10-06,Support
5758,FirstName5758,LastName5758,35758,Noida,2010-10-07,Admin
5759,FirstName5759,LastName5759,35759,Gurgaon,2010-10-08,Operations
5760,FirstName5760,LastName5760,35760,Mumbai,2010-10-09,IT
5761,FirstName5761,LastName5761,35761,Pune,2010-10-10,HR
5762,FirstName5762,LastName5762,35762,Bangalore,2010-10-11,Finance
5763,FirstName5763,LastName5763,35763,Hyderabad,2010-10-12,Sales
5764,FirstName5764,LastName5764,35764,Chennai,2010-10-13,Marketing
5765,FirstName5765,LastName5765,35765,Delhi,2010-10-14,Support
5766,FirstName5766,LastName5766,35766,Noida,2010-10-15,Admin
5767,FirstName5767,LastName5767,35767,Gurgaon,2010-10-16,Operations
5768,FirstName5768,LastName5768,35768,Mumbai,2010-10-17,IT
5769,FirstName5769,LastName5769,35769,Pune,2010-10-18,HR
5770,FirstName5770,LastName5770,35770,Bangalore,2010-10-19,Finance
5771,FirstName5771,LastName5771,35771,Hyderabad,2010-10-20,Sales
5772,FirstName5772,LastName5772,35772,Chennai,2010-10-21,Marketing
5773,FirstName5773,LastName5773,35773,Delhi,2010-10-22,Support
5774,FirstName5774,LastName5774,35774,Noida,2010-10-23,Admin
5775,FirstName5775,LastName5775,35775,Gurgaon,2010-10-24,Operations
5776,FirstName5776,LastName5776,35776,Mumbai,2010-10-25,IT
5777,FirstName5777,LastName5777,35777,Pune,2010-10-26,HR
5778,FirstName5778,LastName5778,35778,Bangalore,2010-10-27,Finance
5779,FirstName5779,LastName5779,35779,Hyderabad,2010-10-28,Sales
5780,FirstName5780,LastName5780,35780,Chennai,2010-10-29,Marketing
5781,FirstName5781,LastName5781,35781,Delhi,2010-10-30,Support
5782,FirstName5782,LastName5782,35782,Noida,2010-10-31,Admin
5783,FirstName5783,LastName5783,35783,Gurgaon,2010-11-01,Operations
5784,FirstName5784,LastName5784,35784,Mumbai,2010-11-02,IT
5785,FirstName5785,LastName5785,35785,Pune,2010-11-03,HR
5786,FirstName5786,LastName5786,35786,Bangalore,2010-11-04,Finance
5787,FirstName5787,LastName5787,35787,Hyderabad,2010-11-05,Sales
5788,FirstName5788,LastName5788,35788,Chennai,2010-11-06,Marketing
5789,FirstName5789,LastName5789,35789,Delhi,2010-11-07,Support
5790,FirstName5790,LastName5790,35790,Noida,2010-11-08,Admin
5791,FirstName5791,LastName5791,35791,Gurgaon,2010-11-09,Operations
5792,FirstName5792,LastName5792,35792,Mumbai,2010-11-10,IT
5793,FirstName5793,LastName5793,35793,Pune,2010-11-11,HR
5794,FirstName5794,LastName5794,35794,Bangalore,2010-11-12,Finance
5795,FirstName5795,LastName5795,35795,Hyderabad,2010-11-13,Sales
5796,FirstName5796,LastName5796,35796,Chennai,2010-11-14,Marketing
5797,FirstName5797,LastName5797,35797,Delhi,2010-11-15,Support
5798,FirstName5798,LastName5798,35798,Noida,2010-11-16,Admin
5799,FirstName5799,LastName5799,35799,Gurgaon,2010-11-17,Operations
5800,FirstName5800,LastName5800,35800,Mumbai,2010-11-18,IT
5801,FirstName5801,LastName5801,35801,Pune,2010-11-19,HR
5802,FirstName5802,LastName5802,35802,Bangalore,2010-11-20,Finance
5803,FirstName5803,LastName5803,35803,Hyderabad,2010-11-21,Sales
5804,FirstName5804,LastName5804,35804,Chennai,2010-11-22,Marketing
5805,FirstName5805,LastName5805,35805,Delhi,2010-11-23,Support
5806,FirstName5806,LastName5806,35806,Noida,2010-11-24,Admin
5807,FirstName5807,LastName5807,35807,Gurgaon,2010-11-25,Operations
5808,FirstName5808,LastName5808,35808,Mumbai,2010-11-26,IT
5809,FirstName5809,LastName5809,35809,Pune,2010-11-27,HR
5810,FirstName5810,LastName5810,35810,Bangalore,2010-11-28,Finance
5811,FirstName5811,LastName5811,35811,Hyderabad,2010-11-29,Sales
5812,FirstName5812,LastName5812,35812,Chennai,2010-11-30,Marketing
5813,FirstName5813,LastName5813,35813,Delhi,2010-12-01,Support
5814,FirstName5814,LastName5814,35814,Noida,2010-12-02,Admin
5815,FirstName5815,LastName5815,35815,Gurgaon,2010-12-03,Operations
5816,FirstName5816,LastName5816,35816,Mumbai,2010-12-04,IT
5817,FirstName5817,LastName5817,35817,Pune,2010-12-05,HR
5818,FirstName5818,LastName5818,35818,Bangalore,2010-12-06,Finance
5819,FirstName5819,LastName5819,35819,Hyderabad,2010-12-07,Sales
5820,FirstName5820,LastName5820,35820,Chennai,2010-12-08,Marketing
5821,FirstName5821,LastName5821,35821,Delhi,2010-12-09,Support
5822,FirstName5822,LastName5822,35822,Noida,2010-12-10,Admin
5823,FirstName5823,LastName5823,35823,Gurgaon,2010-12-11,Operations
5824,FirstName5824,LastName5824,35824,Mumbai,2010-12-12,IT
5825,FirstName5825,LastName5825,35825,Pune,2010-12-13,HR
5826,FirstName5826,LastName5826,35826,Bangalore,2010-12-14,Finance
5827,FirstName5827,LastName5827,35827,Hyderabad,2010-12-15,Sales
5828,FirstName5828,LastName5828,35828,Chennai,2010-12-16,Marketing
5829,FirstName5829,LastName5829,35829,Delhi,2010-12-17,Support
5830,FirstName5830,LastName5830,35830,Noida,2010-12-18,Admin
5831,FirstName5831,LastName5831,35831,Gurgaon,2010-12-19,Operations
5832,FirstName5832,LastName5832,35832,Mumbai,2010-12-20,IT
5833,FirstName5833,LastName5833,35833,Pune,2010-12-21,HR
5834,FirstName5834,LastName5834,35834,Bangalore,2010-12-22,Finance
5835,FirstName5835,LastName5835,35835,Hyderabad,2010-12-23,Sales
5836,FirstName5836,LastName5836,35836,Chennai,2010-12-24,Marketing
5837,FirstName5837,LastName5837,35837,Delhi,2010-12-25,Support
5838,FirstName5838,LastName5838,35838,Noida,2010-12-26,Admin
5839,FirstName5839,LastName5839,35839,Gurgaon,2010-12-27,Operations
5840,FirstName5840,LastName5840,35840,Mumbai,2010-12-28,IT
5841,FirstName5841,LastName5841,35841,Pune,2010-12-29,HR
5842,FirstName5842,LastName5842,35842,Bangalore,2010-12-30,Finance
5843,FirstName5843,LastName5843,35843,Hyderabad,2010-12-31,Sales
5844,FirstName5844,LastName5844,35844,Chennai,2011-01-01,Marketing
5845,FirstName5845,LastName5845,35845,Delhi,2011-01-02,Support
5846,FirstName5846,LastName5846,35846,Noida,2011-01-03,Admin
5847,FirstName5847,LastName5847,35847,Gurgaon,2011-01-04,Operations
5848,FirstName5848,LastName5848,35848,Mumbai,2011-01-05,IT
5849,FirstName5849,LastName5849,35849,Pune,2011-01-06,HR
5850,FirstName5850,LastName5850,35850,Bangalore,2011-01-07,Finance
5851,FirstName5851,LastName5851,35851,Hyderabad,2011-01-08,Sales
5852,FirstName5852,LastName5852,35852,Chennai,2011-01-09,Marketing
5853,FirstName5853,LastName5853,35853,Delhi,2011-01-10,Support
5854,FirstName5854,LastName5854,35854,Noida,2011-01-11,Admin
5855,FirstName5855,LastName5855,35855,Gurgaon,2011-01-12,Operations
5856,FirstName5856,LastName5856,35856,Mumbai,2011-01-13,IT
5857,FirstName5857,LastName5857,35857,Pune,2011-01-14,HR
5858,FirstName5858,LastName5858,35858,Bangalore,2011-01-15,Finance
5859,FirstName5859,LastName5859,35859,Hyderabad,2011-01-16,Sales
5860,FirstName5860,LastName5860,35860,Chennai,2011-01-17,Marketing
5861,FirstName5861,LastName5861,35861,Delhi,2011-01-18,Support
5862,FirstName5862,LastName5862,35862,Noida,2011-01-19,Admin
5863,FirstName5863,LastName5863,35863,Gurgaon,2011-01-20,Operations
5864,FirstName5864,LastName5864,35864,Mumbai,2011-01-21,IT
5865,FirstName5865,LastName5865,35865,Pune,2011-01-22,HR
5866,FirstName5866,LastName5866,35866,Bangalore,2011-01-23,Finance
5867,FirstName5867,LastName5867,35867,Hyderabad,2011-01-24,Sales
5868,FirstName5868,LastName5868,35868,Chennai,2011-01-25,Marketing
5869,FirstName5869,LastName5869,35869,Delhi,2011-01-26,Support
5870,FirstName5870,LastName5870,35870,Noida,2011-01-27,Admin
5871,FirstName5871,LastName5871,35871,Gurgaon,2011-01-28,Operations
5872,FirstName5872,LastName5872,35872,Mumbai,2011-01-29,IT
5873,FirstName5873,LastName5873,35873,Pune,2011-01-30,HR
5874,FirstName5874,LastName5874,35874,Bangalore,2011-01-31,Finance
5875,FirstName5875,LastName5875,35875,Hyderabad,2011-02-01,Sales
5876,FirstName5876,LastName5876,35876,Chennai,2011-02-02,Marketing
5877,FirstName5877,LastName5877,35877,Delhi,2011-02-03,Support
5878,FirstName5878,LastName5878,35878,Noida,2011-02-04,Admin
5879,FirstName5879,LastName5879,35879,Gurgaon,2011-02-05,Operations
5880,FirstName5880,LastName5880,35880,Mumbai,2011-02-06,IT
5881,FirstName5881,LastName5881,35881,Pune,2011-02-07,HR
5882,FirstName5882,LastName5882,35882,Bangalore,2011-02-08,Finance
5883,FirstName5883,LastName5883,35883,Hyderabad,2011-02-09,Sales
5884,FirstName5884,LastName5884,35884,Chennai,2011-02-10,Marketing
5885,FirstName5885,LastName5885,35885,Delhi,2011-02-11,Support
5886,FirstName5886,LastName5886,35886,Noida,2011-02-12,Admin
5887,FirstName5887,LastName5887,35887,Gurgaon,2011-02-13,Operations
5888,FirstName5888,LastName5888,35888,Mumbai,2011-02-14,IT
5889,FirstName5889,LastName5889,35889,Pune,2011-02-15,HR
5890,FirstName5890,LastName5890,35890,Bangalore,2011-02-16,Finance
5891,FirstName5891,LastName5891,35891,Hyderabad,2011-02-17,Sales
5892,FirstName5892,LastName5892,35892,Chennai,2011-02-18,Marketing
5893,FirstName5893,LastName5893,35893,Delhi,2011-02-19,Support
5894,FirstName5894,LastName5894,35894,Noida,2011-02-20,Admin
5895,FirstName5895,LastName5895,35895,Gurgaon,2011-02-21,Operations
5896,FirstName5896,LastName5896,35896,Mumbai,2011-02-22,IT
5897,FirstName5897,LastName5897,35897,Pune,2011-02-23,HR
5898,FirstName5898,LastName5898,35898,Bangalore,2011-02-24,Finance
5899,FirstName5899,LastName5899,35899,Hyderabad,2011-02-25,Sales
5900,FirstName5900,LastName5900,35900,Chennai,2011-02-26,Marketing
5901,FirstName5901,LastName5901,35901,Delhi,2011-02-27,Support
5902,FirstName5902,LastName5902,35902,Noida,2011-02-28,Admin
5903,FirstName5903,LastName5903,35903,Gurgaon,2011-03-01,Operations
5904,FirstName5904,LastName5904,35904,Mumbai,2011-03-02,IT
5905,FirstName5905,LastName5905,35905,Pune,2011-03-03,HR
5906,FirstName5906,LastName5906,35906,Bangalore,2011-03-04,Finance
5907,FirstName5907,LastName5907,35907,Hyderabad,2011-03-05,Sales
5908,FirstName5908,LastName5908,35908,Chennai,2011-03-06,Marketing
5909,FirstName5909,LastName5909,35909,Delhi,2011-03-07,Support
5910,FirstName5910,LastName5910,35910,Noida,2011-03-08,Admin
5911,FirstName5911,LastName5911,35911,Gurgaon,2011-03-09,Operations
5912,FirstName5912,LastName5912,35912,Mumbai,2011-03-10,IT
5913,FirstName5913,LastName5913,35913,Pune,2011-03-11,HR
5914,FirstName5914,LastName5914,35914,Bangalore,2011-03-12,Finance
5915,FirstName5915,LastName5915,35915,Hyderabad,2011-03-13,Sales
5916,FirstName5916,LastName5916,35916,Chennai,2011-03-14,Marketing
5917,FirstName5917,LastName5917,35917,Delhi,2011-03-15,Support
5918,FirstName5918,LastName5918,35918,Noida,2011-03-16,Admin
5919,FirstName5919,LastName5919,35919,Gurgaon,2011-03-17,Operations
5920,FirstName5920,LastName5920,35920,Mumbai,2011-03-18,IT
5921,FirstName5921,LastName5921,35921,Pune,2011-03-19,HR
5922,FirstName5922,LastName5922,35922,Bangalore,2011-03-20,Finance
5923,FirstName5923,LastName5923,35923,Hyderabad,2011-03-21,Sales
5924,FirstName5924,LastName5924,35924,Chennai,2011-03-22,Marketing
5925,FirstName5925,LastName5925,35925,Delhi,2011-03-23,Support
5926,FirstName5926,LastName5926,35926,Noida,2011-03-24,Admin
5927,FirstName5927,LastName5927,35927,Gurgaon,2011-03-25,Operations
5928,FirstName5928,LastName5928,35928,Mumbai,2011-03-26,IT
5929,FirstName5929,LastName5929,35929,Pune,2011-03-27,HR
5930,FirstName5930,LastName5930,35930,Bangalore,2011-03-28,Finance
5931,FirstName5931,LastName5931,35931,Hyderabad,2011-03-29,Sales
5932,FirstName5932,LastName5932,35932,Chennai,2011-03-30,Marketing
5933,FirstName5933,LastName5933,35933,Delhi,2011-03-31,Support
5934,FirstName5934,LastName5934,35934,Noida,2011-04-01,Admin
5935,FirstName5935,LastName5935,35935,Gurgaon,2011-04-02,Operations
5936,FirstName5936,LastName5936,35936,Mumbai,2011-04-03,IT
5937,FirstName5937,LastName5937,35937,Pune,2011-04-04,HR
5938,FirstName5938,LastName5938,35938,Bangalore,2011-04-05,Finance
5939,FirstName5939,LastName5939,35939,Hyderabad,2011-04-06,Sales
5940,FirstName5940,LastName5940,35940,Chennai,2011-04-07,Marketing
5941,FirstName5941,LastName5941,35941,Delhi,2011-04-08,Support
5942,FirstName5942,LastName5942,35942,Noida,2011-04-09,Admin
5943,FirstName5943,LastName5943,35943,Gurgaon,2011-04-10,Operations
5944,FirstName5944,LastName5944,35944,Mumbai,2011-04-11,IT
5945,FirstName5945,LastName5945,35945,Pune,2011-04-12,HR
5946,FirstName5946,LastName5946,35946,Bangalore,2011-04-13,Finance
5947,FirstName5947,LastName5947,35947,Hyderabad,2011-04-14,Sales
5948,FirstName5948,LastName5948,35948,Chennai,2011-04-15,Marketing
5949,FirstName5949,LastName5949,35949,Delhi,2011-04-16,Support
5950,FirstName5950,LastName5950,35950,Noida,2011-04-17,Admin
5951,FirstName5951,LastName5951,35951,Gurgaon,2011-04-18,Operations
5952,FirstName5952,LastName5952,35952,Mumbai,2011-04-19,IT
5953,FirstName5953,LastName5953,35953,Pune,2011-04-20,HR
5954,FirstName5954,LastName5954,35954,Bangalore,2011-04-21,Finance
5955,FirstName5955,LastName5955,35955,Hyderabad,2011-04-22,Sales
5956,FirstName5956,LastName5956,35956,Chennai,2011-04-23,Marketing
5957,FirstName5957,LastName5957,35957,Delhi,2011-04-24,Support
5958,FirstName5958,LastName5958,35958,Noida,2011-04-25,Admin
5959,FirstName5959,LastName5959,35959,Gurgaon,2011-04-26,Operations
5960,FirstName5960,LastName5960,35960,Mumbai,2011-04-27,IT
5961,FirstName5961,LastName5961,35961,Pune,2011-04-28,HR
5962,FirstName5962,LastName5962,35962,Bangalore,2011-04-29,Finance
5963,FirstName5963,LastName5963,35963,Hyderabad,2011-04-30,Sales
5964,FirstName5964,LastName5964,35964,Chennai,2011-05-01,Marketing
5965,FirstName5965,LastName5965,35965,Delhi,2011-05-02,Support
5966,FirstName5966,LastName5966,35966,Noida,2011-05-03,Admin
5967,FirstName5967,LastName5967,35967,Gurgaon,2011-05-04,Operations
5968,FirstName5968,LastName5968,35968,Mumbai,2011-05-05,IT
5969,FirstName5969,LastName5969,35969,Pune,2011-05-06,HR
5970,FirstName5970,LastName5970,35970,Bangalore,2011-05-07,Finance
5971,FirstName5971,LastName5971,35971,Hyderabad,2011-05-08,Sales
5972,FirstName5972,LastName5972,35972,Chennai,2011-05-09,Marketing
5973,FirstName5973,LastName5973,35973,Delhi,2011-05-10,Support
5974,FirstName5974,LastName5974,35974,Noida,2011-05-11,Admin
5975,FirstName5975,LastName5975,35975,Gurgaon,2011-05-12,Operations
5976,FirstName5976,LastName5976,35976,Mumbai,2011-05-13,IT
5977,FirstName5977,LastName5977,35977,Pune,2011-05-14,HR
5978,FirstName5978,LastName5978,35978,Bangalore,2011-05-15,Finance
5979,FirstName5979,LastName5979,35979,Hyderabad,2011-05-16,Sales
5980,FirstName5980,LastName5980,35980,Chennai,2011-05-17,Marketing
5981,FirstName5981,LastName5981,35981,Delhi,2011-05-18,Support
5982,FirstName5982,LastName5982,35982,Noida,2011-05-19,Admin
5983,FirstName5983,LastName5983,35983,Gurgaon,2011-05-20,Operations
5984,FirstName5984,LastName5984,35984,Mumbai,2011-05-21,IT
5985,FirstName5985,LastName5985,35985,Pune,2011-05-22,HR
5986,FirstName5986,LastName5986,35986,Bangalore,2011-05-23,Finance
5987,FirstName5987,LastName5987,35987,Hyderabad,2011-05-24,Sales
5988,FirstName5988,LastName5988,35988,Chennai,2011-05-25,Marketing
5989,FirstName5989,LastName5989,35989,Delhi,2011-05-26,Support
5990,FirstName5990,LastName5990,35990,Noida,2011-05-27,Admin
5991,FirstName5991,LastName5991,35991,Gurgaon,2011-05-28,Operations
5992,FirstName5992,LastName5992,35992,Mumbai,2011-05-29,IT
5993,FirstName5993,LastName5993,35993,Pune,2011-05-30,HR
5994,FirstName5994,LastName5994,35994,Bangalore,2011-05-31,Finance
5995,FirstName5995,LastName5995,35995,Hyderabad,2011-06-01,Sales
5996,FirstName5996,LastName5996,35996,Chennai,2011-06-02,Marketing
5997,FirstName5997,LastName5997,35997,Delhi,2011-06-03,Support
5998,FirstName5998,LastName5998,35998,Noida,2011-06-04,Admin
5999,FirstName5999,LastName5999,35999,Gurgaon,2011-06-05,Operations
6000,FirstName6000,LastName6000,36000,Mumbai,2011-06-06,IT
6001,FirstName6001,LastName6001,36001,Pune,2011-06-07,HR
6002,FirstName6002,LastName6002,36002,Bangalore,2011-06-08,Finance
6003,FirstName6003,LastName6003,36003,Hyderabad,2011-06-09,Sales
6004,FirstName6004,LastName6004,36004,Chennai,2011-06-10,Marketing
6005,FirstName6005,LastName6005,36005,Delhi,2011-06-11,Support
6006,FirstName6006,LastName6006,36006,Noida,2011-06-12,Admin
6007,FirstName6007,LastName6007,36007,Gurgaon,2011-06-13,Operations
6008,FirstName6008,LastName6008,36008,Mumbai,2011-06-14,IT
6009,FirstName6009,LastName6009,36009,Pune,2011-06-15,HR
6010,FirstName6010,LastName6010,36010,Bangalore,2011-06-16,Finance
6011,FirstName6011,LastName6011,36011,Hyderabad,2011-06-17,Sales
6012,FirstName6012,LastName6012,36012,Chennai,2011-06-18,Marketing
6013,FirstName6013,LastName6013,36013,Delhi,2011-06-19,Support
6014,FirstName6014,LastName6014,36014,Noida,2011-06-20,Admin
6015,FirstName6015,LastName6015,36015,Gurgaon,2011-06-21,Operations
6016,FirstName6016,LastName6016,36016,Mumbai,2011-06-22,IT
6017,FirstName6017,LastName6017,36017,Pune,2011-06-23,HR
6018,FirstName6018,LastName6018,36018,Bangalore,2011-06-24,Finance
6019,FirstName6019,LastName6019,36019,Hyderabad,2011-06-25,Sales
6020,FirstName6020,LastName6020,36020,Chennai,2011-06-26,Marketing
6021,FirstName6021,LastName6021,36021,Delhi,2011-06-27,Support
6022,FirstName6022,LastName6022,36022,Noida,2011-06-28,Admin
6023,FirstName6023,LastName6023,36023,Gurgaon,2011-06-29,Operations
6024,FirstName6024,LastName6024,36024,Mumbai,2011-06-30,IT
6025,FirstName6025,LastName6025,36025,Pune,2011-07-01,HR
6026,FirstName6026,LastName6026,36026,Bangalore,2011-07-02,Finance
6027,FirstName6027,LastName6027,36027,Hyderabad,2011-07-03,Sales
6028,FirstName6028,LastName6028,36028,Chennai,2011-07-04,Marketing
6029,FirstName6029,LastName6029,36029,Delhi,2011-07-05,Support
6030,FirstName6030,LastName6030,36030,Noida,2011-07-06,Admin
6031,FirstName6031,LastName6031,36031,Gurgaon,2011-07-07,Operations
6032,FirstName6032,LastName6032,36032,Mumbai,2011-07-08,IT
6033,FirstName6033,LastName6033,36033,Pune,2011-07-09,HR
6034,FirstName6034,LastName6034,36034,Bangalore,2011-07-10,Finance
6035,FirstName6035,LastName6035,36035,Hyderabad,2011-07-11,Sales
6036,FirstName6036,LastName6036,36036,Chennai,2011-07-12,Marketing
6037,FirstName6037,LastName6037,36037,Delhi,2011-07-13,Support
6038,FirstName6038,LastName6038,36038,Noida,2011-07-14,Admin
6039,FirstName6039,LastName6039,36039,Gurgaon,2011-07-15,Operations
6040,FirstName6040,LastName6040,36040,Mumbai,2011-07-16,IT
6041,FirstName6041,LastName6041,36041,Pune,2011-07-17,HR
6042,FirstName6042,LastName6042,36042,Bangalore,2011-07-18,Finance
6043,FirstName6043,LastName6043,36043,Hyderabad,2011-07-19,Sales
6044,FirstName6044,LastName6044,36044,Chennai,2011-07-20,Marketing
6045,FirstName6045,LastName6045,36045,Delhi,2011-07-21,Support
6046,FirstName6046,LastName6046,36046,Noida,2011-07-22,Admin
6047,FirstName6047,LastName6047,36047,Gurgaon,2011-07-23,Operations
6048,FirstName6048,LastName6048,36048,Mumbai,2011-07-24,IT
6049,FirstName6049,LastName6049,36049,Pune,2011-07-25,HR
6050,FirstName6050,LastName6050,36050,Bangalore,2011-07-26,Finance
6051,FirstName6051,LastName6051,36051,Hyderabad,2011-07-27,Sales
6052,FirstName6052,LastName6052,36052,Chennai,2011-07-28,Marketing
6053,FirstName6053,LastName6053,36053,Delhi,2011-07-29,Support
6054,FirstName6054,LastName6054,36054,Noida,2011-07-30,Admin
6055,FirstName6055,LastName6055,36055,Gurgaon,2011-07-31,Operations
6056,FirstName6056,LastName6056,36056,Mumbai,2011-08-01,IT
6057,FirstName6057,LastName6057,36057,Pune,2011-08-02,HR
6058,FirstName6058,LastName6058,36058,Bangalore,2011-08-03,Finance
6059,FirstName6059,LastName6059,36059,Hyderabad,2011-08-04,Sales
6060,FirstName6060,LastName6060,36060,Chennai,2011-08-05,Marketing
6061,FirstName6061,LastName6061,36061,Delhi,2011-08-06,Support
6062,FirstName6062,LastName6062,36062,Noida,2011-08-07,Admin
6063,FirstName6063,LastName6063,36063,Gurgaon,2011-08-08,Operations
6064,FirstName6064,LastName6064,36064,Mumbai,2011-08-09,IT
6065,FirstName6065,LastName6065,36065,Pune,2011-08-10,HR
6066,FirstName6066,LastName6066,36066,Bangalore,2011-08-11,Finance
6067,FirstName6067,LastName6067,36067,Hyderabad,2011-08-12,Sales
6068,FirstName6068,LastName6068,36068,Chennai,2011-08-13,Marketing
6069,FirstName6069,LastName6069,36069,Delhi,2011-08-14,Support
6070,FirstName6070,LastName6070,36070,Noida,2011-08-15,Admin
6071,FirstName6071,LastName6071,36071,Gurgaon,2011-08-16,Operations
6072,FirstName6072,LastName6072,36072,Mumbai,2011-08-17,IT
6073,FirstName6073,LastName6073,36073,Pune,2011-08-18,HR
6074,FirstName6074,LastName6074,36074,Bangalore,2011-08-19,Finance
6075,FirstName6075,LastName6075,36075,Hyderabad,2011-08-20,Sales
6076,FirstName6076,LastName6076,36076,Chennai,2011-08-21,Marketing
6077,FirstName6077,LastName6077,36077,Delhi,2011-08-22,Support
6078,FirstName6078,LastName6078,36078,Noida,2011-08-23,Admin
6079,FirstName6079,LastName6079,36079,Gurgaon,2011-08-24,Operations
6080,FirstName6080,LastName6080,36080,Mumbai,2011-08-25,IT
6081,FirstName6081,LastName6081,36081,Pune,2011-08-26,HR
6082,FirstName6082,LastName6082,36082,Bangalore,2011-08-27,Finance
6083,FirstName6083,LastName6083,36083,Hyderabad,2011-08-28,Sales
6084,FirstName6084,LastName6084,36084,Chennai,2011-08-29,Marketing
6085,FirstName6085,LastName6085,36085,Delhi,2011-08-30,Support
6086,FirstName6086,LastName6086,36086,Noida,2011-08-31,Admin
6087,FirstName6087,LastName6087,36087,Gurgaon,2011-09-01,Operations
6088,FirstName6088,LastName6088,36088,Mumbai,2011-09-02,IT
6089,FirstName6089,LastName6089,36089,Pune,2011-09-03,HR
6090,FirstName6090,LastName6090,36090,Bangalore,2011-09-04,Finance
6091,FirstName6091,LastName6091,36091,Hyderabad,2011-09-05,Sales
6092,FirstName6092,LastName6092,36092,Chennai,2011-09-06,Marketing
6093,FirstName6093,LastName6093,36093,Delhi,2011-09-07,Support
6094,FirstName6094,LastName6094,36094,Noida,2011-09-08,Admin
6095,FirstName6095,LastName6095,36095,Gurgaon,2011-09-09,Operations
6096,FirstName6096,LastName6096,36096,Mumbai,2011-09-10,IT
6097,FirstName6097,LastName6097,36097,Pune,2011-09-11,HR
6098,FirstName6098,LastName6098,36098,Bangalore,2011-09-12,Finance
6099,FirstName6099,LastName6099,36099,Hyderabad,2011-09-13,Sales
6100,FirstName6100,LastName6100,36100,Chennai,2011-09-14,Marketing
6101,FirstName6101,LastName6101,36101,Delhi,2011-09-15,Support
6102,FirstName6102,LastName6102,36102,Noida,2011-09-16,Admin
6103,FirstName6103,LastName6103,36103,Gurgaon,2011-09-17,Operations
6104,FirstName6104,LastName6104,36104,Mumbai,2011-09-18,IT
6105,FirstName6105,LastName6105,36105,Pune,2011-09-19,HR
6106,FirstName6106,LastName6106,36106,Bangalore,2011-09-20,Finance
6107,FirstName6107,LastName6107,36107,Hyderabad,2011-09-21,Sales
6108,FirstName6108,LastName6108,36108,Chennai,2011-09-22,Marketing
6109,FirstName6109,LastName6109,36109,Delhi,2011-09-23,Support
6110,FirstName6110,LastName6110,36110,Noida,2011-09-24,Admin
6111,FirstName6111,LastName6111,36111,Gurgaon,2011-09-25,Operations
6112,FirstName6112,LastName6112,36112,Mumbai,2011-09-26,IT
6113,FirstName6113,LastName6113,36113,Pune,2011-09-27,HR
6114,FirstName6114,LastName6114,36114,Bangalore,2011-09-28,Finance
6115,FirstName6115,LastName6115,36115,Hyderabad,2011-09-29,Sales
6116,FirstName6116,LastName6116,36116,Chennai,2011-09-30,Marketing
6117,FirstName6117,LastName6117,36117,Delhi,2011-10-01,Support
6118,FirstName6118,LastName6118,36118,Noida,2011-10-02,Admin
6119,FirstName6119,LastName6119,36119,Gurgaon,2011-10-03,Operations
6120,FirstName6120,LastName6120,36120,Mumbai,2011-10-04,IT
6121,FirstName6121,LastName6121,36121,Pune,2011-10-05,HR
6122,FirstName6122,LastName6122,36122,Bangalore,2011-10-06,Finance
6123,FirstName6123,LastName6123,36123,Hyderabad,2011-10-07,Sales
6124,FirstName6124,LastName6124,36124,Chennai,2011-10-08,Marketing
6125,FirstName6125,LastName6125,36125,Delhi,2011-10-09,Support
6126,FirstName6126,LastName6126,36126,Noida,2011-10-10,Admin
6127,FirstName6127,LastName6127,36127,Gurgaon,2011-10-11,Operations
6128,FirstName6128,LastName6128,36128,Mumbai,2011-10-12,IT
6129,FirstName6129,LastName6129,36129,Pune,2011-10-13,HR
6130,FirstName6130,LastName6130,36130,Bangalore,2011-10-14,Finance
6131,FirstName6131,LastName6131,36131,Hyderabad,2011-10-15,Sales
6132,FirstName6132,LastName6132,36132,Chennai,2011-10-16,Marketing
6133,FirstName6133,LastName6133,36133,Delhi,2011-10-17,Support
6134,FirstName6134,LastName6134,36134,Noida,2011-10-18,Admin
6135,FirstName6135,LastName6135,36135,Gurgaon,2011-10-19,Operations
6136,FirstName6136,LastName6136,36136,Mumbai,2011-10-20,IT
6137,FirstName6137,LastName6137,36137,Pune,2011-10-21,HR
6138,FirstName6138,LastName6138,36138,Bangalore,2011-10-22,Finance
6139,FirstName6139,LastName6139,36139,Hyderabad,2011-10-23,Sales
6140,FirstName6140,LastName6140,36140,Chennai,2011-10-24,Marketing
6141,FirstName6141,LastName6141,36141,Delhi,2011-10-25,Support
6142,FirstName6142,LastName6142,36142,Noida,2011-10-26,Admin
6143,FirstName6143,LastName6143,36143,Gurgaon,2011-10-27,Operations
6144,FirstName6144,LastName6144,36144,Mumbai,2011-10-28,IT
6145,FirstName6145,LastName6145,36145,Pune,2011-10-29,HR
6146,FirstName6146,LastName6146,36146,Bangalore,2011-10-30,Finance
6147,FirstName6147,LastName6147,36147,Hyderabad,2011-10-31,Sales
6148,FirstName6148,LastName6148,36148,Chennai,2011-11-01,Marketing
6149,FirstName6149,LastName6149,36149,Delhi,2011-11-02,Support
6150,FirstName6150,LastName6150,36150,Noida,2011-11-03,Admin
6151,FirstName6151,LastName6151,36151,Gurgaon,2011-11-04,Operations
6152,FirstName6152,LastName6152,36152,Mumbai,2011-11-05,IT
6153,FirstName6153,LastName6153,36153,Pune,2011-11-06,HR
6154,FirstName6154,LastName6154,36154,Bangalore,2011-11-07,Finance
6155,FirstName6155,LastName6155,36155,Hyderabad,2011-11-08,Sales
6156,FirstName6156,LastName6156,36156,Chennai,2011-11-09,Marketing
6157,FirstName6157,LastName6157,36157,Delhi,2011-11-10,Support
6158,FirstName6158,LastName6158,36158,Noida,2011-11-11,Admin
6159,FirstName6159,LastName6159,36159,Gurgaon,2011-11-12,Operations
6160,FirstName6160,LastName6160,36160,Mumbai,2011-11-13,IT
6161,FirstName6161,LastName6161,36161,Pune,2011-11-14,HR
6162,FirstName6162,LastName6162,36162,Bangalore,2011-11-15,Finance
6163,FirstName6163,LastName6163,36163,Hyderabad,2011-11-16,Sales
6164,FirstName6164,LastName6164,36164,Chennai,2011-11-17,Marketing
6165,FirstName6165,LastName6165,36165,Delhi,2011-11-18,Support
6166,FirstName6166,LastName6166,36166,Noida,2011-11-19,Admin
6167,FirstName6167,LastName6167,36167,Gurgaon,2011-11-20,Operations
6168,FirstName6168,LastName6168,36168,Mumbai,2011-11-21,IT
6169,FirstName6169,LastName6169,36169,Pune,2011-11-22,HR
6170,FirstName6170,LastName6170,36170,Bangalore,2011-11-23,Finance
6171,FirstName6171,LastName6171,36171,Hyderabad,2011-11-24,Sales
6172,FirstName6172,LastName6172,36172,Chennai,2011-11-25,Marketing
6173,FirstName6173,LastName6173,36173,Delhi,2011-11-26,Support
6174,FirstName6174,LastName6174,36174,Noida,2011-11-27,Admin
6175,FirstName6175,LastName6175,36175,Gurgaon,2011-11-28,Operations
6176,FirstName6176,LastName6176,36176,Mumbai,2011-11-29,IT
6177,FirstName6177,LastName6177,36177,Pune,2011-11-30,HR
6178,FirstName6178,LastName6178,36178,Bangalore,2011-12-01,Finance
6179,FirstName6179,LastName6179,36179,Hyderabad,2011-12-02,Sales
6180,FirstName6180,LastName6180,36180,Chennai,2011-12-03,Marketing
6181,FirstName6181,LastName6181,36181,Delhi,2011-12-04,Support
6182,FirstName6182,LastName6182,36182,Noida,2011-12-05,Admin
6183,FirstName6183,LastName6183,36183,Gurgaon,2011-12-06,Operations
6184,FirstName6184,LastName6184,36184,Mumbai,2011-12-07,IT
6185,FirstName6185,LastName6185,36185,Pune,2011-12-08,HR
6186,FirstName6186,LastName6186,36186,Bangalore,2011-12-09,Finance
6187,FirstName6187,LastName6187,36187,Hyderabad,2011-12-10,Sales
6188,FirstName6188,LastName6188,36188,Chennai,2011-12-11,Marketing
6189,FirstName6189,LastName6189,36189,Delhi,2011-12-12,Support
6190,FirstName6190,LastName6190,36190,Noida,2011-12-13,Admin
6191,FirstName6191,LastName6191,36191,Gurgaon,2011-12-14,Operations
6192,FirstName6192,LastName6192,36192,Mumbai,2011-12-15,IT
6193,FirstName6193,LastName6193,36193,Pune,2011-12-16,HR
6194,FirstName6194,LastName6194,36194,Bangalore,2011-12-17,Finance
6195,FirstName6195,LastName6195,36195,Hyderabad,2011-12-18,Sales
6196,FirstName6196,LastName6196,36196,Chennai,2011-12-19,Marketing
6197,FirstName6197,LastName6197,36197,Delhi,2011-12-20,Support
6198,FirstName6198,LastName6198,36198,Noida,2011-12-21,Admin
6199,FirstName6199,LastName6199,36199,Gurgaon,2011-12-22,Operations
6200,FirstName6200,LastName6200,36200,Mumbai,2011-12-23,IT
6201,FirstName6201,LastName6201,36201,Pune,2011-12-24,HR
6202,FirstName6202,LastName6202,36202,Bangalore,2011-12-25,Finance
6203,FirstName6203,LastName6203,36203,Hyderabad,2011-12-26,Sales
6204,FirstName6204,LastName6204,36204,Chennai,2011-12-27,Marketing
6205,FirstName6205,LastName6205,36205,Delhi,2011-12-28,Support
6206,FirstName6206,LastName6206,36206,Noida,2011-12-29,Admin
6207,FirstName6207,LastName6207,36207,Gurgaon,2011-12-30,Operations
6208,FirstName6208,LastName6208,36208,Mumbai,2011-12-31,IT
6209,FirstName6209,LastName6209,36209,Pune,2012-01-01,HR
6210,FirstName6210,LastName6210,36210,Bangalore,2012-01-02,Finance
6211,FirstName6211,LastName6211,36211,Hyderabad,2012-01-03,Sales
6212,FirstName6212,LastName6212,36212,Chennai,2012-01-04,Marketing
6213,FirstName6213,LastName6213,36213,Delhi,2012-01-05,Support
6214,FirstName6214,LastName6214,36214,Noida,2012-01-06,Admin
6215,FirstName6215,LastName6215,36215,Gurgaon,2012-01-07,Operations
6216,FirstName6216,LastName6216,36216,Mumbai,2012-01-08,IT
6217,FirstName6217,LastName6217,36217,Pune,2012-01-09,HR
6218,FirstName6218,LastName6218,36218,Bangalore,2012-01-10,Finance
6219,FirstName6219,LastName6219,36219,Hyderabad,2012-01-11,Sales
6220,FirstName6220,LastName6220,36220,Chennai,2012-01-12,Marketing
6221,FirstName6221,LastName6221,36221,Delhi,2012-01-13,Support
6222,FirstName6222,LastName6222,36222,Noida,2012-01-14,Admin
6223,FirstName6223,LastName6223,36223,Gurgaon,2012-01-15,Operations
6224,FirstName6224,LastName6224,36224,Mumbai,2012-01-16,IT
6225,FirstName6225,LastName6225,36225,Pune,2012-01-17,HR
6226,FirstName6226,LastName6226,36226,Bangalore,2012-01-18,Finance
6227,FirstName6227,LastName6227,36227,Hyderabad,2012-01-19,Sales
6228,FirstName6228,LastName6228,36228,Chennai,2012-01-20,Marketing
6229,FirstName6229,LastName6229,36229,Delhi,2012-01-21,Support
6230,FirstName6230,LastName6230,36230,Noida,2012-01-22,Admin
6231,FirstName6231,LastName6231,36231,Gurgaon,2012-01-23,Operations
6232,FirstName6232,LastName6232,36232,Mumbai,2012-01-24,IT
6233,FirstName6233,LastName6233,36233,Pune,2012-01-25,HR
6234,FirstName6234,LastName6234,36234,Bangalore,2012-01-26,Finance
6235,FirstName6235,LastName6235,36235,Hyderabad,2012-01-27,Sales
6236,FirstName6236,LastName6236,36236,Chennai,2012-01-28,Marketing
6237,FirstName6237,LastName6237,36237,Delhi,2012-01-29,Support
6238,FirstName6238,LastName6238,36238,Noida,2012-01-30,Admin
6239,FirstName6239,LastName6239,36239,Gurgaon,2012-01-31,Operations
6240,FirstName6240,LastName6240,36240,Mumbai,2012-02-01,IT
6241,FirstName6241,LastName6241,36241,Pune,2012-02-02,HR
6242,FirstName6242,LastName6242,36242,Bangalore,2012-02-03,Finance
6243,FirstName6243,LastName6243,36243,Hyderabad,2012-02-04,Sales
6244,FirstName6244,LastName6244,36244,Chennai,2012-02-05,Marketing
6245,FirstName6245,LastName6245,36245,Delhi,2012-02-06,Support
6246,FirstName6246,LastName6246,36246,Noida,2012-02-07,Admin
6247,FirstName6247,LastName6247,36247,Gurgaon,2012-02-08,Operations
6248,FirstName6248,LastName6248,36248,Mumbai,2012-02-09,IT
6249,FirstName6249,LastName6249,36249,Pune,2012-02-10,HR
6250,FirstName6250,LastName6250,36250,Bangalore,2012-02-11,Finance
6251,FirstName6251,LastName6251,36251,Hyderabad,2012-02-12,Sales
6252,FirstName6252,LastName6252,36252,Chennai,2012-02-13,Marketing
6253,FirstName6253,LastName6253,36253,Delhi,2012-02-14,Support
6254,FirstName6254,LastName6254,36254,Noida,2012-02-15,Admin
6255,FirstName6255,LastName6255,36255,Gurgaon,2012-02-16,Operations
6256,FirstName6256,LastName6256,36256,Mumbai,2012-02-17,IT
6257,FirstName6257,LastName6257,36257,Pune,2012-02-18,HR
6258,FirstName6258,LastName6258,36258,Bangalore,2012-02-19,Finance
6259,FirstName6259,LastName6259,36259,Hyderabad,2012-02-20,Sales
6260,FirstName6260,LastName6260,36260,Chennai,2012-02-21,Marketing
6261,FirstName6261,LastName6261,36261,Delhi,2012-02-22,Support
6262,FirstName6262,LastName6262,36262,Noida,2012-02-23,Admin
6263,FirstName6263,LastName6263,36263,Gurgaon,2012-02-24,Operations
6264,FirstName6264,LastName6264,36264,Mumbai,2012-02-25,IT
6265,FirstName6265,LastName6265,36265,Pune,2012-02-26,HR
6266,FirstName6266,LastName6266,36266,Bangalore,2012-02-27,Finance
6267,FirstName6267,LastName6267,36267,Hyderabad,2012-02-28,Sales
6268,FirstName6268,LastName6268,36268,Chennai,2012-02-29,Marketing
6269,FirstName6269,LastName6269,36269,Delhi,2012-03-01,Support
6270,FirstName6270,LastName6270,36270,Noida,2012-03-02,Admin
6271,FirstName6271,LastName6271,36271,Gurgaon,2012-03-03,Operations
6272,FirstName6272,LastName6272,36272,Mumbai,2012-03-04,IT
6273,FirstName6273,LastName6273,36273,Pune,2012-03-05,HR
6274,FirstName6274,LastName6274,36274,Bangalore,2012-03-06,Finance
6275,FirstName6275,LastName6275,36275,Hyderabad,2012-03-07,Sales
6276,FirstName6276,LastName6276,36276,Chennai,2012-03-08,Marketing
6277,FirstName6277,LastName6277,36277,Delhi,2012-03-09,Support
6278,FirstName6278,LastName6278,36278,Noida,2012-03-10,Admin
6279,FirstName6279,LastName6279,36279,Gurgaon,2012-03-11,Operations
6280,FirstName6280,LastName6280,36280,Mumbai,2012-03-12,IT
6281,FirstName6281,LastName6281,36281,Pune,2012-03-13,HR
6282,FirstName6282,LastName6282,36282,Bangalore,2012-03-14,Finance
6283,FirstName6283,LastName6283,36283,Hyderabad,2012-03-15,Sales
6284,FirstName6284,LastName6284,36284,Chennai,2012-03-16,Marketing
6285,FirstName6285,LastName6285,36285,Delhi,2012-03-17,Support
6286,FirstName6286,LastName6286,36286,Noida,2012-03-18,Admin
6287,FirstName6287,LastName6287,36287,Gurgaon,2012-03-19,Operations
6288,FirstName6288,LastName6288,36288,Mumbai,2012-03-20,IT
6289,FirstName6289,LastName6289,36289,Pune,2012-03-21,HR
6290,FirstName6290,LastName6290,36290,Bangalore,2012-03-22,Finance
6291,FirstName6291,LastName6291,36291,Hyderabad,2012-03-23,Sales
6292,FirstName6292,LastName6292,36292,Chennai,2012-03-24,Marketing
6293,FirstName6293,LastName6293,36293,Delhi,2012-03-25,Support
6294,FirstName6294,LastName6294,36294,Noida,2012-03-26,Admin
6295,FirstName6295,LastName6295,36295,Gurgaon,2012-03-27,Operations
6296,FirstName6296,LastName6296,36296,Mumbai,2012-03-28,IT
6297,FirstName6297,LastName6297,36297,Pune,2012-03-29,HR
6298,FirstName6298,LastName6298,36298,Bangalore,2012-03-30,Finance
6299,FirstName6299,LastName6299,36299,Hyderabad,2012-03-31,Sales
6300,FirstName6300,LastName6300,36300,Chennai,2012-04-01,Marketing
6301,FirstName6301,LastName6301,36301,Delhi,2012-04-02,Support
6302,FirstName6302,LastName6302,36302,Noida,2012-04-03,Admin
6303,FirstName6303,LastName6303,36303,Gurgaon,2012-04-04,Operations
6304,FirstName6304,LastName6304,36304,Mumbai,2012-04-05,IT
6305,FirstName6305,LastName6305,36305,Pune,2012-04-06,HR
6306,FirstName6306,LastName6306,36306,Bangalore,2012-04-07,Finance
6307,FirstName6307,LastName6307,36307,Hyderabad,2012-04-08,Sales
6308,FirstName6308,LastName6308,36308,Chennai,2012-04-09,Marketing
6309,FirstName6309,LastName6309,36309,Delhi,2012-04-10,Support
6310,FirstName6310,LastName6310,36310,Noida,2012-04-11,Admin
6311,FirstName6311,LastName6311,36311,Gurgaon,2012-04-12,Operations
6312,FirstName6312,LastName6312,36312,Mumbai,2012-04-13,IT
6313,FirstName6313,LastName6313,36313,Pune,2012-04-14,HR
6314,FirstName6314,LastName6314,36314,Bangalore,2012-04-15,Finance
6315,FirstName6315,LastName6315,36315,Hyderabad,2012-04-16,Sales
6316,FirstName6316,LastName6316,36316,Chennai,2012-04-17,Marketing
6317,FirstName6317,LastName6317,36317,Delhi,2012-04-18,Support
6318,FirstName6318,LastName6318,36318,Noida,2012-04-19,Admin
6319,FirstName6319,LastName6319,36319,Gurgaon,2012-04-20,Operations
6320,FirstName6320,LastName6320,36320,Mumbai,2012-04-21,IT
6321,FirstName6321,LastName6321,36321,Pune,2012-04-22,HR
6322,FirstName6322,LastName6322,36322,Bangalore,2012-04-23,Finance
6323,FirstName6323,LastName6323,36323,Hyderabad,2012-04-24,Sales
6324,FirstName6324,LastName6324,36324,Chennai,2012-04-25,Marketing
6325,FirstName6325,LastName6325,36325,Delhi,2012-04-26,Support
6326,FirstName6326,LastName6326,36326,Noida,2012-04-27,Admin
6327,FirstName6327,LastName6327,36327,Gurgaon,2012-04-28,Operations
6328,FirstName6328,LastName6328,36328,Mumbai,2012-04-29,IT
6329,FirstName6329,LastName6329,36329,Pune,2012-04-30,HR
6330,FirstName6330,LastName6330,36330,Bangalore,2012-05-01,Finance
6331,FirstName6331,LastName6331,36331,Hyderabad,2012-05-02,Sales
6332,FirstName6332,LastName6332,36332,Chennai,2012-05-03,Marketing
6333,FirstName6333,LastName6333,36333,Delhi,2012-05-04,Support
6334,FirstName6334,LastName6334,36334,Noida,2012-05-05,Admin
6335,FirstName6335,LastName6335,36335,Gurgaon,2012-05-06,Operations
6336,FirstName6336,LastName6336,36336,Mumbai,2012-05-07,IT
6337,FirstName6337,LastName6337,36337,Pune,2012-05-08,HR
6338,FirstName6338,LastName6338,36338,Bangalore,2012-05-09,Finance
6339,FirstName6339,LastName6339,36339,Hyderabad,2012-05-10,Sales
6340,FirstName6340,LastName6340,36340,Chennai,2012-05-11,Marketing
6341,FirstName6341,LastName6341,36341,Delhi,2012-05-12,Support
6342,FirstName6342,LastName6342,36342,Noida,2012-05-13,Admin
6343,FirstName6343,LastName6343,36343,Gurgaon,2012-05-14,Operations
6344,FirstName6344,LastName6344,36344,Mumbai,2012-05-15,IT
6345,FirstName6345,LastName6345,36345,Pune,2012-05-16,HR
6346,FirstName6346,LastName6346,36346,Bangalore,2012-05-17,Finance
6347,FirstName6347,LastName6347,36347,Hyderabad,2012-05-18,Sales
6348,FirstName6348,LastName6348,36348,Chennai,2012-05-19,Marketing
6349,FirstName6349,LastName6349,36349,Delhi,2012-05-20,Support
6350,FirstName6350,LastName6350,36350,Noida,2012-05-21,Admin
6351,FirstName6351,LastName6351,36351,Gurgaon,2012-05-22,Operations
6352,FirstName6352,LastName6352,36352,Mumbai,2012-05-23,IT
6353,FirstName6353,LastName6353,36353,Pune,2012-05-24,HR
6354,FirstName6354,LastName6354,36354,Bangalore,2012-05-25,Finance
6355,FirstName6355,LastName6355,36355,Hyderabad,2012-05-26,Sales
6356,FirstName6356,LastName6356,36356,Chennai,2012-05-27,Marketing
6357,FirstName6357,LastName6357,36357,Delhi,2012-05-28,Support
6358,FirstName6358,LastName6358,36358,Noida,2012-05-29,Admin
6359,FirstName6359,LastName6359,36359,Gurgaon,2012-05-30,Operations
6360,FirstName6360,LastName6360,36360,Mumbai,2012-05-31,IT
6361,FirstName6361,LastName6361,36361,Pune,2012-06-01,HR
6362,FirstName6362,LastName6362,36362,Bangalore,2012-06-02,Finance
6363,FirstName6363,LastName6363,36363,Hyderabad,2012-06-03,Sales
6364,FirstName6364,LastName6364,36364,Chennai,2012-06-04,Marketing
6365,FirstName6365,LastName6365,36365,Delhi,2012-06-05,Support
6366,FirstName6366,LastName6366,36366,Noida,2012-06-06,Admin
6367,FirstName6367,LastName6367,36367,Gurgaon,2012-06-07,Operations
6368,FirstName6368,LastName6368,36368,Mumbai,2012-06-08,IT
6369,FirstName6369,LastName6369,36369,Pune,2012-06-09,HR
6370,FirstName6370,LastName6370,36370,Bangalore,2012-06-10,Finance
6371,FirstName6371,LastName6371,36371,Hyderabad,2012-06-11,Sales
6372,FirstName6372,LastName6372,36372,Chennai,2012-06-12,Marketing
6373,FirstName6373,LastName6373,36373,Delhi,2012-06-13,Support
6374,FirstName6374,LastName6374,36374,Noida,2012-06-14,Admin
6375,FirstName6375,LastName6375,36375,Gurgaon,2012-06-15,Operations
6376,FirstName6376,LastName6376,36376,Mumbai,2012-06-16,IT
6377,FirstName6377,LastName6377,36377,Pune,2012-06-17,HR
6378,FirstName6378,LastName6378,36378,Bangalore,2012-06-18,Finance
6379,FirstName6379,LastName6379,36379,Hyderabad,2012-06-19,Sales
6380,FirstName6380,LastName6380,36380,Chennai,2012-06-20,Marketing
6381,FirstName6381,LastName6381,36381,Delhi,2012-06-21,Support
6382,FirstName6382,LastName6382,36382,Noida,2012-06-22,Admin
6383,FirstName6383,LastName6383,36383,Gurgaon,2012-06-23,Operations
6384,FirstName6384,LastName6384,36384,Mumbai,2012-06-24,IT
6385,FirstName6385,LastName6385,36385,Pune,2012-06-25,HR
6386,FirstName6386,LastName6386,36386,Bangalore,2012-06-26,Finance
6387,FirstName6387,LastName6387,36387,Hyderabad,2012-06-27,Sales
6388,FirstName6388,LastName6388,36388,Chennai,2012-06-28,Marketing
6389,FirstName6389,LastName6389,36389,Delhi,2012-06-29,Support
6390,FirstName6390,LastName6390,36390,Noida,2012-06-30,Admin
6391,FirstName6391,LastName6391,36391,Gurgaon,2012-07-01,Operations
6392,FirstName6392,LastName6392,36392,Mumbai,2012-07-02,IT
6393,FirstName6393,LastName6393,36393,Pune,2012-07-03,HR
6394,FirstName6394,LastName6394,36394,Bangalore,2012-07-04,Finance
6395,FirstName6395,LastName6395,36395,Hyderabad,2012-07-05,Sales
6396,FirstName6396,LastName6396,36396,Chennai,2012-07-06,Marketing
6397,FirstName6397,LastName6397,36397,Delhi,2012-07-07,Support
6398,FirstName6398,LastName6398,36398,Noida,2012-07-08,Admin
6399,FirstName6399,LastName6399,36399,Gurgaon,2012-07-09,Operations
6400,FirstName6400,LastName6400,36400,Mumbai,2012-07-10,IT
6401,FirstName6401,LastName6401,36401,Pune,2012-07-11,HR
6402,FirstName6402,LastName6402,36402,Bangalore,2012-07-12,Finance
6403,FirstName6403,LastName6403,36403,Hyderabad,2012-07-13,Sales
6404,FirstName6404,LastName6404,36404,Chennai,2012-07-14,Marketing
6405,FirstName6405,LastName6405,36405,Delhi,2012-07-15,Support
6406,FirstName6406,LastName6406,36406,Noida,2012-07-16,Admin
6407,FirstName6407,LastName6407,36407,Gurgaon,2012-07-17,Operations
6408,FirstName6408,LastName6408,36408,Mumbai,2012-07-18,IT
6409,FirstName6409,LastName6409,36409,Pune,2012-07-19,HR
6410,FirstName6410,LastName6410,36410,Bangalore,2012-07-20,Finance
6411,FirstName6411,LastName6411,36411,Hyderabad,2012-07-21,Sales
6412,FirstName6412,LastName6412,36412,Chennai,2012-07-22,Marketing
6413,FirstName6413,LastName6413,36413,Delhi,2012-07-23,Support
6414,FirstName6414,LastName6414,36414,Noida,2012-07-24,Admin
6415,FirstName6415,LastName6415,36415,Gurgaon,2012-07-25,Operations
6416,FirstName6416,LastName6416,36416,Mumbai,2012-07-26,IT
6417,FirstName6417,LastName6417,36417,Pune,2012-07-27,HR
6418,FirstName6418,LastName6418,36418,Bangalore,2012-07-28,Finance
6419,FirstName6419,LastName6419,36419,Hyderabad,2012-07-29,Sales
6420,FirstName6420,LastName6420,36420,Chennai,2012-07-30,Marketing
6421,FirstName6421,LastName6421,36421,Delhi,2012-07-31,Support
6422,FirstName6422,LastName6422,36422,Noida,2012-08-01,Admin
6423,FirstName6423,LastName6423,36423,Gurgaon,2012-08-02,Operations
6424,FirstName6424,LastName6424,36424,Mumbai,2012-08-03,IT
6425,FirstName6425,LastName6425,36425,Pune,2012-08-04,HR
6426,FirstName6426,LastName6426,36426,Bangalore,2012-08-05,Finance
6427,FirstName6427,LastName6427,36427,Hyderabad,2012-08-06,Sales
6428,FirstName6428,LastName6428,36428,Chennai,2012-08-07,Marketing
6429,FirstName6429,LastName6429,36429,Delhi,2012-08-08,Support
6430,FirstName6430,LastName6430,36430,Noida,2012-08-09,Admin
6431,FirstName6431,LastName6431,36431,Gurgaon,2012-08-10,Operations
6432,FirstName6432,LastName6432,36432,Mumbai,2012-08-11,IT
6433,FirstName6433,LastName6433,36433,Pune,2012-08-12,HR
6434,FirstName6434,LastName6434,36434,Bangalore,2012-08-13,Finance
6435,FirstName6435,LastName6435,36435,Hyderabad,2012-08-14,Sales
6436,FirstName6436,LastName6436,36436,Chennai,2012-08-15,Marketing
6437,FirstName6437,LastName6437,36437,Delhi,2012-08-16,Support
6438,FirstName6438,LastName6438,36438,Noida,2012-08-17,Admin
6439,FirstName6439,LastName6439,36439,Gurgaon,2012-08-18,Operations
6440,FirstName6440,LastName6440,36440,Mumbai,2012-08-19,IT
6441,FirstName6441,LastName6441,36441,Pune,2012-08-20,HR
6442,FirstName6442,LastName6442,36442,Bangalore,2012-08-21,Finance
6443,FirstName6443,LastName6443,36443,Hyderabad,2012-08-22,Sales
6444,FirstName6444,LastName6444,36444,Chennai,2012-08-23,Marketing
6445,FirstName6445,LastName6445,36445,Delhi,2012-08-24,Support
6446,FirstName6446,LastName6446,36446,Noida,2012-08-25,Admin
6447,FirstName6447,LastName6447,36447,Gurgaon,2012-08-26,Operations
6448,FirstName6448,LastName6448,36448,Mumbai,2012-08-27,IT
6449,FirstName6449,LastName6449,36449,Pune,2012-08-28,HR
6450,FirstName6450,LastName6450,36450,Bangalore,2012-08-29,Finance
6451,FirstName6451,LastName6451,36451,Hyderabad,2012-08-30,Sales
6452,FirstName6452,LastName6452,36452,Chennai,2012-08-31,Marketing
6453,FirstName6453,LastName6453,36453,Delhi,2012-09-01,Support
6454,FirstName6454,LastName6454,36454,Noida,2012-09-02,Admin
6455,FirstName6455,LastName6455,36455,Gurgaon,2012-09-03,Operations
6456,FirstName6456,LastName6456,36456,Mumbai,2012-09-04,IT
6457,FirstName6457,LastName6457,36457,Pune,2012-09-05,HR
6458,FirstName6458,LastName6458,36458,Bangalore,2012-09-06,Finance
6459,FirstName6459,LastName6459,36459,Hyderabad,2012-09-07,Sales
6460,FirstName6460,LastName6460,36460,Chennai,2012-09-08,Marketing
6461,FirstName6461,LastName6461,36461,Delhi,2012-09-09,Support
6462,FirstName6462,LastName6462,36462,Noida,2012-09-10,Admin
6463,FirstName6463,LastName6463,36463,Gurgaon,2012-09-11,Operations
6464,FirstName6464,LastName6464,36464,Mumbai,2012-09-12,IT
6465,FirstName6465,LastName6465,36465,Pune,2012-09-13,HR
6466,FirstName6466,LastName6466,36466,Bangalore,2012-09-14,Finance
6467,FirstName6467,LastName6467,36467,Hyderabad,2012-09-15,Sales
6468,FirstName6468,LastName6468,36468,Chennai,2012-09-16,Marketing
6469,FirstName6469,LastName6469,36469,Delhi,2012-09-17,Support
6470,FirstName6470,LastName6470,36470,Noida,2012-09-18,Admin
6471,FirstName6471,LastName6471,36471,Gurgaon,2012-09-19,Operations
6472,FirstName6472,LastName6472,36472,Mumbai,2012-09-20,IT
6473,FirstName6473,LastName6473,36473,Pune,2012-09-21,HR
6474,FirstName6474,LastName6474,36474,Bangalore,2012-09-22,Finance
6475,FirstName6475,LastName6475,36475,Hyderabad,2012-09-23,Sales
6476,FirstName6476,LastName6476,36476,Chennai,2012-09-24,Marketing
6477,FirstName6477,LastName6477,36477,Delhi,2012-09-25,Support
6478,FirstName6478,LastName6478,36478,Noida,2012-09-26,Admin
6479,FirstName6479,LastName6479,36479,Gurgaon,2012-09-27,Operations
6480,FirstName6480,LastName6480,36480,Mumbai,2012-09-28,IT
6481,FirstName6481,LastName6481,36481,Pune,2012-09-29,HR
6482,FirstName6482,LastName6482,36482,Bangalore,2012-09-30,Finance
6483,FirstName6483,LastName6483,36483,Hyderabad,2012-10-01,Sales
6484,FirstName6484,LastName6484,36484,Chennai,2012-10-02,Marketing
6485,FirstName6485,LastName6485,36485,Delhi,2012-10-03,Support
6486,FirstName6486,LastName6486,36486,Noida,2012-10-04,Admin
6487,FirstName6487,LastName6487,36487,Gurgaon,2012-10-05,Operations
6488,FirstName6488,LastName6488,36488,Mumbai,2012-10-06,IT
6489,FirstName6489,LastName6489,36489,Pune,2012-10-07,HR
6490,FirstName6490,LastName6490,36490,Bangalore,2012-10-08,Finance
6491,FirstName6491,LastName6491,36491,Hyderabad,2012-10-09,Sales
6492,FirstName6492,LastName6492,36492,Chennai,2012-10-10,Marketing
6493,FirstName6493,LastName6493,36493,Delhi,2012-10-11,Support
6494,FirstName6494,LastName6494,36494,Noida,2012-10-12,Admin
6495,FirstName6495,LastName6495,36495,Gurgaon,2012-10-13,Operations
6496,FirstName6496,LastName6496,36496,Mumbai,2012-10-14,IT
6497,FirstName6497,LastName6497,36497,Pune,2012-10-15,HR
6498,FirstName6498,LastName6498,36498,Bangalore,2012-10-16,Finance
6499,FirstName6499,LastName6499,36499,Hyderabad,2012-10-17,Sales
6500,FirstName6500,LastName6500,36500,Chennai,2012-10-18,Marketing
6501,FirstName6501,LastName6501,36501,Delhi,2012-10-19,Support
6502,FirstName6502,LastName6502,36502,Noida,2012-10-20,Admin
6503,FirstName6503,LastName6503,36503,Gurgaon,2012-10-21,Operations
6504,FirstName6504,LastName6504,36504,Mumbai,2012-10-22,IT
6505,FirstName6505,LastName6505,36505,Pune,2012-10-23,HR
6506,FirstName6506,LastName6506,36506,Bangalore,2012-10-24,Finance
6507,FirstName6507,LastName6507,36507,Hyderabad,2012-10-25,Sales
6508,FirstName6508,LastName6508,36508,Chennai,2012-10-26,Marketing
6509,FirstName6509,LastName6509,36509,Delhi,2012-10-27,Support
6510,FirstName6510,LastName6510,36510,Noida,2012-10-28,Admin
6511,FirstName6511,LastName6511,36511,Gurgaon,2012-10-29,Operations
6512,FirstName6512,LastName6512,36512,Mumbai,2012-10-30,IT
6513,FirstName6513,LastName6513,36513,Pune,2012-10-31,HR
6514,FirstName6514,LastName6514,36514,Bangalore,2012-11-01,Finance
6515,FirstName6515,LastName6515,36515,Hyderabad,2012-11-02,Sales
6516,FirstName6516,LastName6516,36516,Chennai,2012-11-03,Marketing
6517,FirstName6517,LastName6517,36517,Delhi,2012-11-04,Support
6518,FirstName6518,LastName6518,36518,Noida,2012-11-05,Admin
6519,FirstName6519,LastName6519,36519,Gurgaon,2012-11-06,Operations
6520,FirstName6520,LastName6520,36520,Mumbai,2012-11-07,IT
6521,FirstName6521,LastName6521,36521,Pune,2012-11-08,HR
6522,FirstName6522,LastName6522,36522,Bangalore,2012-11-09,Finance
6523,FirstName6523,LastName6523,36523,Hyderabad,2012-11-10,Sales
6524,FirstName6524,LastName6524,36524,Chennai,2012-11-11,Marketing
6525,FirstName6525,LastName6525,36525,Delhi,2012-11-12,Support
6526,FirstName6526,LastName6526,36526,Noida,2012-11-13,Admin
6527,FirstName6527,LastName6527,36527,Gurgaon,2012-11-14,Operations
6528,FirstName6528,LastName6528,36528,Mumbai,2012-11-15,IT
6529,FirstName6529,LastName6529,36529,Pune,2012-11-16,HR
6530,FirstName6530,LastName6530,36530,Bangalore,2012-11-17,Finance
6531,FirstName6531,LastName6531,36531,Hyderabad,2012-11-18,Sales
6532,FirstName6532,LastName6532,36532,Chennai,2012-11-19,Marketing
6533,FirstName6533,LastName6533,36533,Delhi,2012-11-20,Support
6534,FirstName6534,LastName6534,36534,Noida,2012-11-21,Admin
6535,FirstName6535,LastName6535,36535,Gurgaon,2012-11-22,Operations
6536,FirstName6536,LastName6536,36536,Mumbai,2012-11-23,IT
6537,FirstName6537,LastName6537,36537,Pune,2012-11-24,HR
6538,FirstName6538,LastName6538,36538,Bangalore,2012-11-25,Finance
6539,FirstName6539,LastName6539,36539,Hyderabad,2012-11-26,Sales
6540,FirstName6540,LastName6540,36540,Chennai,2012-11-27,Marketing
6541,FirstName6541,LastName6541,36541,Delhi,2012-11-28,Support
6542,FirstName6542,LastName6542,36542,Noida,2012-11-29,Admin
6543,FirstName6543,LastName6543,36543,Gurgaon,2012-11-30,Operations
6544,FirstName6544,LastName6544,36544,Mumbai,2012-12-01,IT
6545,FirstName6545,LastName6545,36545,Pune,2012-12-02,HR
6546,FirstName6546,LastName6546,36546,Bangalore,2012-12-03,Finance
6547,FirstName6547,LastName6547,36547,Hyderabad,2012-12-04,Sales
6548,FirstName6548,LastName6548,36548,Chennai,2012-12-05,Marketing
6549,FirstName6549,LastName6549,36549,Delhi,2012-12-06,Support
6550,FirstName6550,LastName6550,36550,Noida,2012-12-07,Admin
6551,FirstName6551,LastName6551,36551,Gurgaon,2012-12-08,Operations
6552,FirstName6552,LastName6552,36552,Mumbai,2012-12-09,IT
6553,FirstName6553,LastName6553,36553,Pune,2012-12-10,HR
6554,FirstName6554,LastName6554,36554,Bangalore,2012-12-11,Finance
6555,FirstName6555,LastName6555,36555,Hyderabad,2012-12-12,Sales
6556,FirstName6556,LastName6556,36556,Chennai,2012-12-13,Marketing
6557,FirstName6557,LastName6557,36557,Delhi,2012-12-14,Support
6558,FirstName6558,LastName6558,36558,Noida,2012-12-15,Admin
6559,FirstName6559,LastName6559,36559,Gurgaon,2012-12-16,Operations
6560,FirstName6560,LastName6560,36560,Mumbai,2012-12-17,IT
6561,FirstName6561,LastName6561,36561,Pune,2012-12-18,HR
6562,FirstName6562,LastName6562,36562,Bangalore,2012-12-19,Finance
6563,FirstName6563,LastName6563,36563,Hyderabad,2012-12-20,Sales
6564,FirstName6564,LastName6564,36564,Chennai,2012-12-21,Marketing
6565,FirstName6565,LastName6565,36565,Delhi,2012-12-22,Support
6566,FirstName6566,LastName6566,36566,Noida,2012-12-23,Admin
6567,FirstName6567,LastName6567,36567,Gurgaon,2012-12-24,Operations
6568,FirstName6568,LastName6568,36568,Mumbai,2012-12-25,IT
6569,FirstName6569,LastName6569,36569,Pune,2012-12-26,HR
6570,FirstName6570,LastName6570,36570,Bangalore,2012-12-27,Finance
6571,FirstName6571,LastName6571,36571,Hyderabad,2012-12-28,Sales
6572,FirstName6572,LastName6572,36572,Chennai,2012-12-29,Marketing
6573,FirstName6573,LastName6573,36573,Delhi,2012-12-30,Support
6574,FirstName6574,LastName6574,36574,Noida,2012-12-31,Admin
6575,FirstName6575,LastName6575,36575,Gurgaon,2013-01-01,Operations
6576,FirstName6576,LastName6576,36576,Mumbai,2013-01-02,IT
6577,FirstName6577,LastName6577,36577,Pune,2013-01-03,HR
6578,FirstName6578,LastName6578,36578,Bangalore,2013-01-04,Finance
6579,FirstName6579,LastName6579,36579,Hyderabad,2013-01-05,Sales
6580,FirstName6580,LastName6580,36580,Chennai,2013-01-06,Marketing
6581,FirstName6581,LastName6581,36581,Delhi,2013-01-07,Support
6582,FirstName6582,LastName6582,36582,Noida,2013-01-08,Admin
6583,FirstName6583,LastName6583,36583,Gurgaon,2013-01-09,Operations
6584,FirstName6584,LastName6584,36584,Mumbai,2013-01-10,IT
6585,FirstName6585,LastName6585,36585,Pune,2013-01-11,HR
6586,FirstName6586,LastName6586,36586,Bangalore,2013-01-12,Finance
6587,FirstName6587,LastName6587,36587,Hyderabad,2013-01-13,Sales
6588,FirstName6588,LastName6588,36588,Chennai,2013-01-14,Marketing
6589,FirstName6589,LastName6589,36589,Delhi,2013-01-15,Support
6590,FirstName6590,LastName6590,36590,Noida,2013-01-16,Admin
6591,FirstName6591,LastName6591,36591,Gurgaon,2013-01-17,Operations
6592,FirstName6592,LastName6592,36592,Mumbai,2013-01-18,IT
6593,FirstName6593,LastName6593,36593,Pune,2013-01-19,HR
6594,FirstName6594,LastName6594,36594,Bangalore,2013-01-20,Finance
6595,FirstName6595,LastName6595,36595,Hyderabad,2013-01-21,Sales
6596,FirstName6596,LastName6596,36596,Chennai,2013-01-22,Marketing
6597,FirstName6597,LastName6597,36597,Delhi,2013-01-23,Support
6598,FirstName6598,LastName6598,36598,Noida,2013-01-24,Admin
6599,FirstName6599,LastName6599,36599,Gurgaon,2013-01-25,Operations
6600,FirstName6600,LastName6600,36600,Mumbai,2013-01-26,IT
6601,FirstName6601,LastName6601,36601,Pune,2013-01-27,HR
6602,FirstName6602,LastName6602,36602,Bangalore,2013-01-28,Finance
6603,FirstName6603,LastName6603,36603,Hyderabad,2013-01-29,Sales
6604,FirstName6604,LastName6604,36604,Chennai,2013-01-30,Marketing
6605,FirstName6605,LastName6605,36605,Delhi,2013-01-31,Support
6606,FirstName6606,LastName6606,36606,Noida,2013-02-01,Admin
6607,FirstName6607,LastName6607,36607,Gurgaon,2013-02-02,Operations
6608,FirstName6608,LastName6608,36608,Mumbai,2013-02-03,IT
6609,FirstName6609,LastName6609,36609,Pune,2013-02-04,HR
6610,FirstName6610,LastName6610,36610,Bangalore,2013-02-05,Finance
6611,FirstName6611,LastName6611,36611,Hyderabad,2013-02-06,Sales
6612,FirstName6612,LastName6612,36612,Chennai,2013-02-07,Marketing
6613,FirstName6613,LastName6613,36613,Delhi,2013-02-08,Support
6614,FirstName6614,LastName6614,36614,Noida,2013-02-09,Admin
6615,FirstName6615,LastName6615,36615,Gurgaon,2013-02-10,Operations
6616,FirstName6616,LastName6616,36616,Mumbai,2013-02-11,IT
6617,FirstName6617,LastName6617,36617,Pune,2013-02-12,HR
6618,FirstName6618,LastName6618,36618,Bangalore,2013-02-13,Finance
6619,FirstName6619,LastName6619,36619,Hyderabad,2013-02-14,Sales
6620,FirstName6620,LastName6620,36620,Chennai,2013-02-15,Marketing
6621,FirstName6621,LastName6621,36621,Delhi,2013-02-16,Support
6622,FirstName6622,LastName6622,36622,Noida,2013-02-17,Admin
6623,FirstName6623,LastName6623,36623,Gurgaon,2013-02-18,Operations
6624,FirstName6624,LastName6624,36624,Mumbai,2013-02-19,IT
6625,FirstName6625,LastName6625,36625,Pune,2013-02-20,HR
6626,FirstName6626,LastName6626,36626,Bangalore,2013-02-21,Finance
6627,FirstName6627,LastName6627,36627,Hyderabad,2013-02-22,Sales
6628,FirstName6628,LastName6628,36628,Chennai,2013-02-23,Marketing
6629,FirstName6629,LastName6629,36629,Delhi,2013-02-24,Support
6630,FirstName6630,LastName6630,36630,Noida,2013-02-25,Admin
6631,FirstName6631,LastName6631,36631,Gurgaon,2013-02-26,Operations
6632,FirstName6632,LastName6632,36632,Mumbai,2013-02-27,IT
6633,FirstName6633,LastName6633,36633,Pune,2013-02-28,HR
6634,FirstName6634,LastName6634,36634,Bangalore,2013-03-01,Finance
6635,FirstName6635,LastName6635,36635,Hyderabad,2013-03-02,Sales
6636,FirstName6636,LastName6636,36636,Chennai,2013-03-03,Marketing
6637,FirstName6637,LastName6637,36637,Delhi,2013-03-04,Support
6638,FirstName6638,LastName6638,36638,Noida,2013-03-05,Admin
6639,FirstName6639,LastName6639,36639,Gurgaon,2013-03-06,Operations
6640,FirstName6640,LastName6640,36640,Mumbai,2013-03-07,IT
6641,FirstName6641,LastName6641,36641,Pune,2013-03-08,HR
6642,FirstName6642,LastName6642,36642,Bangalore,2013-03-09,Finance
6643,FirstName6643,LastName6643,36643,Hyderabad,2013-03-10,Sales
6644,FirstName6644,LastName6644,36644,Chennai,2013-03-11,Marketing
6645,FirstName6645,LastName6645,36645,Delhi,2013-03-12,Support
6646,FirstName6646,LastName6646,36646,Noida,2013-03-13,Admin
6647,FirstName6647,LastName6647,36647,Gurgaon,2013-03-14,Operations
6648,FirstName6648,LastName6648,36648,Mumbai,2013-03-15,IT
6649,FirstName6649,LastName6649,36649,Pune,2013-03-16,HR
6650,FirstName6650,LastName6650,36650,Bangalore,2013-03-17,Finance
6651,FirstName6651,LastName6651,36651,Hyderabad,2013-03-18,Sales
6652,FirstName6652,LastName6652,36652,Chennai,2013-03-19,Marketing
6653,FirstName6653,LastName6653,36653,Delhi,2013-03-20,Support
6654,FirstName6654,LastName6654,36654,Noida,2013-03-21,Admin
6655,FirstName6655,LastName6655,36655,Gurgaon,2013-03-22,Operations
6656,FirstName6656,LastName6656,36656,Mumbai,2013-03-23,IT
6657,FirstName6657,LastName6657,36657,Pune,2013-03-24,HR
6658,FirstName6658,LastName6658,36658,Bangalore,2013-03-25,Finance
6659,FirstName6659,LastName6659,36659,Hyderabad,2013-03-26,Sales
6660,FirstName6660,LastName6660,36660,Chennai,2013-03-27,Marketing
6661,FirstName6661,LastName6661,36661,Delhi,2013-03-28,Support
6662,FirstName6662,LastName6662,36662,Noida,2013-03-29,Admin
6663,FirstName6663,LastName6663,36663,Gurgaon,2013-03-30,Operations
6664,FirstName6664,LastName6664,36664,Mumbai,2013-03-31,IT
6665,FirstName6665,LastName6665,36665,Pune,2013-04-01,HR
6666,FirstName6666,LastName6666,36666,Bangalore,2013-04-02,Finance
6667,FirstName6667,LastName6667,36667,Hyderabad,2013-04-03,Sales
6668,FirstName6668,LastName6668,36668,Chennai,2013-04-04,Marketing
6669,FirstName6669,LastName6669,36669,Delhi,2013-04-05,Support
6670,FirstName6670,LastName6670,36670,Noida,2013-04-06,Admin
6671,FirstName6671,LastName6671,36671,Gurgaon,2013-04-07,Operations
6672,FirstName6672,LastName6672,36672,Mumbai,2013-04-08,IT
6673,FirstName6673,LastName6673,36673,Pune,2013-04-09,HR
6674,FirstName6674,LastName6674,36674,Bangalore,2013-04-10,Finance
6675,FirstName6675,LastName6675,36675,Hyderabad,2013-04-11,Sales
6676,FirstName6676,LastName6676,36676,Chennai,2013-04-12,Marketing
6677,FirstName6677,LastName6677,36677,Delhi,2013-04-13,Support
6678,FirstName6678,LastName6678,36678,Noida,2013-04-14,Admin
6679,FirstName6679,LastName6679,36679,Gurgaon,2013-04-15,Operations
6680,FirstName6680,LastName6680,36680,Mumbai,2013-04-16,IT
6681,FirstName6681,LastName6681,36681,Pune,2013-04-17,HR
6682,FirstName6682,LastName6682,36682,Bangalore,2013-04-18,Finance
6683,FirstName6683,LastName6683,36683,Hyderabad,2013-04-19,Sales
6684,FirstName6684,LastName6684,36684,Chennai,2013-04-20,Marketing
6685,FirstName6685,LastName6685,36685,Delhi,2013-04-21,Support
6686,FirstName6686,LastName6686,36686,Noida,2013-04-22,Admin
6687,FirstName6687,LastName6687,36687,Gurgaon,2013-04-23,Operations
6688,FirstName6688,LastName6688,36688,Mumbai,2013-04-24,IT
6689,FirstName6689,LastName6689,36689,Pune,2013-04-25,HR
6690,FirstName6690,LastName6690,36690,Bangalore,2013-04-26,Finance
6691,FirstName6691,LastName6691,36691,Hyderabad,2013-04-27,Sales
6692,FirstName6692,LastName6692,36692,Chennai,2013-04-28,Marketing
6693,FirstName6693,LastName6693,36693,Delhi,2013-04-29,Support
6694,FirstName6694,LastName6694,36694,Noida,2013-04-30,Admin
6695,FirstName6695,LastName6695,36695,Gurgaon,2013-05-01,Operations
6696,FirstName6696,LastName6696,36696,Mumbai,2013-05-02,IT
6697,FirstName6697,LastName6697,36697,Pune,2013-05-03,HR
6698,FirstName6698,LastName6698,36698,Bangalore,2013-05-04,Finance
6699,FirstName6699,LastName6699,36699,Hyderabad,2013-05-05,Sales
6700,FirstName6700,LastName6700,36700,Chennai,2013-05-06,Marketing
6701,FirstName6701,LastName6701,36701,Delhi,2013-05-07,Support
6702,FirstName6702,LastName6702,36702,Noida,2013-05-08,Admin
6703,FirstName6703,LastName6703,36703,Gurgaon,2013-05-09,Operations
6704,FirstName6704,LastName6704,36704,Mumbai,2013-05-10,IT
6705,FirstName6705,LastName6705,36705,Pune,2013-05-11,HR
6706,FirstName6706,LastName6706,36706,Bangalore,2013-05-12,Finance
6707,FirstName6707,LastName6707,36707,Hyderabad,2013-05-13,Sales
6708,FirstName6708,LastName6708,36708,Chennai,2013-05-14,Marketing
6709,FirstName6709,LastName6709,36709,Delhi,2013-05-15,Support
6710,FirstName6710,LastName6710,36710,Noida,2013-05-16,Admin
6711,FirstName6711,LastName6711,36711,Gurgaon,2013-05-17,Operations
6712,FirstName6712,LastName6712,36712,Mumbai,2013-05-18,IT
6713,FirstName6713,LastName6713,36713,Pune,2013-05-19,HR
6714,FirstName6714,LastName6714,36714,Bangalore,2013-05-20,Finance
6715,FirstName6715,LastName6715,36715,Hyderabad,2013-05-21,Sales
6716,FirstName6716,LastName6716,36716,Chennai,2013-05-22,Marketing
6717,FirstName6717,LastName6717,36717,Delhi,2013-05-23,Support
6718,FirstName6718,LastName6718,36718,Noida,2013-05-24,Admin
6719,FirstName6719,LastName6719,36719,Gurgaon,2013-05-25,Operations
6720,FirstName6720,LastName6720,36720,Mumbai,2013-05-26,IT
6721,FirstName6721,LastName6721,36721,Pune,2013-05-27,HR
6722,FirstName6722,LastName6722,36722,Bangalore,2013-05-28,Finance
6723,FirstName6723,LastName6723,36723,Hyderabad,2013-05-29,Sales
6724,FirstName6724,LastName6724,36724,Chennai,2013-05-30,Marketing
6725,FirstName6725,LastName6725,36725,Delhi,2013-05-31,Support
6726,FirstName6726,LastName6726,36726,Noida,2013-06-01,Admin
6727,FirstName6727,LastName6727,36727,Gurgaon,2013-06-02,Operations
6728,FirstName6728,LastName6728,36728,Mumbai,2013-06-03,IT
6729,FirstName6729,LastName6729,36729,Pune,2013-06-04,HR
6730,FirstName6730,LastName6730,36730,Bangalore,2013-06-05,Finance
6731,FirstName6731,LastName6731,36731,Hyderabad,2013-06-06,Sales
6732,FirstName6732,LastName6732,36732,Chennai,2013-06-07,Marketing
6733,FirstName6733,LastName6733,36733,Delhi,2013-06-08,Support
6734,FirstName6734,LastName6734,36734,Noida,2013-06-09,Admin
6735,FirstName6735,LastName6735,36735,Gurgaon,2013-06-10,Operations
6736,FirstName6736,LastName6736,36736,Mumbai,2013-06-11,IT
6737,FirstName6737,LastName6737,36737,Pune,2013-06-12,HR
6738,FirstName6738,LastName6738,36738,Bangalore,2013-06-13,Finance
6739,FirstName6739,LastName6739,36739,Hyderabad,2013-06-14,Sales
6740,FirstName6740,LastName6740,36740,Chennai,2013-06-15,Marketing
6741,FirstName6741,LastName6741,36741,Delhi,2013-06-16,Support
6742,FirstName6742,LastName6742,36742,Noida,2013-06-17,Admin
6743,FirstName6743,LastName6743,36743,Gurgaon,2013-06-18,Operations
6744,FirstName6744,LastName6744,36744,Mumbai,2013-06-19,IT
6745,FirstName6745,LastName6745,36745,Pune,2013-06-20,HR
6746,FirstName6746,LastName6746,36746,Bangalore,2013-06-21,Finance
6747,FirstName6747,LastName6747,36747,Hyderabad,2013-06-22,Sales
6748,FirstName6748,LastName6748,36748,Chennai,2013-06-23,Marketing
6749,FirstName6749,LastName6749,36749,Delhi,2013-06-24,Support
6750,FirstName6750,LastName6750,36750,Noida,2013-06-25,Admin
6751,FirstName6751,LastName6751,36751,Gurgaon,2013-06-26,Operations
6752,FirstName6752,LastName6752,36752,Mumbai,2013-06-27,IT
6753,FirstName6753,LastName6753,36753,Pune,2013-06-28,HR
6754,FirstName6754,LastName6754,36754,Bangalore,2013-06-29,Finance
6755,FirstName6755,LastName6755,36755,Hyderabad,2013-06-30,Sales
6756,FirstName6756,LastName6756,36756,Chennai,2013-07-01,Marketing
6757,FirstName6757,LastName6757,36757,Delhi,2013-07-02,Support
6758,FirstName6758,LastName6758,36758,Noida,2013-07-03,Admin
6759,FirstName6759,LastName6759,36759,Gurgaon,2013-07-04,Operations
6760,FirstName6760,LastName6760,36760,Mumbai,2013-07-05,IT
6761,FirstName6761,LastName6761,36761,Pune,2013-07-06,HR
6762,FirstName6762,LastName6762,36762,Bangalore,2013-07-07,Finance
6763,FirstName6763,LastName6763,36763,Hyderabad,2013-07-08,Sales
6764,FirstName6764,LastName6764,36764,Chennai,2013-07-09,Marketing
6765,FirstName6765,LastName6765,36765,Delhi,2013-07-10,Support
6766,FirstName6766,LastName6766,36766,Noida,2013-07-11,Admin
6767,FirstName6767,LastName6767,36767,Gurgaon,2013-07-12,Operations
6768,FirstName6768,LastName6768,36768,Mumbai,2013-07-13,IT
6769,FirstName6769,LastName6769,36769,Pune,2013-07-14,HR
6770,FirstName6770,LastName6770,36770,Bangalore,2013-07-15,Finance
6771,FirstName6771,LastName6771,36771,Hyderabad,2013-07-16,Sales
6772,FirstName6772,LastName6772,36772,Chennai,2013-07-17,Marketing
6773,FirstName6773,LastName6773,36773,Delhi,2013-07-18,Support
6774,FirstName6774,LastName6774,36774,Noida,2013-07-19,Admin
6775,FirstName6775,LastName6775,36775,Gurgaon,2013-07-20,Operations
6776,FirstName6776,LastName6776,36776,Mumbai,2013-07-21,IT
6777,FirstName6777,LastName6777,36777,Pune,2013-07-22,HR
6778,FirstName6778,LastName6778,36778,Bangalore,2013-07-23,Finance
6779,FirstName6779,LastName6779,36779,Hyderabad,2013-07-24,Sales
6780,FirstName6780,LastName6780,36780,Chennai,2013-07-25,Marketing
6781,FirstName6781,LastName6781,36781,Delhi,2013-07-26,Support
6782,FirstName6782,LastName6782,36782,Noida,2013-07-27,Admin
6783,FirstName6783,LastName6783,36783,Gurgaon,2013-07-28,Operations
6784,FirstName6784,LastName6784,36784,Mumbai,2013-07-29,IT
6785,FirstName6785,LastName6785,36785,Pune,2013-07-30,HR
6786,FirstName6786,LastName6786,36786,Bangalore,2013-07-31,Finance
6787,FirstName6787,LastName6787,36787,Hyderabad,2013-08-01,Sales
6788,FirstName6788,LastName6788,36788,Chennai,2013-08-02,Marketing
6789,FirstName6789,LastName6789,36789,Delhi,2013-08-03,Support
6790,FirstName6790,LastName6790,36790,Noida,2013-08-04,Admin
6791,FirstName6791,LastName6791,36791,Gurgaon,2013-08-05,Operations
6792,FirstName6792,LastName6792,36792,Mumbai,2013-08-06,IT
6793,FirstName6793,LastName6793,36793,Pune,2013-08-07,HR
6794,FirstName6794,LastName6794,36794,Bangalore,2013-08-08,Finance
6795,FirstName6795,LastName6795,36795,Hyderabad,2013-08-09,Sales
6796,FirstName6796,LastName6796,36796,Chennai,2013-08-10,Marketing
6797,FirstName6797,LastName6797,36797,Delhi,2013-08-11,Support
6798,FirstName6798,LastName6798,36798,Noida,2013-08-12,Admin
6799,FirstName6799,LastName6799,36799,Gurgaon,2013-08-13,Operations
6800,FirstName6800,LastName6800,36800,Mumbai,2013-08-14,IT
6801,FirstName6801,LastName6801,36801,Pune,2013-08-15,HR
6802,FirstName6802,LastName6802,36802,Bangalore,2013-08-16,Finance
6803,FirstName6803,LastName6803,36803,Hyderabad,2013-08-17,Sales
6804,FirstName6804,LastName6804,36804,Chennai,2013-08-18,Marketing
6805,FirstName6805,LastName6805,36805,Delhi,2013-08-19,Support
6806,FirstName6806,LastName6806,36806,Noida,2013-08-20,Admin
6807,FirstName6807,LastName6807,36807,Gurgaon,2013-08-21,Operations
6808,FirstName6808,LastName6808,36808,Mumbai,2013-08-22,IT
6809,FirstName6809,LastName6809,36809,Pune,2013-08-23,HR
6810,FirstName6810,LastName6810,36810,Bangalore,2013-08-24,Finance
6811,FirstName6811,LastName6811,36811,Hyderabad,2013-08-25,Sales
6812,FirstName6812,LastName6812,36812,Chennai,2013-08-26,Marketing
6813,FirstName6813,LastName6813,36813,Delhi,2013-08-27,Support
6814,FirstName6814,LastName6814,36814,Noida,2013-08-28,Admin
6815,FirstName6815,LastName6815,36815,Gurgaon,2013-08-29,Operations
6816,FirstName6816,LastName6816,36816,Mumbai,2013-08-30,IT
6817,FirstName6817,LastName6817,36817,Pune,2013-08-31,HR
6818,FirstName6818,LastName6818,36818,Bangalore,2013-09-01,Finance
6819,FirstName6819,LastName6819,36819,Hyderabad,2013-09-02,Sales
6820,FirstName6820,LastName6820,36820,Chennai,2013-09-03,Marketing
6821,FirstName6821,LastName6821,36821,Delhi,2013-09-04,Support
6822,FirstName6822,LastName6822,36822,Noida,2013-09-05,Admin
6823,FirstName6823,LastName6823,36823,Gurgaon,2013-09-06,Operations
6824,FirstName6824,LastName6824,36824,Mumbai,2013-09-07,IT
6825,FirstName6825,LastName6825,36825,Pune,2013-09-08,HR
6826,FirstName6826,LastName6826,36826,Bangalore,2013-09-09,Finance
6827,FirstName6827,LastName6827,36827,Hyderabad,2013-09-10,Sales
6828,FirstName6828,LastName6828,36828,Chennai,2013-09-11,Marketing
6829,FirstName6829,LastName6829,36829,Delhi,2013-09-12,Support
6830,FirstName6830,LastName6830,36830,Noida,2013-09-13,Admin
6831,FirstName6831,LastName6831,36831,Gurgaon,2013-09-14,Operations
6832,FirstName6832,LastName6832,36832,Mumbai,2013-09-15,IT
6833,FirstName6833,LastName6833,36833,Pune,2013-09-16,HR
6834,FirstName6834,LastName6834,36834,Bangalore,2013-09-17,Finance
6835,FirstName6835,LastName6835,36835,Hyderabad,2013-09-18,Sales
6836,FirstName6836,LastName6836,36836,Chennai,2013-09-19,Marketing
6837,FirstName6837,LastName6837,36837,Delhi,2013-09-20,Support
6838,FirstName6838,LastName6838,36838,Noida,2013-09-21,Admin
6839,FirstName6839,LastName6839,36839,Gurgaon,2013-09-22,Operations
6840,FirstName6840,LastName6840,36840,Mumbai,2013-09-23,IT
6841,FirstName6841,LastName6841,36841,Pune,2013-09-24,HR
6842,FirstName6842,LastName6842,36842,Bangalore,2013-09-25,Finance
6843,FirstName6843,LastName6843,36843,Hyderabad,2013-09-26,Sales
6844,FirstName6844,LastName6844,36844,Chennai,2013-09-27,Marketing
6845,FirstName6845,LastName6845,36845,Delhi,2013-09-28,Support
6846,FirstName6846,LastName6846,36846,Noida,2013-09-29,Admin
6847,FirstName6847,LastName6847,36847,Gurgaon,2013-09-30,Operations
6848,FirstName6848,LastName6848,36848,Mumbai,2013-10-01,IT
6849,FirstName6849,LastName6849,36849,Pune,2013-10-02,HR
6850,FirstName6850,LastName6850,36850,Bangalore,2013-10-03,Finance
6851,FirstName6851,LastName6851,36851,Hyderabad,2013-10-04,Sales
6852,FirstName6852,LastName6852,36852,Chennai,2013-10-05,Marketing
6853,FirstName6853,LastName6853,36853,Delhi,2013-10-06,Support
6854,FirstName6854,LastName6854,36854,Noida,2013-10-07,Admin
6855,FirstName6855,LastName6855,36855,Gurgaon,2013-10-08,Operations
6856,FirstName6856,LastName6856,36856,Mumbai,2013-10-09,IT
6857,FirstName6857,LastName6857,36857,Pune,2013-10-10,HR
6858,FirstName6858,LastName6858,36858,Bangalore,2013-10-11,Finance
6859,FirstName6859,LastName6859,36859,Hyderabad,2013-10-12,Sales
6860,FirstName6860,LastName6860,36860,Chennai,2013-10-13,Marketing
6861,FirstName6861,LastName6861,36861,Delhi,2013-10-14,Support
6862,FirstName6862,LastName6862,36862,Noida,2013-10-15,Admin
6863,FirstName6863,LastName6863,36863,Gurgaon,2013-10-16,Operations
6864,FirstName6864,LastName6864,36864,Mumbai,2013-10-17,IT
6865,FirstName6865,LastName6865,36865,Pune,2013-10-18,HR
6866,FirstName6866,LastName6866,36866,Bangalore,2013-10-19,Finance
6867,FirstName6867,LastName6867,36867,Hyderabad,2013-10-20,Sales
6868,FirstName6868,LastName6868,36868,Chennai,2013-10-21,Marketing
6869,FirstName6869,LastName6869,36869,Delhi,2013-10-22,Support
6870,FirstName6870,LastName6870,36870,Noida,2013-10-23,Admin
6871,FirstName6871,LastName6871,36871,Gurgaon,2013-10-24,Operations
6872,FirstName6872,LastName6872,36872,Mumbai,2013-10-25,IT
6873,FirstName6873,LastName6873,36873,Pune,2013-10-26,HR
6874,FirstName6874,LastName6874,36874,Bangalore,2013-10-27,Finance
6875,FirstName6875,LastName6875,36875,Hyderabad,2013-10-28,Sales
6876,FirstName6876,LastName6876,36876,Chennai,2013-10-29,Marketing
6877,FirstName6877,LastName6877,36877,Delhi,2013-10-30,Support
6878,FirstName6878,LastName6878,36878,Noida,2013-10-31,Admin
6879,FirstName6879,LastName6879,36879,Gurgaon,2013-11-01,Operations
6880,FirstName6880,LastName6880,36880,Mumbai,2013-11-02,IT
6881,FirstName6881,LastName6881,36881,Pune,2013-11-03,HR
6882,FirstName6882,LastName6882,36882,Bangalore,2013-11-04,Finance
6883,FirstName6883,LastName6883,36883,Hyderabad,2013-11-05,Sales
6884,FirstName6884,LastName6884,36884,Chennai,2013-11-06,Marketing
6885,FirstName6885,LastName6885,36885,Delhi,2013-11-07,Support
6886,FirstName6886,LastName6886,36886,Noida,2013-11-08,Admin
6887,FirstName6887,LastName6887,36887,Gurgaon,2013-11-09,Operations
6888,FirstName6888,LastName6888,36888,Mumbai,2013-11-10,IT
6889,FirstName6889,LastName6889,36889,Pune,2013-11-11,HR
6890,FirstName6890,LastName6890,36890,Bangalore,2013-11-12,Finance
6891,FirstName6891,LastName6891,36891,Hyderabad,2013-11-13,Sales
6892,FirstName6892,LastName6892,36892,Chennai,2013-11-14,Marketing
6893,FirstName6893,LastName6893,36893,Delhi,2013-11-15,Support
6894,FirstName6894,LastName6894,36894,Noida,2013-11-16,Admin
6895,FirstName6895,LastName6895,36895,Gurgaon,2013-11-17,Operations
6896,FirstName6896,LastName6896,36896,Mumbai,2013-11-18,IT
6897,FirstName6897,LastName6897,36897,Pune,2013-11-19,HR
6898,FirstName6898,LastName6898,36898,Bangalore,2013-11-20,Finance
6899,FirstName6899,LastName6899,36899,Hyderabad,2013-11-21,Sales
6900,FirstName6900,LastName6900,36900,Chennai,2013-11-22,Marketing
6901,FirstName6901,LastName6901,36901,Delhi,2013-11-23,Support
6902,FirstName6902,LastName6902,36902,Noida,2013-11-24,Admin
6903,FirstName6903,LastName6903,36903,Gurgaon,2013-11-25,Operations
6904,FirstName6904,LastName6904,36904,Mumbai,2013-11-26,IT
6905,FirstName6905,LastName6905,36905,Pune,2013-11-27,HR
6906,FirstName6906,LastName6906,36906,Bangalore,2013-11-28,Finance
6907,FirstName6907,LastName6907,36907,Hyderabad,2013-11-29,Sales
6908,FirstName6908,LastName6908,36908,Chennai,2013-11-30,Marketing
6909,FirstName6909,LastName6909,36909,Delhi,2013-12-01,Support
6910,FirstName6910,LastName6910,36910,Noida,2013-12-02,Admin
6911,FirstName6911,LastName6911,36911,Gurgaon,2013-12-03,Operations
6912,FirstName6912,LastName6912,36912,Mumbai,2013-12-04,IT
6913,FirstName6913,LastName6913,36913,Pune,2013-12-05,HR
6914,FirstName6914,LastName6914,36914,Bangalore,2013-12-06,Finance
6915,FirstName6915,LastName6915,36915,Hyderabad,2013-12-07,Sales
6916,FirstName6916,LastName6916,36916,Chennai,2013-12-08,Marketing
6917,FirstName6917,LastName6917,36917,Delhi,2013-12-09,Support
6918,FirstName6918,LastName6918,36918,Noida,2013-12-10,Admin
6919,FirstName6919,LastName6919,36919,Gurgaon,2013-12-11,Operations
6920,FirstName6920,LastName6920,36920,Mumbai,2013-12-12,IT
6921,FirstName6921,LastName6921,36921,Pune,2013-12-13,HR
6922,FirstName6922,LastName6922,36922,Bangalore,2013-12-14,Finance
6923,FirstName6923,LastName6923,36923,Hyderabad,2013-12-15,Sales
6924,FirstName6924,LastName6924,36924,Chennai,2013-12-16,Marketing
6925,FirstName6925,LastName6925,36925,Delhi,2013-12-17,Support
6926,FirstName6926,LastName6926,36926,Noida,2013-12-18,Admin
6927,FirstName6927,LastName6927,36927,Gurgaon,2013-12-19,Operations
6928,FirstName6928,LastName6928,36928,Mumbai,2013-12-20,IT
6929,FirstName6929,LastName6929,36929,Pune,2013-12-21,HR
6930,FirstName6930,LastName6930,36930,Bangalore,2013-12-22,Finance
6931,FirstName6931,LastName6931,36931,Hyderabad,2013-12-23,Sales
6932,FirstName6932,LastName6932,36932,Chennai,2013-12-24,Marketing
6933,FirstName6933,LastName6933,36933,Delhi,2013-12-25,Support
6934,FirstName6934,LastName6934,36934,Noida,2013-12-26,Admin
6935,FirstName6935,LastName6935,36935,Gurgaon,2013-12-27,Operations
6936,FirstName6936,LastName6936,36936,Mumbai,2013-12-28,IT
6937,FirstName6937,LastName6937,36937,Pune,2013-12-29,HR
6938,FirstName6938,LastName6938,36938,Bangalore,2013-12-30,Finance
6939,FirstName6939,LastName6939,36939,Hyderabad,2013-12-31,Sales
6940,FirstName6940,LastName6940,36940,Chennai,2014-01-01,Marketing
6941,FirstName6941,LastName6941,36941,Delhi,2014-01-02,Support
6942,FirstName6942,LastName6942,36942,Noida,2014-01-03,Admin
6943,FirstName6943,LastName6943,36943,Gurgaon,2014-01-04,Operations
6944,FirstName6944,LastName6944,36944,Mumbai,2014-01-05,IT
6945,FirstName6945,LastName6945,36945,Pune,2014-01-06,HR
6946,FirstName6946,LastName6946,36946,Bangalore,2014-01-07,Finance
6947,FirstName6947,LastName6947,36947,Hyderabad,2014-01-08,Sales
6948,FirstName6948,LastName6948,36948,Chennai,2014-01-09,Marketing
6949,FirstName6949,LastName6949,36949,Delhi,2014-01-10,Support
6950,FirstName6950,LastName6950,36950,Noida,2014-01-11,Admin
6951,FirstName6951,LastName6951,36951,Gurgaon,2014-01-12,Operations
6952,FirstName6952,LastName6952,36952,Mumbai,2014-01-13,IT
6953,FirstName6953,LastName6953,36953,Pune,2014-01-14,HR
6954,FirstName6954,LastName6954,36954,Bangalore,2014-01-15,Finance
6955,FirstName6955,LastName6955,36955,Hyderabad,2014-01-16,Sales
6956,FirstName6956,LastName6956,36956,Chennai,2014-01-17,Marketing
6957,FirstName6957,LastName6957,36957,Delhi,2014-01-18,Support
6958,FirstName6958,LastName6958,36958,Noida,2014-01-19,Admin
6959,FirstName6959,LastName6959,36959,Gurgaon,2014-01-20,Operations
6960,FirstName6960,LastName6960,36960,Mumbai,2014-01-21,IT
6961,FirstName6961,LastName6961,36961,Pune,2014-01-22,HR
6962,FirstName6962,LastName6962,36962,Bangalore,2014-01-23,Finance
6963,FirstName6963,LastName6963,36963,Hyderabad,2014-01-24,Sales
6964,FirstName6964,LastName6964,36964,Chennai,2014-01-25,Marketing
6965,FirstName6965,LastName6965,36965,Delhi,2014-01-26,Support
6966,FirstName6966,LastName6966,36966,Noida,2014-01-27,Admin
6967,FirstName6967,LastName6967,36967,Gurgaon,2014-01-28,Operations
6968,FirstName6968,LastName6968,36968,Mumbai,2014-01-29,IT
6969,FirstName6969,LastName6969,36969,Pune,2014-01-30,HR
6970,FirstName6970,LastName6970,36970,Bangalore,2014-01-31,Finance
6971,FirstName6971,LastName6971,36971,Hyderabad,2014-02-01,Sales
6972,FirstName6972,LastName6972,36972,Chennai,2014-02-02,Marketing
6973,FirstName6973,LastName6973,36973,Delhi,2014-02-03,Support
6974,FirstName6974,LastName6974,36974,Noida,2014-02-04,Admin
6975,FirstName6975,LastName6975,36975,Gurgaon,2014-02-05,Operations
6976,FirstName6976,LastName6976,36976,Mumbai,2014-02-06,IT
6977,FirstName6977,LastName6977,36977,Pune,2014-02-07,HR
6978,FirstName6978,LastName6978,36978,Bangalore,2014-02-08,Finance
6979,FirstName6979,LastName6979,36979,Hyderabad,2014-02-09,Sales
6980,FirstName6980,LastName6980,36980,Chennai,2014-02-10,Marketing
6981,FirstName6981,LastName6981,36981,Delhi,2014-02-11,Support
6982,FirstName6982,LastName6982,36982,Noida,2014-02-12,Admin
6983,FirstName6983,LastName6983,36983,Gurgaon,2014-02-13,Operations
6984,FirstName6984,LastName6984,36984,Mumbai,2014-02-14,IT
6985,FirstName6985,LastName6985,36985,Pune,2014-02-15,HR
6986,FirstName6986,LastName6986,36986,Bangalore,2014-02-16,Finance
6987,FirstName6987,LastName6987,36987,Hyderabad,2014-02-17,Sales
6988,FirstName6988,LastName6988,36988,Chennai,2014-02-18,Marketing
6989,FirstName6989,LastName6989,36989,Delhi,2014-02-19,Support
6990,FirstName6990,LastName6990,36990,Noida,2014-02-20,Admin
6991,FirstName6991,LastName6991,36991,Gurgaon,2014-02-21,Operations
6992,FirstName6992,LastName6992,36992,Mumbai,2014-02-22,IT
6993,FirstName6993,LastName6993,36993,Pune,2014-02-23,HR
6994,FirstName6994,LastName6994,36994,Bangalore,2014-02-24,Finance
6995,FirstName6995,LastName6995,36995,Hyderabad,2014-02-25,Sales
6996,FirstName6996,LastName6996,36996,Chennai,2014-02-26,Marketing
6997,FirstName6997,LastName6997,36997,Delhi,2014-02-27,Support
6998,FirstName6998,LastName6998,36998,Noida,2014-02-28,Admin
6999,FirstName6999,LastName6999,36999,Gurgaon,2014-03-01,Operations
7000,FirstName7000,LastName7000,37000,Mumbai,2014-03-02,IT
7001,FirstName7001,LastName7001,37001,Pune,2014-03-03,HR
7002,FirstName7002,LastName7002,37002,Bangalore,2014-03-04,Finance
7003,FirstName7003,LastName7003,37003,Hyderabad,2014-03-05,Sales
7004,FirstName7004,LastName7004,37004,Chennai,2014-03-06,Marketing
7005,FirstName7005,LastName7005,37005,Delhi,2014-03-07,Support
7006,FirstName7006,LastName7006,37006,Noida,2014-03-08,Admin
7007,FirstName7007,LastName7007,37007,Gurgaon,2014-03-09,Operations
7008,FirstName7008,LastName7008,37008,Mumbai,2014-03-10,IT
7009,FirstName7009,LastName7009,37009,Pune,2014-03-11,HR
7010,FirstName7010,LastName7010,37010,Bangalore,2014-03-12,Finance
7011,FirstName7011,LastName7011,37011,Hyderabad,2014-03-13,Sales
7012,FirstName7012,LastName7012,37012,Chennai,2014-03-14,Marketing
7013,FirstName7013,LastName7013,37013,Delhi,2014-03-15,Support
7014,FirstName7014,LastName7014,37014,Noida,2014-03-16,Admin
7015,FirstName7015,LastName7015,37015,Gurgaon,2014-03-17,Operations
7016,FirstName7016,LastName7016,37016,Mumbai,2014-03-18,IT
7017,FirstName7017,LastName7017,37017,Pune,2014-03-19,HR
7018,FirstName7018,LastName7018,37018,Bangalore,2014-03-20,Finance
7019,FirstName7019,LastName7019,37019,Hyderabad,2014-03-21,Sales
7020,FirstName7020,LastName7020,37020,Chennai,2014-03-22,Marketing
7021,FirstName7021,LastName7021,37021,Delhi,2014-03-23,Support
7022,FirstName7022,LastName7022,37022,Noida,2014-03-24,Admin
7023,FirstName7023,LastName7023,37023,Gurgaon,2014-03-25,Operations
7024,FirstName7024,LastName7024,37024,Mumbai,2014-03-26,IT
7025,FirstName7025,LastName7025,37025,Pune,2014-03-27,HR
7026,FirstName7026,LastName7026,37026,Bangalore,2014-03-28,Finance
7027,FirstName7027,LastName7027,37027,Hyderabad,2014-03-29,Sales
7028,FirstName7028,LastName7028,37028,Chennai,2014-03-30,Marketing
7029,FirstName7029,LastName7029,37029,Delhi,2014-03-31,Support
7030,FirstName7030,LastName7030,37030,Noida,2014-04-01,Admin
7031,FirstName7031,LastName7031,37031,Gurgaon,2014-04-02,Operations
7032,FirstName7032,LastName7032,37032,Mumbai,2014-04-03,IT
7033,FirstName7033,LastName7033,37033,Pune,2014-04-04,HR
7034,FirstName7034,LastName7034,37034,Bangalore,2014-04-05,Finance
7035,FirstName7035,LastName7035,37035,Hyderabad,2014-04-06,Sales
7036,FirstName7036,LastName7036,37036,Chennai,2014-04-07,Marketing
7037,FirstName7037,LastName7037,37037,Delhi,2014-04-08,Support
7038,FirstName7038,LastName7038,37038,Noida,2014-04-09,Admin
7039,FirstName7039,LastName7039,37039,Gurgaon,2014-04-10,Operations
7040,FirstName7040,LastName7040,37040,Mumbai,2014-04-11,IT
7041,FirstName7041,LastName7041,37041,Pune,2014-04-12,HR
7042,FirstName7042,LastName7042,37042,Bangalore,2014-04-13,Finance
7043,FirstName7043,LastName7043,37043,Hyderabad,2014-04-14,Sales
7044,FirstName7044,LastName7044,37044,Chennai,2014-04-15,Marketing
7045,FirstName7045,LastName7045,37045,Delhi,2014-04-16,Support
7046,FirstName7046,LastName7046,37046,Noida,2014-04-17,Admin
7047,FirstName7047,LastName7047,37047,Gurgaon,2014-04-18,Operations
7048,FirstName7048,LastName7048,37048,Mumbai,2014-04-19,IT
7049,FirstName7049,LastName7049,37049,Pune,2014-04-20,HR
7050,FirstName7050,LastName7050,37050,Bangalore,2014-04-21,Finance
7051,FirstName7051,LastName7051,37051,Hyderabad,2014-04-22,Sales
7052,FirstName7052,LastName7052,37052,Chennai,2014-04-23,Marketing
7053,FirstName7053,LastName7053,37053,Delhi,2014-04-24,Support
7054,FirstName7054,LastName7054,37054,Noida,2014-04-25,Admin
7055,FirstName7055,LastName7055,37055,Gurgaon,2014-04-26,Operations
7056,FirstName7056,LastName7056,37056,Mumbai,2014-04-27,IT
7057,FirstName7057,LastName7057,37057,Pune,2014-04-28,HR
7058,FirstName7058,LastName7058,37058,Bangalore,2014-04-29,Finance
7059,FirstName7059,LastName7059,37059,Hyderabad,2014-04-30,Sales
7060,FirstName7060,LastName7060,37060,Chennai,2014-05-01,Marketing
7061,FirstName7061,LastName7061,37061,Delhi,2014-05-02,Support
7062,FirstName7062,LastName7062,37062,Noida,2014-05-03,Admin
7063,FirstName7063,LastName7063,37063,Gurgaon,2014-05-04,Operations
7064,FirstName7064,LastName7064,37064,Mumbai,2014-05-05,IT
7065,FirstName7065,LastName7065,37065,Pune,2014-05-06,HR
7066,FirstName7066,LastName7066,37066,Bangalore,2014-05-07,Finance
7067,FirstName7067,LastName7067,37067,Hyderabad,2014-05-08,Sales
7068,FirstName7068,LastName7068,37068,Chennai,2014-05-09,Marketing
7069,FirstName7069,LastName7069,37069,Delhi,2014-05-10,Support
7070,FirstName7070,LastName7070,37070,Noida,2014-05-11,Admin
7071,FirstName7071,LastName7071,37071,Gurgaon,2014-05-12,Operations
7072,FirstName7072,LastName7072,37072,Mumbai,2014-05-13,IT
7073,FirstName7073,LastName7073,37073,Pune,2014-05-14,HR
7074,FirstName7074,LastName7074,37074,Bangalore,2014-05-15,Finance
7075,FirstName7075,LastName7075,37075,Hyderabad,2014-05-16,Sales
7076,FirstName7076,LastName7076,37076,Chennai,2014-05-17,Marketing
7077,FirstName7077,LastName7077,37077,Delhi,2014-05-18,Support
7078,FirstName7078,LastName7078,37078,Noida,2014-05-19,Admin
7079,FirstName7079,LastName7079,37079,Gurgaon,2014-05-20,Operations
7080,FirstName7080,LastName7080,37080,Mumbai,2014-05-21,IT
7081,FirstName7081,LastName7081,37081,Pune,2014-05-22,HR
7082,FirstName7082,LastName7082,37082,Bangalore,2014-05-23,Finance
7083,FirstName7083,LastName7083,37083,Hyderabad,2014-05-24,Sales
7084,FirstName7084,LastName7084,37084,Chennai,2014-05-25,Marketing
7085,FirstName7085,LastName7085,37085,Delhi,2014-05-26,Support
7086,FirstName7086,LastName7086,37086,Noida,2014-05-27,Admin
7087,FirstName7087,LastName7087,37087,Gurgaon,2014-05-28,Operations
7088,FirstName7088,LastName7088,37088,Mumbai,2014-05-29,IT
7089,FirstName7089,LastName7089,37089,Pune,2014-05-30,HR
7090,FirstName7090,LastName7090,37090,Bangalore,2014-05-31,Finance
7091,FirstName7091,LastName7091,37091,Hyderabad,2014-06-01,Sales
7092,FirstName7092,LastName7092,37092,Chennai,2014-06-02,Marketing
7093,FirstName7093,LastName7093,37093,Delhi,2014-06-03,Support
7094,FirstName7094,LastName7094,37094,Noida,2014-06-04,Admin
7095,FirstName7095,LastName7095,37095,Gurgaon,2014-06-05,Operations
7096,FirstName7096,LastName7096,37096,Mumbai,2014-06-06,IT
7097,FirstName7097,LastName7097,37097,Pune,2014-06-07,HR
7098,FirstName7098,LastName7098,37098,Bangalore,2014-06-08,Finance
7099,FirstName7099,LastName7099,37099,Hyderabad,2014-06-09,Sales
7100,FirstName7100,LastName7100,37100,Chennai,2014-06-10,Marketing
7101,FirstName7101,LastName7101,37101,Delhi,2014-06-11,Support
7102,FirstName7102,LastName7102,37102,Noida,2014-06-12,Admin
7103,FirstName7103,LastName7103,37103,Gurgaon,2014-06-13,Operations
7104,FirstName7104,LastName7104,37104,Mumbai,2014-06-14,IT
7105,FirstName7105,LastName7105,37105,Pune,2014-06-15,HR
7106,FirstName7106,LastName7106,37106,Bangalore,2014-06-16,Finance
7107,FirstName7107,LastName7107,37107,Hyderabad,2014-06-17,Sales
7108,FirstName7108,LastName7108,37108,Chennai,2014-06-18,Marketing
7109,FirstName7109,LastName7109,37109,Delhi,2014-06-19,Support
7110,FirstName7110,LastName7110,37110,Noida,2014-06-20,Admin
7111,FirstName7111,LastName7111,37111,Gurgaon,2014-06-21,Operations
7112,FirstName7112,LastName7112,37112,Mumbai,2014-06-22,IT
7113,FirstName7113,LastName7113,37113,Pune,2014-06-23,HR
7114,FirstName7114,LastName7114,37114,Bangalore,2014-06-24,Finance
7115,FirstName7115,LastName7115,37115,Hyderabad,2014-06-25,Sales
7116,FirstName7116,LastName7116,37116,Chennai,2014-06-26,Marketing
7117,FirstName7117,LastName7117,37117,Delhi,2014-06-27,Support
7118,FirstName7118,LastName7118,37118,Noida,2014-06-28,Admin
7119,FirstName7119,LastName7119,37119,Gurgaon,2014-06-29,Operations
7120,FirstName7120,LastName7120,37120,Mumbai,2014-06-30,IT
7121,FirstName7121,LastName7121,37121,Pune,2014-07-01,HR
7122,FirstName7122,LastName7122,37122,Bangalore,2014-07-02,Finance
7123,FirstName7123,LastName7123,37123,Hyderabad,2014-07-03,Sales
7124,FirstName7124,LastName7124,37124,Chennai,2014-07-04,Marketing
7125,FirstName7125,LastName7125,37125,Delhi,2014-07-05,Support
7126,FirstName7126,LastName7126,37126,Noida,2014-07-06,Admin
7127,FirstName7127,LastName7127,37127,Gurgaon,2014-07-07,Operations
7128,FirstName7128,LastName7128,37128,Mumbai,2014-07-08,IT
7129,FirstName7129,LastName7129,37129,Pune,2014-07-09,HR
7130,FirstName7130,LastName7130,37130,Bangalore,2014-07-10,Finance
7131,FirstName7131,LastName7131,37131,Hyderabad,2014-07-11,Sales
7132,FirstName7132,LastName7132,37132,Chennai,2014-07-12,Marketing
7133,FirstName7133,LastName7133,37133,Delhi,2014-07-13,Support
7134,FirstName7134,LastName7134,37134,Noida,2014-07-14,Admin
7135,FirstName7135,LastName7135,37135,Gurgaon,2014-07-15,Operations
7136,FirstName7136,LastName7136,37136,Mumbai,2014-07-16,IT
7137,FirstName7137,LastName7137,37137,Pune,2014-07-17,HR
7138,FirstName7138,LastName7138,37138,Bangalore,2014-07-18,Finance
7139,FirstName7139,LastName7139,37139,Hyderabad,2014-07-19,Sales
7140,FirstName7140,LastName7140,37140,Chennai,2014-07-20,Marketing
7141,FirstName7141,LastName7141,37141,Delhi,2014-07-21,Support
7142,FirstName7142,LastName7142,37142,Noida,2014-07-22,Admin
7143,FirstName7143,LastName7143,37143,Gurgaon,2014-07-23,Operations
7144,FirstName7144,LastName7144,37144,Mumbai,2014-07-24,IT
7145,FirstName7145,LastName7145,37145,Pune,2014-07-25,HR
7146,FirstName7146,LastName7146,37146,Bangalore,2014-07-26,Finance
7147,FirstName7147,LastName7147,37147,Hyderabad,2014-07-27,Sales
7148,FirstName7148,LastName7148,37148,Chennai,2014-07-28,Marketing
7149,FirstName7149,LastName7149,37149,Delhi,2014-07-29,Support
7150,FirstName7150,LastName7150,37150,Noida,2014-07-30,Admin
7151,FirstName7151,LastName7151,37151,Gurgaon,2014-07-31,Operations
7152,FirstName7152,LastName7152,37152,Mumbai,2014-08-01,IT
7153,FirstName7153,LastName7153,37153,Pune,2014-08-02,HR
7154,FirstName7154,LastName7154,37154,Bangalore,2014-08-03,Finance
7155,FirstName7155,LastName7155,37155,Hyderabad,2014-08-04,Sales
7156,FirstName7156,LastName7156,37156,Chennai,2014-08-05,Marketing
7157,FirstName7157,LastName7157,37157,Delhi,2014-08-06,Support
7158,FirstName7158,LastName7158,37158,Noida,2014-08-07,Admin
7159,FirstName7159,LastName7159,37159,Gurgaon,2014-08-08,Operations
7160,FirstName7160,LastName7160,37160,Mumbai,2014-08-09,IT
7161,FirstName7161,LastName7161,37161,Pune,2014-08-10,HR
7162,FirstName7162,LastName7162,37162,Bangalore,2014-08-11,Finance
7163,FirstName7163,LastName7163,37163,Hyderabad,2014-08-12,Sales
7164,FirstName7164,LastName7164,37164,Chennai,2014-08-13,Marketing
7165,FirstName7165,LastName7165,37165,Delhi,2014-08-14,Support
7166,FirstName7166,LastName7166,37166,Noida,2014-08-15,Admin
7167,FirstName7167,LastName7167,37167,Gurgaon,2014-08-16,Operations
7168,FirstName7168,LastName7168,37168,Mumbai,2014-08-17,IT
7169,FirstName7169,LastName7169,37169,Pune,2014-08-18,HR
7170,FirstName7170,LastName7170,37170,Bangalore,2014-08-19,Finance
7171,FirstName7171,LastName7171,37171,Hyderabad,2014-08-20,Sales
7172,FirstName7172,LastName7172,37172,Chennai,2014-08-21,Marketing
7173,FirstName7173,LastName7173,37173,Delhi,2014-08-22,Support
7174,FirstName7174,LastName7174,37174,Noida,2014-08-23,Admin
7175,FirstName7175,LastName7175,37175,Gurgaon,2014-08-24,Operations
7176,FirstName7176,LastName7176,37176,Mumbai,2014-08-25,IT
7177,FirstName7177,LastName7177,37177,Pune,2014-08-26,HR
7178,FirstName7178,LastName7178,37178,Bangalore,2014-08-27,Finance
7179,FirstName7179,LastName7179,37179,Hyderabad,2014-08-28,Sales
7180,FirstName7180,LastName7180,37180,Chennai,2014-08-29,Marketing
7181,FirstName7181,LastName7181,37181,Delhi,2014-08-30,Support
7182,FirstName7182,LastName7182,37182,Noida,2014-08-31,Admin
7183,FirstName7183,LastName7183,37183,Gurgaon,2014-09-01,Operations
7184,FirstName7184,LastName7184,37184,Mumbai,2014-09-02,IT
7185,FirstName7185,LastName7185,37185,Pune,2014-09-03,HR
7186,FirstName7186,LastName7186,37186,Bangalore,2014-09-04,Finance
7187,FirstName7187,LastName7187,37187,Hyderabad,2014-09-05,Sales
7188,FirstName7188,LastName7188,37188,Chennai,2014-09-06,Marketing
7189,FirstName7189,LastName7189,37189,Delhi,2014-09-07,Support
7190,FirstName7190,LastName7190,37190,Noida,2014-09-08,Admin
7191,FirstName7191,LastName7191,37191,Gurgaon,2014-09-09,Operations
7192,FirstName7192,LastName7192,37192,Mumbai,2014-09-10,IT
7193,FirstName7193,LastName7193,37193,Pune,2014-09-11,HR
7194,FirstName7194,LastName7194,37194,Bangalore,2014-09-12,Finance
7195,FirstName7195,LastName7195,37195,Hyderabad,2014-09-13,Sales
7196,FirstName7196,LastName7196,37196,Chennai,2014-09-14,Marketing
7197,FirstName7197,LastName7197,37197,Delhi,2014-09-15,Support
7198,FirstName7198,LastName7198,37198,Noida,2014-09-16,Admin
7199,FirstName7199,LastName7199,37199,Gurgaon,2014-09-17,Operations
7200,FirstName7200,LastName7200,37200,Mumbai,2014-09-18,IT
7201,FirstName7201,LastName7201,37201,Pune,2014-09-19,HR
7202,FirstName7202,LastName7202,37202,Bangalore,2014-09-20,Finance
7203,FirstName7203,LastName7203,37203,Hyderabad,2014-09-21,Sales
7204,FirstName7204,LastName7204,37204,Chennai,2014-09-22,Marketing
7205,FirstName7205,LastName7205,37205,Delhi,2014-09-23,Support
7206,FirstName7206,LastName7206,37206,Noida,2014-09-24,Admin
7207,FirstName7207,LastName7207,37207,Gurgaon,2014-09-25,Operations
7208,FirstName7208,LastName7208,37208,Mumbai,2014-09-26,IT
7209,FirstName7209,LastName7209,37209,Pune,2014-09-27,HR
7210,FirstName7210,LastName7210,37210,Bangalore,2014-09-28,Finance
7211,FirstName7211,LastName7211,37211,Hyderabad,2014-09-29,Sales
7212,FirstName7212,LastName7212,37212,Chennai,2014-09-30,Marketing
7213,FirstName7213,LastName7213,37213,Delhi,2014-10-01,Support
7214,FirstName7214,LastName7214,37214,Noida,2014-10-02,Admin
7215,FirstName7215,LastName7215,37215,Gurgaon,2014-10-03,Operations
7216,FirstName7216,LastName7216,37216,Mumbai,2014-10-04,IT
7217,FirstName7217,LastName7217,37217,Pune,2014-10-05,HR
7218,FirstName7218,LastName7218,37218,Bangalore,2014-10-06,Finance
7219,FirstName7219,LastName7219,37219,Hyderabad,2014-10-07,Sales
7220,FirstName7220,LastName7220,37220,Chennai,2014-10-08,Marketing
7221,FirstName7221,LastName7221,37221,Delhi,2014-10-09,Support
7222,FirstName7222,LastName7222,37222,Noida,2014-10-10,Admin
7223,FirstName7223,LastName7223,37223,Gurgaon,2014-10-11,Operations
7224,FirstName7224,LastName7224,37224,Mumbai,2014-10-12,IT
7225,FirstName7225,LastName7225,37225,Pune,2014-10-13,HR
7226,FirstName7226,LastName7226,37226,Bangalore,2014-10-14,Finance
7227,FirstName7227,LastName7227,37227,Hyderabad,2014-10-15,Sales
7228,FirstName7228,LastName7228,37228,Chennai,2014-10-16,Marketing
7229,FirstName7229,LastName7229,37229,Delhi,2014-10-17,Support
7230,FirstName7230,LastName7230,37230,Noida,2014-10-18,Admin
7231,FirstName7231,LastName7231,37231,Gurgaon,2014-10-19,Operations
7232,FirstName7232,LastName7232,37232,Mumbai,2014-10-20,IT
7233,FirstName7233,LastName7233,37233,Pune,2014-10-21,HR
7234,FirstName7234,LastName7234,37234,Bangalore,2014-10-22,Finance
7235,FirstName7235,LastName7235,37235,Hyderabad,2014-10-23,Sales
7236,FirstName7236,LastName7236,37236,Chennai,2014-10-24,Marketing
7237,FirstName7237,LastName7237,37237,Delhi,2014-10-25,Support
7238,FirstName7238,LastName7238,37238,Noida,2014-10-26,Admin
7239,FirstName7239,LastName7239,37239,Gurgaon,2014-10-27,Operations
7240,FirstName7240,LastName7240,37240,Mumbai,2014-10-28,IT
7241,FirstName7241,LastName7241,37241,Pune,2014-10-29,HR
7242,FirstName7242,LastName7242,37242,Bangalore,2014-10-30,Finance
7243,FirstName7243,LastName7243,37243,Hyderabad,2014-10-31,Sales
7244,FirstName7244,LastName7244,37244,Chennai,2014-11-01,Marketing
7245,FirstName7245,LastName7245,37245,Delhi,2014-11-02,Support
7246,FirstName7246,LastName7246,37246,Noida,2014-11-03,Admin
7247,FirstName7247,LastName7247,37247,Gurgaon,2014-11-04,Operations
7248,FirstName7248,LastName7248,37248,Mumbai,2014-11-05,IT
7249,FirstName7249,LastName7249,37249,Pune,2014-11-06,HR
7250,FirstName7250,LastName7250,37250,Bangalore,2014-11-07,Finance
7251,FirstName7251,LastName7251,37251,Hyderabad,2014-11-08,Sales
7252,FirstName7252,LastName7252,37252,Chennai,2014-11-09,Marketing
7253,FirstName7253,LastName7253,37253,Delhi,2014-11-10,Support
7254,FirstName7254,LastName7254,37254,Noida,2014-11-11,Admin
7255,FirstName7255,LastName7255,37255,Gurgaon,2014-11-12,Operations
7256,FirstName7256,LastName7256,37256,Mumbai,2014-11-13,IT
7257,FirstName7257,LastName7257,37257,Pune,2014-11-14,HR
7258,FirstName7258,LastName7258,37258,Bangalore,2014-11-15,Finance
7259,FirstName7259,LastName7259,37259,Hyderabad,2014-11-16,Sales
7260,FirstName7260,LastName7260,37260,Chennai,2014-11-17,Marketing
7261,FirstName7261,LastName7261,37261,Delhi,2014-11-18,Support
7262,FirstName7262,LastName7262,37262,Noida,2014-11-19,Admin
7263,FirstName7263,LastName7263,37263,Gurgaon,2014-11-20,Operations
7264,FirstName7264,LastName7264,37264,Mumbai,2014-11-21,IT
7265,FirstName7265,LastName7265,37265,Pune,2014-11-22,HR
7266,FirstName7266,LastName7266,37266,Bangalore,2014-11-23,Finance
7267,FirstName7267,LastName7267,37267,Hyderabad,2014-11-24,Sales
7268,FirstName7268,LastName7268,37268,Chennai,2014-11-25,Marketing
7269,FirstName7269,LastName7269,37269,Delhi,2014-11-26,Support
7270,FirstName7270,LastName7270,37270,Noida,2014-11-27,Admin
7271,FirstName7271,LastName7271,37271,Gurgaon,2014-11-28,Operations
7272,FirstName7272,LastName7272,37272,Mumbai,2014-11-29,IT
7273,FirstName7273,LastName7273,37273,Pune,2014-11-30,HR
7274,FirstName7274,LastName7274,37274,Bangalore,2014-12-01,Finance
7275,FirstName7275,LastName7275,37275,Hyderabad,2014-12-02,Sales
7276,FirstName7276,LastName7276,37276,Chennai,2014-12-03,Marketing
7277,FirstName7277,LastName7277,37277,Delhi,2014-12-04,Support
7278,FirstName7278,LastName7278,37278,Noida,2014-12-05,Admin
7279,FirstName7279,LastName7279,37279,Gurgaon,2014-12-06,Operations
7280,FirstName7280,LastName7280,37280,Mumbai,2014-12-07,IT
7281,FirstName7281,LastName7281,37281,Pune,2014-12-08,HR
7282,FirstName7282,LastName7282,37282,Bangalore,2014-12-09,Finance
7283,FirstName7283,LastName7283,37283,Hyderabad,2014-12-10,Sales
7284,FirstName7284,LastName7284,37284,Chennai,2014-12-11,Marketing
7285,FirstName7285,LastName7285,37285,Delhi,2014-12-12,Support
7286,FirstName7286,LastName7286,37286,Noida,2014-12-13,Admin
7287,FirstName7287,LastName7287,37287,Gurgaon,2014-12-14,Operations
7288,FirstName7288,LastName7288,37288,Mumbai,2014-12-15,IT
7289,FirstName7289,LastName7289,37289,Pune,2014-12-16,HR
7290,FirstName7290,LastName7290,37290,Bangalore,2014-12-17,Finance
7291,FirstName7291,LastName7291,37291,Hyderabad,2014-12-18,Sales
7292,FirstName7292,LastName7292,37292,Chennai,2014-12-19,Marketing
7293,FirstName7293,LastName7293,37293,Delhi,2014-12-20,Support
7294,FirstName7294,LastName7294,37294,Noida,2014-12-21,Admin
7295,FirstName7295,LastName7295,37295,Gurgaon,2014-12-22,Operations
7296,FirstName7296,LastName7296,37296,Mumbai,2014-12-23,IT
7297,FirstName7297,LastName7297,37297,Pune,2014-12-24,HR
7298,FirstName7298,LastName7298,37298,Bangalore,2014-12-25,Finance
7299,FirstName7299,LastName7299,37299,Hyderabad,2014-12-26,Sales
7300,FirstName7300,LastName7300,37300,Chennai,2014-12-27,Marketing
7301,FirstName7301,LastName7301,37301,Delhi,2014-12-28,Support
7302,FirstName7302,LastName7302,37302,Noida,2014-12-29,Admin
7303,FirstName7303,LastName7303,37303,Gurgaon,2014-12-30,Operations
7304,FirstName7304,LastName7304,37304,Mumbai,2014-12-31,IT
7305,FirstName7305,LastName7305,37305,Pune,2015-01-01,HR
7306,FirstName7306,LastName7306,37306,Bangalore,2015-01-02,Finance
7307,FirstName7307,LastName7307,37307,Hyderabad,2015-01-03,Sales
7308,FirstName7308,LastName7308,37308,Chennai,2015-01-04,Marketing
7309,FirstName7309,LastName7309,37309,Delhi,2015-01-05,Support
7310,FirstName7310,LastName7310,37310,Noida,2015-01-06,Admin
7311,FirstName7311,LastName7311,37311,Gurgaon,2015-01-07,Operations
7312,FirstName7312,LastName7312,37312,Mumbai,2015-01-08,IT
7313,FirstName7313,LastName7313,37313,Pune,2015-01-09,HR
7314,FirstName7314,LastName7314,37314,Bangalore,2015-01-10,Finance
7315,FirstName7315,LastName7315,37315,Hyderabad,2015-01-11,Sales
7316,FirstName7316,LastName7316,37316,Chennai,2015-01-12,Marketing
7317,FirstName7317,LastName7317,37317,Delhi,2015-01-13,Support
7318,FirstName7318,LastName7318,37318,Noida,2015-01-14,Admin
7319,FirstName7319,LastName7319,37319,Gurgaon,2015-01-15,Operations
7320,FirstName7320,LastName7320,37320,Mumbai,2015-01-16,IT
7321,FirstName7321,LastName7321,37321,Pune,2015-01-17,HR
7322,FirstName7322,LastName7322,37322,Bangalore,2015-01-18,Finance
7323,FirstName7323,LastName7323,37323,Hyderabad,2015-01-19,Sales
7324,FirstName7324,LastName7324,37324,Chennai,2015-01-20,Marketing
7325,FirstName7325,LastName7325,37325,Delhi,2015-01-21,Support
7326,FirstName7326,LastName7326,37326,Noida,2015-01-22,Admin
7327,FirstName7327,LastName7327,37327,Gurgaon,2015-01-23,Operations
7328,FirstName7328,LastName7328,37328,Mumbai,2015-01-24,IT
7329,FirstName7329,LastName7329,37329,Pune,2015-01-25,HR
7330,FirstName7330,LastName7330,37330,Bangalore,2015-01-26,Finance
7331,FirstName7331,LastName7331,37331,Hyderabad,2015-01-27,Sales
7332,FirstName7332,LastName7332,37332,Chennai,2015-01-28,Marketing
7333,FirstName7333,LastName7333,37333,Delhi,2015-01-29,Support
7334,FirstName7334,LastName7334,37334,Noida,2015-01-30,Admin
7335,FirstName7335,LastName7335,37335,Gurgaon,2015-01-31,Operations
7336,FirstName7336,LastName7336,37336,Mumbai,2015-02-01,IT
7337,FirstName7337,LastName7337,37337,Pune,2015-02-02,HR
7338,FirstName7338,LastName7338,37338,Bangalore,2015-02-03,Finance
7339,FirstName7339,LastName7339,37339,Hyderabad,2015-02-04,Sales
7340,FirstName7340,LastName7340,37340,Chennai,2015-02-05,Marketing
7341,FirstName7341,LastName7341,37341,Delhi,2015-02-06,Support
7342,FirstName7342,LastName7342,37342,Noida,2015-02-07,Admin
7343,FirstName7343,LastName7343,37343,Gurgaon,2015-02-08,Operations
7344,FirstName7344,LastName7344,37344,Mumbai,2015-02-09,IT
7345,FirstName7345,LastName7345,37345,Pune,2015-02-10,HR
7346,FirstName7346,LastName7346,37346,Bangalore,2015-02-11,Finance
7347,FirstName7347,LastName7347,37347,Hyderabad,2015-02-12,Sales
7348,FirstName7348,LastName7348,37348,Chennai,2015-02-13,Marketing
7349,FirstName7349,LastName7349,37349,Delhi,2015-02-14,Support
7350,FirstName7350,LastName7350,37350,Noida,2015-02-15,Admin
7351,FirstName7351,LastName7351,37351,Gurgaon,2015-02-16,Operations
7352,FirstName7352,LastName7352,37352,Mumbai,2015-02-17,IT
7353,FirstName7353,LastName7353,37353,Pune,2015-02-18,HR
7354,FirstName7354,LastName7354,37354,Bangalore,2015-02-19,Finance
7355,FirstName7355,LastName7355,37355,Hyderabad,2015-02-20,Sales
7356,FirstName7356,LastName7356,37356,Chennai,2015-02-21,Marketing
7357,FirstName7357,LastName7357,37357,Delhi,2015-02-22,Support
7358,FirstName7358,LastName7358,37358,Noida,2015-02-23,Admin
7359,FirstName7359,LastName7359,37359,Gurgaon,2015-02-24,Operations
7360,FirstName7360,LastName7360,37360,Mumbai,2015-02-25,IT
7361,FirstName7361,LastName7361,37361,Pune,2015-02-26,HR
7362,FirstName7362,LastName7362,37362,Bangalore,2015-02-27,Finance
7363,FirstName7363,LastName7363,37363,Hyderabad,2015-02-28,Sales
7364,FirstName7364,LastName7364,37364,Chennai,2015-03-01,Marketing
7365,FirstName7365,LastName7365,37365,Delhi,2015-03-02,Support
7366,FirstName7366,LastName7366,37366,Noida,2015-03-03,Admin
7367,FirstName7367,LastName7367,37367,Gurgaon,2015-03-04,Operations
7368,FirstName7368,LastName7368,37368,Mumbai,2015-03-05,IT
7369,FirstName7369,LastName7369,37369,Pune,2015-03-06,HR
7370,FirstName7370,LastName7370,37370,Bangalore,2015-03-07,Finance
7371,FirstName7371,LastName7371,37371,Hyderabad,2015-03-08,Sales
7372,FirstName7372,LastName7372,37372,Chennai,2015-03-09,Marketing
7373,FirstName7373,LastName7373,37373,Delhi,2015-03-10,Support
7374,FirstName7374,LastName7374,37374,Noida,2015-03-11,Admin
7375,FirstName7375,LastName7375,37375,Gurgaon,2015-03-12,Operations
7376,FirstName7376,LastName7376,37376,Mumbai,2015-03-13,IT
7377,FirstName7377,LastName7377,37377,Pune,2015-03-14,HR
7378,FirstName7378,LastName7378,37378,Bangalore,2015-03-15,Finance
7379,FirstName7379,LastName7379,37379,Hyderabad,2015-03-16,Sales
7380,FirstName7380,LastName7380,37380,Chennai,2015-03-17,Marketing
7381,FirstName7381,LastName7381,37381,Delhi,2015-03-18,Support
7382,FirstName7382,LastName7382,37382,Noida,2015-03-19,Admin
7383,FirstName7383,LastName7383,37383,Gurgaon,2015-03-20,Operations
7384,FirstName7384,LastName7384,37384,Mumbai,2015-03-21,IT
7385,FirstName7385,LastName7385,37385,Pune,2015-03-22,HR
7386,FirstName7386,LastName7386,37386,Bangalore,2015-03-23,Finance
7387,FirstName7387,LastName7387,37387,Hyderabad,2015-03-24,Sales
7388,FirstName7388,LastName7388,37388,Chennai,2015-03-25,Marketing
7389,FirstName7389,LastName7389,37389,Delhi,2015-03-26,Support
7390,FirstName7390,LastName7390,37390,Noida,2015-03-27,Admin
7391,FirstName7391,LastName7391,37391,Gurgaon,2015-03-28,Operations
7392,FirstName7392,LastName7392,37392,Mumbai,2015-03-29,IT
7393,FirstName7393,LastName7393,37393,Pune,2015-03-30,HR
7394,FirstName7394,LastName7394,37394,Bangalore,2015-03-31,Finance
7395,FirstName7395,LastName7395,37395,Hyderabad,2015-04-01,Sales
7396,FirstName7396,LastName7396,37396,Chennai,2015-04-02,Marketing
7397,FirstName7397,LastName7397,37397,Delhi,2015-04-03,Support
7398,FirstName7398,LastName7398,37398,Noida,2015-04-04,Admin
7399,FirstName7399,LastName7399,37399,Gurgaon,2015-04-05,Operations
7400,FirstName7400,LastName7400,37400,Mumbai,2015-04-06,IT
7401,FirstName7401,LastName7401,37401,Pune,2015-04-07,HR
7402,FirstName7402,LastName7402,37402,Bangalore,2015-04-08,Finance
7403,FirstName7403,LastName7403,37403,Hyderabad,2015-04-09,Sales
7404,FirstName7404,LastName7404,37404,Chennai,2015-04-10,Marketing
7405,FirstName7405,LastName7405,37405,Delhi,2015-04-11,Support
7406,FirstName7406,LastName7406,37406,Noida,2015-04-12,Admin
7407,FirstName7407,LastName7407,37407,Gurgaon,2015-04-13,Operations
7408,FirstName7408,LastName7408,37408,Mumbai,2015-04-14,IT
7409,FirstName7409,LastName7409,37409,Pune,2015-04-15,HR
7410,FirstName7410,LastName7410,37410,Bangalore,2015-04-16,Finance
7411,FirstName7411,LastName7411,37411,Hyderabad,2015-04-17,Sales
7412,FirstName7412,LastName7412,37412,Chennai,2015-04-18,Marketing
7413,FirstName7413,LastName7413,37413,Delhi,2015-04-19,Support
7414,FirstName7414,LastName7414,37414,Noida,2015-04-20,Admin
7415,FirstName7415,LastName7415,37415,Gurgaon,2015-04-21,Operations
7416,FirstName7416,LastName7416,37416,Mumbai,2015-04-22,IT
7417,FirstName7417,LastName7417,37417,Pune,2015-04-23,HR
7418,FirstName7418,LastName7418,37418,Bangalore,2015-04-24,Finance
7419,FirstName7419,LastName7419,37419,Hyderabad,2015-04-25,Sales
7420,FirstName7420,LastName7420,37420,Chennai,2015-04-26,Marketing
7421,FirstName7421,LastName7421,37421,Delhi,2015-04-27,Support
7422,FirstName7422,LastName7422,37422,Noida,2015-04-28,Admin
7423,FirstName7423,LastName7423,37423,Gurgaon,2015-04-29,Operations
7424,FirstName7424,LastName7424,37424,Mumbai,2015-04-30,IT
7425,FirstName7425,LastName7425,37425,Pune,2015-05-01,HR
7426,FirstName7426,LastName7426,37426,Bangalore,2015-05-02,Finance
7427,FirstName7427,LastName7427,37427,Hyderabad,2015-05-03,Sales
7428,FirstName7428,LastName7428,37428,Chennai,2015-05-04,Marketing
7429,FirstName7429,LastName7429,37429,Delhi,2015-05-05,Support
7430,FirstName7430,LastName7430,37430,Noida,2015-05-06,Admin
7431,FirstName7431,LastName7431,37431,Gurgaon,2015-05-07,Operations
7432,FirstName7432,LastName7432,37432,Mumbai,2015-05-08,IT
7433,FirstName7433,LastName7433,37433,Pune,2015-05-09,HR
7434,FirstName7434,LastName7434,37434,Bangalore,2015-05-10,Finance
7435,FirstName7435,LastName7435,37435,Hyderabad,2015-05-11,Sales
7436,FirstName7436,LastName7436,37436,Chennai,2015-05-12,Marketing
7437,FirstName7437,LastName7437,37437,Delhi,2015-05-13,Support
7438,FirstName7438,LastName7438,37438,Noida,2015-05-14,Admin
7439,FirstName7439,LastName7439,37439,Gurgaon,2015-05-15,Operations
7440,FirstName7440,LastName7440,37440,Mumbai,2015-05-16,IT
7441,FirstName7441,LastName7441,37441,Pune,2015-05-17,HR
7442,FirstName7442,LastName7442,37442,Bangalore,2015-05-18,Finance
7443,FirstName7443,LastName7443,37443,Hyderabad,2015-05-19,Sales
7444,FirstName7444,LastName7444,37444,Chennai,2015-05-20,Marketing
7445,FirstName7445,LastName7445,37445,Delhi,2015-05-21,Support
7446,FirstName7446,LastName7446,37446,Noida,2015-05-22,Admin
7447,FirstName7447,LastName7447,37447,Gurgaon,2015-05-23,Operations
7448,FirstName7448,LastName7448,37448,Mumbai,2015-05-24,IT
7449,FirstName7449,LastName7449,37449,Pune,2015-05-25,HR
7450,FirstName7450,LastName7450,37450,Bangalore,2015-05-26,Finance
7451,FirstName7451,LastName7451,37451,Hyderabad,2015-05-27,Sales
7452,FirstName7452,LastName7452,37452,Chennai,2015-05-28,Marketing
7453,FirstName7453,LastName7453,37453,Delhi,2015-05-29,Support
7454,FirstName7454,LastName7454,37454,Noida,2015-05-30,Admin
7455,FirstName7455,LastName7455,37455,Gurgaon,2015-05-31,Operations
7456,FirstName7456,LastName7456,37456,Mumbai,2015-06-01,IT
7457,FirstName7457,LastName7457,37457,Pune,2015-06-02,HR
7458,FirstName7458,LastName7458,37458,Bangalore,2015-06-03,Finance
7459,FirstName7459,LastName7459,37459,Hyderabad,2015-06-04,Sales
7460,FirstName7460,LastName7460,37460,Chennai,2015-06-05,Marketing
7461,FirstName7461,LastName7461,37461,Delhi,2015-06-06,Support
7462,FirstName7462,LastName7462,37462,Noida,2015-06-07,Admin
7463,FirstName7463,LastName7463,37463,Gurgaon,2015-06-08,Operations
7464,FirstName7464,LastName7464,37464,Mumbai,2015-06-09,IT
7465,FirstName7465,LastName7465,37465,Pune,2015-06-10,HR
7466,FirstName7466,LastName7466,37466,Bangalore,2015-06-11,Finance
7467,FirstName7467,LastName7467,37467,Hyderabad,2015-06-12,Sales
7468,FirstName7468,LastName7468,37468,Chennai,2015-06-13,Marketing
7469,FirstName7469,LastName7469,37469,Delhi,2015-06-14,Support
7470,FirstName7470,LastName7470,37470,Noida,2015-06-15,Admin
7471,FirstName7471,LastName7471,37471,Gurgaon,2015-06-16,Operations
7472,FirstName7472,LastName7472,37472,Mumbai,2015-06-17,IT
7473,FirstName7473,LastName7473,37473,Pune,2015-06-18,HR
7474,FirstName7474,LastName7474,37474,Bangalore,2015-06-19,Finance
7475,FirstName7475,LastName7475,37475,Hyderabad,2015-06-20,Sales
7476,FirstName7476,LastName7476,37476,Chennai,2015-06-21,Marketing
7477,FirstName7477,LastName7477,37477,Delhi,2015-06-22,Support
7478,FirstName7478,LastName7478,37478,Noida,2015-06-23,Admin
7479,FirstName7479,LastName7479,37479,Gurgaon,2015-06-24,Operations
7480,FirstName7480,LastName7480,37480,Mumbai,2015-06-25,IT
7481,FirstName7481,LastName7481,37481,Pune,2015-06-26,HR
7482,FirstName7482,LastName7482,37482,Bangalore,2015-06-27,Finance
7483,FirstName7483,LastName7483,37483,Hyderabad,2015-06-28,Sales
7484,FirstName7484,LastName7484,37484,Chennai,2015-06-29,Marketing
7485,FirstName7485,LastName7485,37485,Delhi,2015-06-30,Support
7486,FirstName7486,LastName7486,37486,Noida,2015-07-01,Admin
7487,FirstName7487,LastName7487,37487,Gurgaon,2015-07-02,Operations
7488,FirstName7488,LastName7488,37488,Mumbai,2015-07-03,IT
7489,FirstName7489,LastName7489,37489,Pune,2015-07-04,HR
7490,FirstName7490,LastName7490,37490,Bangalore,2015-07-05,Finance
7491,FirstName7491,LastName7491,37491,Hyderabad,2015-07-06,Sales
7492,FirstName7492,LastName7492,37492,Chennai,2015-07-07,Marketing
7493,FirstName7493,LastName7493,37493,Delhi,2015-07-08,Support
7494,FirstName7494,LastName7494,37494,Noida,2015-07-09,Admin
7495,FirstName7495,LastName7495,37495,Gurgaon,2015-07-10,Operations
7496,FirstName7496,LastName7496,37496,Mumbai,2015-07-11,IT
7497,FirstName7497,LastName7497,37497,Pune,2015-07-12,HR
7498,FirstName7498,LastName7498,37498,Bangalore,2015-07-13,Finance
7499,FirstName7499,LastName7499,37499,Hyderabad,2015-07-14,Sales
7500,FirstName7500,LastName7500,37500,Chennai,2015-07-15,Marketing
7501,FirstName7501,LastName7501,37501,Delhi,2015-07-16,Support
7502,FirstName7502,LastName7502,37502,Noida,2015-07-17,Admin
7503,FirstName7503,LastName7503,37503,Gurgaon,2015-07-18,Operations
7504,FirstName7504,LastName7504,37504,Mumbai,2015-07-19,IT
7505,FirstName7505,LastName7505,37505,Pune,2015-07-20,HR
7506,FirstName7506,LastName7506,37506,Bangalore,2015-07-21,Finance
7507,FirstName7507,LastName7507,37507,Hyderabad,2015-07-22,Sales
7508,FirstName7508,LastName7508,37508,Chennai,2015-07-23,Marketing
7509,FirstName7509,LastName7509,37509,Delhi,2015-07-24,Support
7510,FirstName7510,LastName7510,37510,Noida,2015-07-25,Admin
7511,FirstName7511,LastName7511,37511,Gurgaon,2015-07-26,Operations
7512,FirstName7512,LastName7512,37512,Mumbai,2015-07-27,IT
7513,FirstName7513,LastName7513,37513,Pune,2015-07-28,HR
7514,FirstName7514,LastName7514,37514,Bangalore,2015-07-29,Finance
7515,FirstName7515,LastName7515,37515,Hyderabad,2015-07-30,Sales
7516,FirstName7516,LastName7516,37516,Chennai,2015-07-31,Marketing
7517,FirstName7517,LastName7517,37517,Delhi,2015-08-01,Support
7518,FirstName7518,LastName7518,37518,Noida,2015-08-02,Admin
7519,FirstName7519,LastName7519,37519,Gurgaon,2015-08-03,Operations
7520,FirstName7520,LastName7520,37520,Mumbai,2015-08-04,IT
7521,FirstName7521,LastName7521,37521,Pune,2015-08-05,HR
7522,FirstName7522,LastName7522,37522,Bangalore,2015-08-06,Finance
7523,FirstName7523,LastName7523,37523,Hyderabad,2015-08-07,Sales
7524,FirstName7524,LastName7524,37524,Chennai,2015-08-08,Marketing
7525,FirstName7525,LastName7525,37525,Delhi,2015-08-09,Support
7526,FirstName7526,LastName7526,37526,Noida,2015-08-10,Admin
7527,FirstName7527,LastName7527,37527,Gurgaon,2015-08-11,Operations
7528,FirstName7528,LastName7528,37528,Mumbai,2015-08-12,IT
7529,FirstName7529,LastName7529,37529,Pune,2015-08-13,HR
7530,FirstName7530,LastName7530,37530,Bangalore,2015-08-14,Finance
7531,FirstName7531,LastName7531,37531,Hyderabad,2015-08-15,Sales
7532,FirstName7532,LastName7532,37532,Chennai,2015-08-16,Marketing
7533,FirstName7533,LastName7533,37533,Delhi,2015-08-17,Support
7534,FirstName7534,LastName7534,37534,Noida,2015-08-18,Admin
7535,FirstName7535,LastName7535,37535,Gurgaon,2015-08-19,Operations
7536,FirstName7536,LastName7536,37536,Mumbai,2015-08-20,IT
7537,FirstName7537,LastName7537,37537,Pune,2015-08-21,HR
7538,FirstName7538,LastName7538,37538,Bangalore,2015-08-22,Finance
7539,FirstName7539,LastName7539,37539,Hyderabad,2015-08-23,Sales
7540,FirstName7540,LastName7540,37540,Chennai,2015-08-24,Marketing
7541,FirstName7541,LastName7541,37541,Delhi,2015-08-25,Support
7542,FirstName7542,LastName7542,37542,Noida,2015-08-26,Admin
7543,FirstName7543,LastName7543,37543,Gurgaon,2015-08-27,Operations
7544,FirstName7544,LastName7544,37544,Mumbai,2015-08-28,IT
7545,FirstName7545,LastName7545,37545,Pune,2015-08-29,HR
7546,FirstName7546,LastName7546,37546,Bangalore,2015-08-30,Finance
7547,FirstName7547,LastName7547,37547,Hyderabad,2015-08-31,Sales
7548,FirstName7548,LastName7548,37548,Chennai,2015-09-01,Marketing
7549,FirstName7549,LastName7549,37549,Delhi,2015-09-02,Support
7550,FirstName7550,LastName7550,37550,Noida,2015-09-03,Admin
7551,FirstName7551,LastName7551,37551,Gurgaon,2015-09-04,Operations
7552,FirstName7552,LastName7552,37552,Mumbai,2015-09-05,IT
7553,FirstName7553,LastName7553,37553,Pune,2015-09-06,HR
7554,FirstName7554,LastName7554,37554,Bangalore,2015-09-07,Finance
7555,FirstName7555,LastName7555,37555,Hyderabad,2015-09-08,Sales
7556,FirstName7556,LastName7556,37556,Chennai,2015-09-09,Marketing
7557,FirstName7557,LastName7557,37557,Delhi,2015-09-10,Support
7558,FirstName7558,LastName7558,37558,Noida,2015-09-11,Admin
7559,FirstName7559,LastName7559,37559,Gurgaon,2015-09-12,Operations
7560,FirstName7560,LastName7560,37560,Mumbai,2015-09-13,IT
7561,FirstName7561,LastName7561,37561,Pune,2015-09-14,HR
7562,FirstName7562,LastName7562,37562,Bangalore,2015-09-15,Finance
7563,FirstName7563,LastName7563,37563,Hyderabad,2015-09-16,Sales
7564,FirstName7564,LastName7564,37564,Chennai,2015-09-17,Marketing
7565,FirstName7565,LastName7565,37565,Delhi,2015-09-18,Support
7566,FirstName7566,LastName7566,37566,Noida,2015-09-19,Admin
7567,FirstName7567,LastName7567,37567,Gurgaon,2015-09-20,Operations
7568,FirstName7568,LastName7568,37568,Mumbai,2015-09-21,IT
7569,FirstName7569,LastName7569,37569,Pune,2015-09-22,HR
7570,FirstName7570,LastName7570,37570,Bangalore,2015-09-23,Finance
7571,FirstName7571,LastName7571,37571,Hyderabad,2015-09-24,Sales
7572,FirstName7572,LastName7572,37572,Chennai,2015-09-25,Marketing
7573,FirstName7573,LastName7573,37573,Delhi,2015-09-26,Support
7574,FirstName7574,LastName7574,37574,Noida,2015-09-27,Admin
7575,FirstName7575,LastName7575,37575,Gurgaon,2015-09-28,Operations
7576,FirstName7576,LastName7576,37576,Mumbai,2015-09-29,IT
7577,FirstName7577,LastName7577,37577,Pune,2015-09-30,HR
7578,FirstName7578,LastName7578,37578,Bangalore,2015-10-01,Finance
7579,FirstName7579,LastName7579,37579,Hyderabad,2015-10-02,Sales
7580,FirstName7580,LastName7580,37580,Chennai,2015-10-03,Marketing
7581,FirstName7581,LastName7581,37581,Delhi,2015-10-04,Support
7582,FirstName7582,LastName7582,37582,Noida,2015-10-05,Admin
7583,FirstName7583,LastName7583,37583,Gurgaon,2015-10-06,Operations
7584,FirstName7584,LastName7584,37584,Mumbai,2015-10-07,IT
7585,FirstName7585,LastName7585,37585,Pune,2015-10-08,HR
7586,FirstName7586,LastName7586,37586,Bangalore,2015-10-09,Finance
7587,FirstName7587,LastName7587,37587,Hyderabad,2015-10-10,Sales
7588,FirstName7588,LastName7588,37588,Chennai,2015-10-11,Marketing
7589,FirstName7589,LastName7589,37589,Delhi,2015-10-12,Support
7590,FirstName7590,LastName7590,37590,Noida,2015-10-13,Admin
7591,FirstName7591,LastName7591,37591,Gurgaon,2015-10-14,Operations
7592,FirstName7592,LastName7592,37592,Mumbai,2015-10-15,IT
7593,FirstName7593,LastName7593,37593,Pune,2015-10-16,HR
7594,FirstName7594,LastName7594,37594,Bangalore,2015-10-17,Finance
7595,FirstName7595,LastName7595,37595,Hyderabad,2015-10-18,Sales
7596,FirstName7596,LastName7596,37596,Chennai,2015-10-19,Marketing
7597,FirstName7597,LastName7597,37597,Delhi,2015-10-20,Support
7598,FirstName7598,LastName7598,37598,Noida,2015-10-21,Admin
7599,FirstName7599,LastName7599,37599,Gurgaon,2015-10-22,Operations
7600,FirstName7600,LastName7600,37600,Mumbai,2015-10-23,IT
7601,FirstName7601,LastName7601,37601,Pune,2015-10-24,HR
7602,FirstName7602,LastName7602,37602,Bangalore,2015-10-25,Finance
7603,FirstName7603,LastName7603,37603,Hyderabad,2015-10-26,Sales
7604,FirstName7604,LastName7604,37604,Chennai,2015-10-27,Marketing
7605,FirstName7605,LastName7605,37605,Delhi,2015-10-28,Support
7606,FirstName7606,LastName7606,37606,Noida,2015-10-29,Admin
7607,FirstName7607,LastName7607,37607,Gurgaon,2015-10-30,Operations
7608,FirstName7608,LastName7608,37608,Mumbai,2015-10-31,IT
7609,FirstName7609,LastName7609,37609,Pune,2015-11-01,HR
7610,FirstName7610,LastName7610,37610,Bangalore,2015-11-02,Finance
7611,FirstName7611,LastName7611,37611,Hyderabad,2015-11-03,Sales
7612,FirstName7612,LastName7612,37612,Chennai,2015-11-04,Marketing
7613,FirstName7613,LastName7613,37613,Delhi,2015-11-05,Support
7614,FirstName7614,LastName7614,37614,Noida,2015-11-06,Admin
7615,FirstName7615,LastName7615,37615,Gurgaon,2015-11-07,Operations
7616,FirstName7616,LastName7616,37616,Mumbai,2015-11-08,IT
7617,FirstName7617,LastName7617,37617,Pune,2015-11-09,HR
7618,FirstName7618,LastName7618,37618,Bangalore,2015-11-10,Finance
7619,FirstName7619,LastName7619,37619,Hyderabad,2015-11-11,Sales
7620,FirstName7620,LastName7620,37620,Chennai,2015-11-12,Marketing
7621,FirstName7621,LastName7621,37621,Delhi,2015-11-13,Support
7622,FirstName7622,LastName7622,37622,Noida,2015-11-14,Admin
7623,FirstName7623,LastName7623,37623,Gurgaon,2015-11-15,Operations
7624,FirstName7624,LastName7624,37624,Mumbai,2015-11-16,IT
7625,FirstName7625,LastName7625,37625,Pune,2015-11-17,HR
7626,FirstName7626,LastName7626,37626,Bangalore,2015-11-18,Finance
7627,FirstName7627,LastName7627,37627,Hyderabad,2015-11-19,Sales
7628,FirstName7628,LastName7628,37628,Chennai,2015-11-20,Marketing
7629,FirstName7629,LastName7629,37629,Delhi,2015-11-21,Support
7630,FirstName7630,LastName7630,37630,Noida,2015-11-22,Admin
7631,FirstName7631,LastName7631,37631,Gurgaon,2015-11-23,Operations
7632,FirstName7632,LastName7632,37632,Mumbai,2015-11-24,IT
7633,FirstName7633,LastName7633,37633,Pune,2015-11-25,HR
7634,FirstName7634,LastName7634,37634,Bangalore,2015-11-26,Finance
7635,FirstName7635,LastName7635,37635,Hyderabad,2015-11-27,Sales
7636,FirstName7636,LastName7636,37636,Chennai,2015-11-28,Marketing
7637,FirstName7637,LastName7637,37637,Delhi,2015-11-29,Support
7638,FirstName7638,LastName7638,37638,Noida,2015-11-30,Admin
7639,FirstName7639,LastName7639,37639,Gurgaon,2015-12-01,Operations
7640,FirstName7640,LastName7640,37640,Mumbai,2015-12-02,IT
7641,FirstName7641,LastName7641,37641,Pune,2015-12-03,HR
7642,FirstName7642,LastName7642,37642,Bangalore,2015-12-04,Finance
7643,FirstName7643,LastName7643,37643,Hyderabad,2015-12-05,Sales
7644,FirstName7644,LastName7644,37644,Chennai,2015-12-06,Marketing
7645,FirstName7645,LastName7645,37645,Delhi,2015-12-07,Support
7646,FirstName7646,LastName7646,37646,Noida,2015-12-08,Admin
7647,FirstName7647,LastName7647,37647,Gurgaon,2015-12-09,Operations
7648,FirstName7648,LastName7648,37648,Mumbai,2015-12-10,IT
7649,FirstName7649,LastName7649,37649,Pune,2015-12-11,HR
7650,FirstName7650,LastName7650,37650,Bangalore,2015-12-12,Finance
7651,FirstName7651,LastName7651,37651,Hyderabad,2015-12-13,Sales
7652,FirstName7652,LastName7652,37652,Chennai,2015-12-14,Marketing
7653,FirstName7653,LastName7653,37653,Delhi,2015-12-15,Support
7654,FirstName7654,LastName7654,37654,Noida,2015-12-16,Admin
7655,FirstName7655,LastName7655,37655,Gurgaon,2015-12-17,Operations
7656,FirstName7656,LastName7656,37656,Mumbai,2015-12-18,IT
7657,FirstName7657,LastName7657,37657,Pune,2015-12-19,HR
7658,FirstName7658,LastName7658,37658,Bangalore,2015-12-20,Finance
7659,FirstName7659,LastName7659,37659,Hyderabad,2015-12-21,Sales
7660,FirstName7660,LastName7660,37660,Chennai,2015-12-22,Marketing
7661,FirstName7661,LastName7661,37661,Delhi,2015-12-23,Support
7662,FirstName7662,LastName7662,37662,Noida,2015-12-24,Admin
7663,FirstName7663,LastName7663,37663,Gurgaon,2015-12-25,Operations
7664,FirstName7664,LastName7664,37664,Mumbai,2015-12-26,IT
7665,FirstName7665,LastName7665,37665,Pune,2015-12-27,HR
7666,FirstName7666,LastName7666,37666,Bangalore,2015-12-28,Finance
7667,FirstName7667,LastName7667,37667,Hyderabad,2015-12-29,Sales
7668,FirstName7668,LastName7668,37668,Chennai,2015-12-30,Marketing
7669,FirstName7669,LastName7669,37669,Delhi,2015-12-31,Support
7670,FirstName7670,LastName7670,37670,Noida,2016-01-01,Admin
7671,FirstName7671,LastName7671,37671,Gurgaon,2016-01-02,Operations
7672,FirstName7672,LastName7672,37672,Mumbai,2016-01-03,IT
7673,FirstName7673,LastName7673,37673,Pune,2016-01-04,HR
7674,FirstName7674,LastName7674,37674,Bangalore,2016-01-05,Finance
7675,FirstName7675,LastName7675,37675,Hyderabad,2016-01-06,Sales
7676,FirstName7676,LastName7676,37676,Chennai,2016-01-07,Marketing
7677,FirstName7677,LastName7677,37677,Delhi,2016-01-08,Support
7678,FirstName7678,LastName7678,37678,Noida,2016-01-09,Admin
7679,FirstName7679,LastName7679,37679,Gurgaon,2016-01-10,Operations
7680,FirstName7680,LastName7680,37680,Mumbai,2016-01-11,IT
7681,FirstName7681,LastName7681,37681,Pune,2016-01-12,HR
7682,FirstName7682,LastName7682,37682,Bangalore,2016-01-13,Finance
7683,FirstName7683,LastName7683,37683,Hyderabad,2016-01-14,Sales
7684,FirstName7684,LastName7684,37684,Chennai,2016-01-15,Marketing
7685,FirstName7685,LastName7685,37685,Delhi,2016-01-16,Support
7686,FirstName7686,LastName7686,37686,Noida,2016-01-17,Admin
7687,FirstName7687,LastName7687,37687,Gurgaon,2016-01-18,Operations
7688,FirstName7688,LastName7688,37688,Mumbai,2016-01-19,IT
7689,FirstName7689,LastName7689,37689,Pune,2016-01-20,HR
7690,FirstName7690,LastName7690,37690,Bangalore,2016-01-21,Finance
7691,FirstName7691,LastName7691,37691,Hyderabad,2016-01-22,Sales
7692,FirstName7692,LastName7692,37692,Chennai,2016-01-23,Marketing
7693,FirstName7693,LastName7693,37693,Delhi,2016-01-24,Support
7694,FirstName7694,LastName7694,37694,Noida,2016-01-25,Admin
7695,FirstName7695,LastName7695,37695,Gurgaon,2016-01-26,Operations
7696,FirstName7696,LastName7696,37696,Mumbai,2016-01-27,IT
7697,FirstName7697,LastName7697,37697,Pune,2016-01-28,HR
7698,FirstName7698,LastName7698,37698,Bangalore,2016-01-29,Finance
7699,FirstName7699,LastName7699,37699,Hyderabad,2016-01-30,Sales
7700,FirstName7700,LastName7700,37700,Chennai,2016-01-31,Marketing
7701,FirstName7701,LastName7701,37701,Delhi,2016-02-01,Support
7702,FirstName7702,LastName7702,37702,Noida,2016-02-02,Admin
7703,FirstName7703,LastName7703,37703,Gurgaon,2016-02-03,Operations
7704,FirstName7704,LastName7704,37704,Mumbai,2016-02-04,IT
7705,FirstName7705,LastName7705,37705,Pune,2016-02-05,HR
7706,FirstName7706,LastName7706,37706,Bangalore,2016-02-06,Finance
7707,FirstName7707,LastName7707,37707,Hyderabad,2016-02-07,Sales
7708,FirstName7708,LastName7708,37708,Chennai,2016-02-08,Marketing
7709,FirstName7709,LastName7709,37709,Delhi,2016-02-09,Support
7710,FirstName7710,LastName7710,37710,Noida,2016-02-10,Admin
7711,FirstName7711,LastName7711,37711,Gurgaon,2016-02-11,Operations
7712,FirstName7712,LastName7712,37712,Mumbai,2016-02-12,IT
7713,FirstName7713,LastName7713,37713,Pune,2016-02-13,HR
7714,FirstName7714,LastName7714,37714,Bangalore,2016-02-14,Finance
7715,FirstName7715,LastName7715,37715,Hyderabad,2016-02-15,Sales
7716,FirstName7716,LastName7716,37716,Chennai,2016-02-16,Marketing
7717,FirstName7717,LastName7717,37717,Delhi,2016-02-17,Support
7718,FirstName7718,LastName7718,37718,Noida,2016-02-18,Admin
7719,FirstName7719,LastName7719,37719,Gurgaon,2016-02-19,Operations
7720,FirstName7720,LastName7720,37720,Mumbai,2016-02-20,IT
7721,FirstName7721,LastName7721,37721,Pune,2016-02-21,HR
7722,FirstName7722,LastName7722,37722,Bangalore,2016-02-22,Finance
7723,FirstName7723,LastName7723,37723,Hyderabad,2016-02-23,Sales
7724,FirstName7724,LastName7724,37724,Chennai,2016-02-24,Marketing
7725,FirstName7725,LastName7725,37725,Delhi,2016-02-25,Support
7726,FirstName7726,LastName7726,37726,Noida,2016-02-26,Admin
7727,FirstName7727,LastName7727,37727,Gurgaon,2016-02-27,Operations
7728,FirstName7728,LastName7728,37728,Mumbai,2016-02-28,IT
7729,FirstName7729,LastName7729,37729,Pune,2016-02-29,HR
7730,FirstName7730,LastName7730,37730,Bangalore,2016-03-01,Finance
7731,FirstName7731,LastName7731,37731,Hyderabad,2016-03-02,Sales
7732,FirstName7732,LastName7732,37732,Chennai,2016-03-03,Marketing
7733,FirstName7733,LastName7733,37733,Delhi,2016-03-04,Support
7734,FirstName7734,LastName7734,37734,Noida,2016-03-05,Admin
7735,FirstName7735,LastName7735,37735,Gurgaon,2016-03-06,Operations
7736,FirstName7736,LastName7736,37736,Mumbai,2016-03-07,IT
7737,FirstName7737,LastName7737,37737,Pune,2016-03-08,HR
7738,FirstName7738,LastName7738,37738,Bangalore,2016-03-09,Finance
7739,FirstName7739,LastName7739,37739,Hyderabad,2016-03-10,Sales
7740,FirstName7740,LastName7740,37740,Chennai,2016-03-11,Marketing
7741,FirstName7741,LastName7741,37741,Delhi,2016-03-12,Support
7742,FirstName7742,LastName7742,37742,Noida,2016-03-13,Admin
7743,FirstName7743,LastName7743,37743,Gurgaon,2016-03-14,Operations
7744,FirstName7744,LastName7744,37744,Mumbai,2016-03-15,IT
7745,FirstName7745,LastName7745,37745,Pune,2016-03-16,HR
7746,FirstName7746,LastName7746,37746,Bangalore,2016-03-17,Finance
7747,FirstName7747,LastName7747,37747,Hyderabad,2016-03-18,Sales
7748,FirstName7748,LastName7748,37748,Chennai,2016-03-19,Marketing
7749,FirstName7749,LastName7749,37749,Delhi,2016-03-20,Support
7750,FirstName7750,LastName7750,37750,Noida,2016-03-21,Admin
7751,FirstName7751,LastName7751,37751,Gurgaon,2016-03-22,Operations
7752,FirstName7752,LastName7752,37752,Mumbai,2016-03-23,IT
7753,FirstName7753,LastName7753,37753,Pune,2016-03-24,HR
7754,FirstName7754,LastName7754,37754,Bangalore,2016-03-25,Finance
7755,FirstName7755,LastName7755,37755,Hyderabad,2016-03-26,Sales
7756,FirstName7756,LastName7756,37756,Chennai,2016-03-27,Marketing
7757,FirstName7757,LastName7757,37757,Delhi,2016-03-28,Support
7758,FirstName7758,LastName7758,37758,Noida,2016-03-29,Admin
7759,FirstName7759,LastName7759,37759,Gurgaon,2016-03-30,Operations
7760,FirstName7760,LastName7760,37760,Mumbai,2016-03-31,IT
7761,FirstName7761,LastName7761,37761,Pune,2016-04-01,HR
7762,FirstName7762,LastName7762,37762,Bangalore,2016-04-02,Finance
7763,FirstName7763,LastName7763,37763,Hyderabad,2016-04-03,Sales
7764,FirstName7764,LastName7764,37764,Chennai,2016-04-04,Marketing
7765,FirstName7765,LastName7765,37765,Delhi,2016-04-05,Support
7766,FirstName7766,LastName7766,37766,Noida,2016-04-06,Admin
7767,FirstName7767,LastName7767,37767,Gurgaon,2016-04-07,Operations
7768,FirstName7768,LastName7768,37768,Mumbai,2016-04-08,IT
7769,FirstName7769,LastName7769,37769,Pune,2016-04-09,HR
7770,FirstName7770,LastName7770,37770,Bangalore,2016-04-10,Finance
7771,FirstName7771,LastName7771,37771,Hyderabad,2016-04-11,Sales
7772,FirstName7772,LastName7772,37772,Chennai,2016-04-12,Marketing
7773,FirstName7773,LastName7773,37773,Delhi,2016-04-13,Support
7774,FirstName7774,LastName7774,37774,Noida,2016-04-14,Admin
7775,FirstName7775,LastName7775,37775,Gurgaon,2016-04-15,Operations
7776,FirstName7776,LastName7776,37776,Mumbai,2016-04-16,IT
7777,FirstName7777,LastName7777,37777,Pune,2016-04-17,HR
7778,FirstName7778,LastName7778,37778,Bangalore,2016-04-18,Finance
7779,FirstName7779,LastName7779,37779,Hyderabad,2016-04-19,Sales
7780,FirstName7780,LastName7780,37780,Chennai,2016-04-20,Marketing
7781,FirstName7781,LastName7781,37781,Delhi,2016-04-21,Support
7782,FirstName7782,LastName7782,37782,Noida,2016-04-22,Admin
7783,FirstName7783,LastName7783,37783,Gurgaon,2016-04-23,Operations
7784,FirstName7784,LastName7784,37784,Mumbai,2016-04-24,IT
7785,FirstName7785,LastName7785,37785,Pune,2016-04-25,HR
7786,FirstName7786,LastName7786,37786,Bangalore,2016-04-26,Finance
7787,FirstName7787,LastName7787,37787,Hyderabad,2016-04-27,Sales
7788,FirstName7788,LastName7788,37788,Chennai,2016-04-28,Marketing
7789,FirstName7789,LastName7789,37789,Delhi,2016-04-29,Support
7790,FirstName7790,LastName7790,37790,Noida,2016-04-30,Admin
7791,FirstName7791,LastName7791,37791,Gurgaon,2016-05-01,Operations
7792,FirstName7792,LastName7792,37792,Mumbai,2016-05-02,IT
7793,FirstName7793,LastName7793,37793,Pune,2016-05-03,HR
7794,FirstName7794,LastName7794,37794,Bangalore,2016-05-04,Finance
7795,FirstName7795,LastName7795,37795,Hyderabad,2016-05-05,Sales
7796,FirstName7796,LastName7796,37796,Chennai,2016-05-06,Marketing
7797,FirstName7797,LastName7797,37797,Delhi,2016-05-07,Support
7798,FirstName7798,LastName7798,37798,Noida,2016-05-08,Admin
7799,FirstName7799,LastName7799,37799,Gurgaon,2016-05-09,Operations
7800,FirstName7800,LastName7800,37800,Mumbai,2016-05-10,IT
7801,FirstName7801,LastName7801,37801,Pune,2016-05-11,HR
7802,FirstName7802,LastName7802,37802,Bangalore,2016-05-12,Finance
7803,FirstName7803,LastName7803,37803,Hyderabad,2016-05-13,Sales
7804,FirstName7804,LastName7804,37804,Chennai,2016-05-14,Marketing
7805,FirstName7805,LastName7805,37805,Delhi,2016-05-15,Support
7806,FirstName7806,LastName7806,37806,Noida,2016-05-16,Admin
7807,FirstName7807,LastName7807,37807,Gurgaon,2016-05-17,Operations
7808,FirstName7808,LastName7808,37808,Mumbai,2016-05-18,IT
7809,FirstName7809,LastName7809,37809,Pune,2016-05-19,HR
7810,FirstName7810,LastName7810,37810,Bangalore,2016-05-20,Finance
7811,FirstName7811,LastName7811,37811,Hyderabad,2016-05-21,Sales
7812,FirstName7812,LastName7812,37812,Chennai,2016-05-22,Marketing
7813,FirstName7813,LastName7813,37813,Delhi,2016-05-23,Support
7814,FirstName7814,LastName7814,37814,Noida,2016-05-24,Admin
7815,FirstName7815,LastName7815,37815,Gurgaon,2016-05-25,Operations
7816,FirstName7816,LastName7816,37816,Mumbai,2016-05-26,IT
7817,FirstName7817,LastName7817,37817,Pune,2016-05-27,HR
7818,FirstName7818,LastName7818,37818,Bangalore,2016-05-28,Finance
7819,FirstName7819,LastName7819,37819,Hyderabad,2016-05-29,Sales
7820,FirstName7820,LastName7820,37820,Chennai,2016-05-30,Marketing
7821,FirstName7821,LastName7821,37821,Delhi,2016-05-31,Support
7822,FirstName7822,LastName7822,37822,Noida,2016-06-01,Admin
7823,FirstName7823,LastName7823,37823,Gurgaon,2016-06-02,Operations
7824,FirstName7824,LastName7824,37824,Mumbai,2016-06-03,IT
7825,FirstName7825,LastName7825,37825,Pune,2016-06-04,HR
7826,FirstName7826,LastName7826,37826,Bangalore,2016-06-05,Finance
7827,FirstName7827,LastName7827,37827,Hyderabad,2016-06-06,Sales
7828,FirstName7828,LastName7828,37828,Chennai,2016-06-07,Marketing
7829,FirstName7829,LastName7829,37829,Delhi,2016-06-08,Support
7830,FirstName7830,LastName7830,37830,Noida,2016-06-09,Admin
7831,FirstName7831,LastName7831,37831,Gurgaon,2016-06-10,Operations
7832,FirstName7832,LastName7832,37832,Mumbai,2016-06-11,IT
7833,FirstName7833,LastName7833,37833,Pune,2016-06-12,HR
7834,FirstName7834,LastName7834,37834,Bangalore,2016-06-13,Finance
7835,FirstName7835,LastName7835,37835,Hyderabad,2016-06-14,Sales
7836,FirstName7836,LastName7836,37836,Chennai,2016-06-15,Marketing
7837,FirstName7837,LastName7837,37837,Delhi,2016-06-16,Support
7838,FirstName7838,LastName7838,37838,Noida,2016-06-17,Admin
7839,FirstName7839,LastName7839,37839,Gurgaon,2016-06-18,Operations
7840,FirstName7840,LastName7840,37840,Mumbai,2016-06-19,IT
7841,FirstName7841,LastName7841,37841,Pune,2016-06-20,HR
7842,FirstName7842,LastName7842,37842,Bangalore,2016-06-21,Finance
7843,FirstName7843,LastName7843,37843,Hyderabad,2016-06-22,Sales
7844,FirstName7844,LastName7844,37844,Chennai,2016-06-23,Marketing
7845,FirstName7845,LastName7845,37845,Delhi,2016-06-24,Support
7846,FirstName7846,LastName7846,37846,Noida,2016-06-25,Admin
7847,FirstName7847,LastName7847,37847,Gurgaon,2016-06-26,Operations
7848,FirstName7848,LastName7848,37848,Mumbai,2016-06-27,IT
7849,FirstName7849,LastName7849,37849,Pune,2016-06-28,HR
7850,FirstName7850,LastName7850,37850,Bangalore,2016-06-29,Finance
7851,FirstName7851,LastName7851,37851,Hyderabad,2016-06-30,Sales
7852,FirstName7852,LastName7852,37852,Chennai,2016-07-01,Marketing
7853,FirstName7853,LastName7853,37853,Delhi,2016-07-02,Support
7854,FirstName7854,LastName7854,37854,Noida,2016-07-03,Admin
7855,FirstName7855,LastName7855,37855,Gurgaon,2016-07-04,Operations
7856,FirstName7856,LastName7856,37856,Mumbai,2016-07-05,IT
7857,FirstName7857,LastName7857,37857,Pune,2016-07-06,HR
7858,FirstName7858,LastName7858,37858,Bangalore,2016-07-07,Finance
7859,FirstName7859,LastName7859,37859,Hyderabad,2016-07-08,Sales
7860,FirstName7860,LastName7860,37860,Chennai,2016-07-09,Marketing
7861,FirstName7861,LastName7861,37861,Delhi,2016-07-10,Support
7862,FirstName7862,LastName7862,37862,Noida,2016-07-11,Admin
7863,FirstName7863,LastName7863,37863,Gurgaon,2016-07-12,Operations
7864,FirstName7864,LastName7864,37864,Mumbai,2016-07-13,IT
7865,FirstName7865,LastName7865,37865,Pune,2016-07-14,HR
7866,FirstName7866,LastName7866,37866,Bangalore,2016-07-15,Finance
7867,FirstName7867,LastName7867,37867,Hyderabad,2016-07-16,Sales
7868,FirstName7868,LastName7868,37868,Chennai,2016-07-17,Marketing
7869,FirstName7869,LastName7869,37869,Delhi,2016-07-18,Support
7870,FirstName7870,LastName7870,37870,Noida,2016-07-19,Admin
7871,FirstName7871,LastName7871,37871,Gurgaon,2016-07-20,Operations
7872,FirstName7872,LastName7872,37872,Mumbai,2016-07-21,IT
7873,FirstName7873,LastName7873,37873,Pune,2016-07-22,HR
7874,FirstName7874,LastName7874,37874,Bangalore,2016-07-23,Finance
7875,FirstName7875,LastName7875,37875,Hyderabad,2016-07-24,Sales
7876,FirstName7876,LastName7876,37876,Chennai,2016-07-25,Marketing
7877,FirstName7877,LastName7877,37877,Delhi,2016-07-26,Support
7878,FirstName7878,LastName7878,37878,Noida,2016-07-27,Admin
7879,FirstName7879,LastName7879,37879,Gurgaon,2016-07-28,Operations
7880,FirstName7880,LastName7880,37880,Mumbai,2016-07-29,IT
7881,FirstName7881,LastName7881,37881,Pune,2016-07-30,HR
7882,FirstName7882,LastName7882,37882,Bangalore,2016-07-31,Finance
7883,FirstName7883,LastName7883,37883,Hyderabad,2016-08-01,Sales
7884,FirstName7884,LastName7884,37884,Chennai,2016-08-02,Marketing
7885,FirstName7885,LastName7885,37885,Delhi,2016-08-03,Support
7886,FirstName7886,LastName7886,37886,Noida,2016-08-04,Admin
7887,FirstName7887,LastName7887,37887,Gurgaon,2016-08-05,Operations
7888,FirstName7888,LastName7888,37888,Mumbai,2016-08-06,IT
7889,FirstName7889,LastName7889,37889,Pune,2016-08-07,HR
7890,FirstName7890,LastName7890,37890,Bangalore,2016-08-08,Finance
7891,FirstName7891,LastName7891,37891,Hyderabad,2016-08-09,Sales
7892,FirstName7892,LastName7892,37892,Chennai,2016-08-10,Marketing
7893,FirstName7893,LastName7893,37893,Delhi,2016-08-11,Support
7894,FirstName7894,LastName7894,37894,Noida,2016-08-12,Admin
7895,FirstName7895,LastName7895,37895,Gurgaon,2016-08-13,Operations
7896,FirstName7896,LastName7896,37896,Mumbai,2016-08-14,IT
7897,FirstName7897,LastName7897,37897,Pune,2016-08-15,HR
7898,FirstName7898,LastName7898,37898,Bangalore,2016-08-16,Finance
7899,FirstName7899,LastName7899,37899,Hyderabad,2016-08-17,Sales
7900,FirstName7900,LastName7900,37900,Chennai,2016-08-18,Marketing
7901,FirstName7901,LastName7901,37901,Delhi,2016-08-19,Support
7902,FirstName7902,LastName7902,37902,Noida,2016-08-20,Admin
7903,FirstName7903,LastName7903,37903,Gurgaon,2016-08-21,Operations
7904,FirstName7904,LastName7904,37904,Mumbai,2016-08-22,IT
7905,FirstName7905,LastName7905,37905,Pune,2016-08-23,HR
7906,FirstName7906,LastName7906,37906,Bangalore,2016-08-24,Finance
7907,FirstName7907,LastName7907,37907,Hyderabad,2016-08-25,Sales
7908,FirstName7908,LastName7908,37908,Chennai,2016-08-26,Marketing
7909,FirstName7909,LastName7909,37909,Delhi,2016-08-27,Support
7910,FirstName7910,LastName7910,37910,Noida,2016-08-28,Admin
7911,FirstName7911,LastName7911,37911,Gurgaon,2016-08-29,Operations
7912,FirstName7912,LastName7912,37912,Mumbai,2016-08-30,IT
7913,FirstName7913,LastName7913,37913,Pune,2016-08-31,HR
7914,FirstName7914,LastName7914,37914,Bangalore,2016-09-01,Finance
7915,FirstName7915,LastName7915,37915,Hyderabad,2016-09-02,Sales
7916,FirstName7916,LastName7916,37916,Chennai,2016-09-03,Marketing
7917,FirstName7917,LastName7917,37917,Delhi,2016-09-04,Support
7918,FirstName7918,LastName7918,37918,Noida,2016-09-05,Admin
7919,FirstName7919,LastName7919,37919,Gurgaon,2016-09-06,Operations
7920,FirstName7920,LastName7920,37920,Mumbai,2016-09-07,IT
7921,FirstName7921,LastName7921,37921,Pune,2016-09-08,HR
7922,FirstName7922,LastName7922,37922,Bangalore,2016-09-09,Finance
7923,FirstName7923,LastName7923,37923,Hyderabad,2016-09-10,Sales
7924,FirstName7924,LastName7924,37924,Chennai,2016-09-11,Marketing
7925,FirstName7925,LastName7925,37925,Delhi,2016-09-12,Support
7926,FirstName7926,LastName7926,37926,Noida,2016-09-13,Admin
7927,FirstName7927,LastName7927,37927,Gurgaon,2016-09-14,Operations
7928,FirstName7928,LastName7928,37928,Mumbai,2016-09-15,IT
7929,FirstName7929,LastName7929,37929,Pune,2016-09-16,HR
7930,FirstName7930,LastName7930,37930,Bangalore,2016-09-17,Finance
7931,FirstName7931,LastName7931,37931,Hyderabad,2016-09-18,Sales
7932,FirstName7932,LastName7932,37932,Chennai,2016-09-19,Marketing
7933,FirstName7933,LastName7933,37933,Delhi,2016-09-20,Support
7934,FirstName7934,LastName7934,37934,Noida,2016-09-21,Admin
7935,FirstName7935,LastName7935,37935,Gurgaon,2016-09-22,Operations
7936,FirstName7936,LastName7936,37936,Mumbai,2016-09-23,IT
7937,FirstName7937,LastName7937,37937,Pune,2016-09-24,HR
7938,FirstName7938,LastName7938,37938,Bangalore,2016-09-25,Finance
7939,FirstName7939,LastName7939,37939,Hyderabad,2016-09-26,Sales
7940,FirstName7940,LastName7940,37940,Chennai,2016-09-27,Marketing
7941,FirstName7941,LastName7941,37941,Delhi,2016-09-28,Support
7942,FirstName7942,LastName7942,37942,Noida,2016-09-29,Admin
7943,FirstName7943,LastName7943,37943,Gurgaon,2016-09-30,Operations
7944,FirstName7944,LastName7944,37944,Mumbai,2016-10-01,IT
7945,FirstName7945,LastName7945,37945,Pune,2016-10-02,HR
7946,FirstName7946,LastName7946,37946,Bangalore,2016-10-03,Finance
7947,FirstName7947,LastName7947,37947,Hyderabad,2016-10-04,Sales
7948,FirstName7948,LastName7948,37948,Chennai,2016-10-05,Marketing
7949,FirstName7949,LastName7949,37949,Delhi,2016-10-06,Support
7950,FirstName7950,LastName7950,37950,Noida,2016-10-07,Admin
7951,FirstName7951,LastName7951,37951,Gurgaon,2016-10-08,Operations
7952,FirstName7952,LastName7952,37952,Mumbai,2016-10-09,IT
7953,FirstName7953,LastName7953,37953,Pune,2016-10-10,HR
7954,FirstName7954,LastName7954,37954,Bangalore,2016-10-11,Finance
7955,FirstName7955,LastName7955,37955,Hyderabad,2016-10-12,Sales
7956,FirstName7956,LastName7956,37956,Chennai,2016-10-13,Marketing
7957,FirstName7957,LastName7957,37957,Delhi,2016-10-14,Support
7958,FirstName7958,LastName7958,37958,Noida,2016-10-15,Admin
7959,FirstName7959,LastName7959,37959,Gurgaon,2016-10-16,Operations
7960,FirstName7960,LastName7960,37960,Mumbai,2016-10-17,IT
7961,FirstName7961,LastName7961,37961,Pune,2016-10-18,HR
7962,FirstName7962,LastName7962,37962,Bangalore,2016-10-19,Finance
7963,FirstName7963,LastName7963,37963,Hyderabad,2016-10-20,Sales
7964,FirstName7964,LastName7964,37964,Chennai,2016-10-21,Marketing
7965,FirstName7965,LastName7965,37965,Delhi,2016-10-22,Support
7966,FirstName7966,LastName7966,37966,Noida,2016-10-23,Admin
7967,FirstName7967,LastName7967,37967,Gurgaon,2016-10-24,Operations
7968,FirstName7968,LastName7968,37968,Mumbai,2016-10-25,IT
7969,FirstName7969,LastName7969,37969,Pune,2016-10-26,HR
7970,FirstName7970,LastName7970,37970,Bangalore,2016-10-27,Finance
7971,FirstName7971,LastName7971,37971,Hyderabad,2016-10-28,Sales
7972,FirstName7972,LastName7972,37972,Chennai,2016-10-29,Marketing
7973,FirstName7973,LastName7973,37973,Delhi,2016-10-30,Support
7974,FirstName7974,LastName7974,37974,Noida,2016-10-31,Admin
7975,FirstName7975,LastName7975,37975,Gurgaon,2016-11-01,Operations
7976,FirstName7976,LastName7976,37976,Mumbai,2016-11-02,IT
7977,FirstName7977,LastName7977,37977,Pune,2016-11-03,HR
7978,FirstName7978,LastName7978,37978,Bangalore,2016-11-04,Finance
7979,FirstName7979,LastName7979,37979,Hyderabad,2016-11-05,Sales
7980,FirstName7980,LastName7980,37980,Chennai,2016-11-06,Marketing
7981,FirstName7981,LastName7981,37981,Delhi,2016-11-07,Support
7982,FirstName7982,LastName7982,37982,Noida,2016-11-08,Admin
7983,FirstName7983,LastName7983,37983,Gurgaon,2016-11-09,Operations
7984,FirstName7984,LastName7984,37984,Mumbai,2016-11-10,IT
7985,FirstName7985,LastName7985,37985,Pune,2016-11-11,HR
7986,FirstName7986,LastName7986,37986,Bangalore,2016-11-12,Finance
7987,FirstName7987,LastName7987,37987,Hyderabad,2016-11-13,Sales
7988,FirstName7988,LastName7988,37988,Chennai,2016-11-14,Marketing
7989,FirstName7989,LastName7989,37989,Delhi,2016-11-15,Support
7990,FirstName7990,LastName7990,37990,Noida,2016-11-16,Admin
7991,FirstName7991,LastName7991,37991,Gurgaon,2016-11-17,Operations
7992,FirstName7992,LastName7992,37992,Mumbai,2016-11-18,IT
7993,FirstName7993,LastName7993,37993,Pune,2016-11-19,HR
7994,FirstName7994,LastName7994,37994,Bangalore,2016-11-20,Finance
7995,FirstName7995,LastName7995,37995,Hyderabad,2016-11-21,Sales
7996,FirstName7996,LastName7996,37996,Chennai,2016-11-22,Marketing
7997,FirstName7997,LastName7997,37997,Delhi,2016-11-23,Support
7998,FirstName7998,LastName7998,37998,Noida,2016-11-24,Admin
7999,FirstName7999,LastName7999,37999,Gurgaon,2016-11-25,Operations
8000,FirstName8000,LastName8000,38000,Mumbai,2016-11-26,IT
8001,FirstName8001,LastName8001,38001,Pune,2016-11-27,HR
8002,FirstName8002,LastName8002,38002,Bangalore,2016-11-28,Finance
8003,FirstName8003,LastName8003,38003,Hyderabad,2016-11-29,Sales
8004,FirstName8004,LastName8004,38004,Chennai,2016-11-30,Marketing
8005,FirstName8005,LastName8005,38005,Delhi,2016-12-01,Support
8006,FirstName8006,LastName8006,38006,Noida,2016-12-02,Admin
8007,FirstName8007,LastName8007,38007,Gurgaon,2016-12-03,Operations
8008,FirstName8008,LastName8008,38008,Mumbai,2016-12-04,IT
8009,FirstName8009,LastName8009,38009,Pune,2016-12-05,HR
8010,FirstName8010,LastName8010,38010,Bangalore,2016-12-06,Finance
8011,FirstName8011,LastName8011,38011,Hyderabad,2016-12-07,Sales
8012,FirstName8012,LastName8012,38012,Chennai,2016-12-08,Marketing
8013,FirstName8013,LastName8013,38013,Delhi,2016-12-09,Support
8014,FirstName8014,LastName8014,38014,Noida,2016-12-10,Admin
8015,FirstName8015,LastName8015,38015,Gurgaon,2016-12-11,Operations
8016,FirstName8016,LastName8016,38016,Mumbai,2016-12-12,IT
8017,FirstName8017,LastName8017,38017,Pune,2016-12-13,HR
8018,FirstName8018,LastName8018,38018,Bangalore,2016-12-14,Finance
8019,FirstName8019,LastName8019,38019,Hyderabad,2016-12-15,Sales
8020,FirstName8020,LastName8020,38020,Chennai,2016-12-16,Marketing
8021,FirstName8021,LastName8021,38021,Delhi,2016-12-17,Support
8022,FirstName8022,LastName8022,38022,Noida,2016-12-18,Admin
8023,FirstName8023,LastName8023,38023,Gurgaon,2016-12-19,Operations
8024,FirstName8024,LastName8024,38024,Mumbai,2016-12-20,IT
8025,FirstName8025,LastName8025,38025,Pune,2016-12-21,HR
8026,FirstName8026,LastName8026,38026,Bangalore,2016-12-22,Finance
8027,FirstName8027,LastName8027,38027,Hyderabad,2016-12-23,Sales
8028,FirstName8028,LastName8028,38028,Chennai,2016-12-24,Marketing
8029,FirstName8029,LastName8029,38029,Delhi,2016-12-25,Support
8030,FirstName8030,LastName8030,38030,Noida,2016-12-26,Admin
8031,FirstName8031,LastName8031,38031,Gurgaon,2016-12-27,Operations
8032,FirstName8032,LastName8032,38032,Mumbai,2016-12-28,IT
8033,FirstName8033,LastName8033,38033,Pune,2016-12-29,HR
8034,FirstName8034,LastName8034,38034,Bangalore,2016-12-30,Finance
8035,FirstName8035,LastName8035,38035,Hyderabad,2016-12-31,Sales
8036,FirstName8036,LastName8036,38036,Chennai,2017-01-01,Marketing
8037,FirstName8037,LastName8037,38037,Delhi,2017-01-02,Support
8038,FirstName8038,LastName8038,38038,Noida,2017-01-03,Admin
8039,FirstName8039,LastName8039,38039,Gurgaon,2017-01-04,Operations
8040,FirstName8040,LastName8040,38040,Mumbai,2017-01-05,IT
8041,FirstName8041,LastName8041,38041,Pune,2017-01-06,HR
8042,FirstName8042,LastName8042,38042,Bangalore,2017-01-07,Finance
8043,FirstName8043,LastName8043,38043,Hyderabad,2017-01-08,Sales
8044,FirstName8044,LastName8044,38044,Chennai,2017-01-09,Marketing
8045,FirstName8045,LastName8045,38045,Delhi,2017-01-10,Support
8046,FirstName8046,LastName8046,38046,Noida,2017-01-11,Admin
8047,FirstName8047,LastName8047,38047,Gurgaon,2017-01-12,Operations
8048,FirstName8048,LastName8048,38048,Mumbai,2017-01-13,IT
8049,FirstName8049,LastName8049,38049,Pune,2017-01-14,HR
8050,FirstName8050,LastName8050,38050,Bangalore,2017-01-15,Finance
8051,FirstName8051,LastName8051,38051,Hyderabad,2017-01-16,Sales
8052,FirstName8052,LastName8052,38052,Chennai,2017-01-17,Marketing
8053,FirstName8053,LastName8053,38053,Delhi,2017-01-18,Support
8054,FirstName8054,LastName8054,38054,Noida,2017-01-19,Admin
8055,FirstName8055,LastName8055,38055,Gurgaon,2017-01-20,Operations
8056,FirstName8056,LastName8056,38056,Mumbai,2017-01-21,IT
8057,FirstName8057,LastName8057,38057,Pune,2017-01-22,HR
8058,FirstName8058,LastName8058,38058,Bangalore,2017-01-23,Finance
8059,FirstName8059,LastName8059,38059,Hyderabad,2017-01-24,Sales
8060,FirstName8060,LastName8060,38060,Chennai,2017-01-25,Marketing
8061,FirstName8061,LastName8061,38061,Delhi,2017-01-26,Support
8062,FirstName8062,LastName8062,38062,Noida,2017-01-27,Admin
8063,FirstName8063,LastName8063,38063,Gurgaon,2017-01-28,Operations
8064,FirstName8064,LastName8064,38064,Mumbai,2017-01-29,IT
8065,FirstName8065,LastName8065,38065,Pune,2017-01-30,HR
8066,FirstName8066,LastName8066,38066,Bangalore,2017-01-31,Finance
8067,FirstName8067,LastName8067,38067,Hyderabad,2017-02-01,Sales
8068,FirstName8068,LastName8068,38068,Chennai,2017-02-02,Marketing
8069,FirstName8069,LastName8069,38069,Delhi,2017-02-03,Support
8070,FirstName8070,LastName8070,38070,Noida,2017-02-04,Admin
8071,FirstName8071,LastName8071,38071,Gurgaon,2017-02-05,Operations
8072,FirstName8072,LastName8072,38072,Mumbai,2017-02-06,IT
8073,FirstName8073,LastName8073,38073,Pune,2017-02-07,HR
8074,FirstName8074,LastName8074,38074,Bangalore,2017-02-08,Finance
8075,FirstName8075,LastName8075,38075,Hyderabad,2017-02-09,Sales
8076,FirstName8076,LastName8076,38076,Chennai,2017-02-10,Marketing
8077,FirstName8077,LastName8077,38077,Delhi,2017-02-11,Support
8078,FirstName8078,LastName8078,38078,Noida,2017-02-12,Admin
8079,FirstName8079,LastName8079,38079,Gurgaon,2017-02-13,Operations
8080,FirstName8080,LastName8080,38080,Mumbai,2017-02-14,IT
8081,FirstName8081,LastName8081,38081,Pune,2017-02-15,HR
8082,FirstName8082,LastName8082,38082,Bangalore,2017-02-16,Finance
8083,FirstName8083,LastName8083,38083,Hyderabad,2017-02-17,Sales
8084,FirstName8084,LastName8084,38084,Chennai,2017-02-18,Marketing
8085,FirstName8085,LastName8085,38085,Delhi,2017-02-19,Support
8086,FirstName8086,LastName8086,38086,Noida,2017-02-20,Admin
8087,FirstName8087,LastName8087,38087,Gurgaon,2017-02-21,Operations
8088,FirstName8088,LastName8088,38088,Mumbai,2017-02-22,IT
8089,FirstName8089,LastName8089,38089,Pune,2017-02-23,HR
8090,FirstName8090,LastName8090,38090,Bangalore,2017-02-24,Finance
8091,FirstName8091,LastName8091,38091,Hyderabad,2017-02-25,Sales
8092,FirstName8092,LastName8092,38092,Chennai,2017-02-26,Marketing
8093,FirstName8093,LastName8093,38093,Delhi,2017-02-27,Support
8094,FirstName8094,LastName8094,38094,Noida,2017-02-28,Admin
8095,FirstName8095,LastName8095,38095,Gurgaon,2017-03-01,Operations
8096,FirstName8096,LastName8096,38096,Mumbai,2017-03-02,IT
8097,FirstName8097,LastName8097,38097,Pune,2017-03-03,HR
8098,FirstName8098,LastName8098,38098,Bangalore,2017-03-04,Finance
8099,FirstName8099,LastName8099,38099,Hyderabad,2017-03-05,Sales
8100,FirstName8100,LastName8100,38100,Chennai,2017-03-06,Marketing
8101,FirstName8101,LastName8101,38101,Delhi,2017-03-07,Support
8102,FirstName8102,LastName8102,38102,Noida,2017-03-08,Admin
8103,FirstName8103,LastName8103,38103,Gurgaon,2017-03-09,Operations
8104,FirstName8104,LastName8104,38104,Mumbai,2017-03-10,IT
8105,FirstName8105,LastName8105,38105,Pune,2017-03-11,HR
8106,FirstName8106,LastName8106,38106,Bangalore,2017-03-12,Finance
8107,FirstName8107,LastName8107,38107,Hyderabad,2017-03-13,Sales
8108,FirstName8108,LastName8108,38108,Chennai,2017-03-14,Marketing
8109,FirstName8109,LastName8109,38109,Delhi,2017-03-15,Support
8110,FirstName8110,LastName8110,38110,Noida,2017-03-16,Admin
8111,FirstName8111,LastName8111,38111,Gurgaon,2017-03-17,Operations
8112,FirstName8112,LastName8112,38112,Mumbai,2017-03-18,IT
8113,FirstName8113,LastName8113,38113,Pune,2017-03-19,HR
8114,FirstName8114,LastName8114,38114,Bangalore,2017-03-20,Finance
8115,FirstName8115,LastName8115,38115,Hyderabad,2017-03-21,Sales
8116,FirstName8116,LastName8116,38116,Chennai,2017-03-22,Marketing
8117,FirstName8117,LastName8117,38117,Delhi,2017-03-23,Support
8118,FirstName8118,LastName8118,38118,Noida,2017-03-24,Admin
8119,FirstName8119,LastName8119,38119,Gurgaon,2017-03-25,Operations
8120,FirstName8120,LastName8120,38120,Mumbai,2017-03-26,IT
8121,FirstName8121,LastName8121,38121,Pune,2017-03-27,HR
8122,FirstName8122,LastName8122,38122,Bangalore,2017-03-28,Finance
8123,FirstName8123,LastName8123,38123,Hyderabad,2017-03-29,Sales
8124,FirstName8124,LastName8124,38124,Chennai,2017-03-30,Marketing
8125,FirstName8125,LastName8125,38125,Delhi,2017-03-31,Support
8126,FirstName8126,LastName8126,38126,Noida,2017-04-01,Admin
8127,FirstName8127,LastName8127,38127,Gurgaon,2017-04-02,Operations
8128,FirstName8128,LastName8128,38128,Mumbai,2017-04-03,IT
8129,FirstName8129,LastName8129,38129,Pune,2017-04-04,HR
8130,FirstName8130,LastName8130,38130,Bangalore,2017-04-05,Finance
8131,FirstName8131,LastName8131,38131,Hyderabad,2017-04-06,Sales
8132,FirstName8132,LastName8132,38132,Chennai,2017-04-07,Marketing
8133,FirstName8133,LastName8133,38133,Delhi,2017-04-08,Support
8134,FirstName8134,LastName8134,38134,Noida,2017-04-09,Admin
8135,FirstName8135,LastName8135,38135,Gurgaon,2017-04-10,Operations
8136,FirstName8136,LastName8136,38136,Mumbai,2017-04-11,IT
8137,FirstName8137,LastName8137,38137,Pune,2017-04-12,HR
8138,FirstName8138,LastName8138,38138,Bangalore,2017-04-13,Finance
8139,FirstName8139,LastName8139,38139,Hyderabad,2017-04-14,Sales
8140,FirstName8140,LastName8140,38140,Chennai,2017-04-15,Marketing
8141,FirstName8141,LastName8141,38141,Delhi,2017-04-16,Support
8142,FirstName8142,LastName8142,38142,Noida,2017-04-17,Admin
8143,FirstName8143,LastName8143,38143,Gurgaon,2017-04-18,Operations
8144,FirstName8144,LastName8144,38144,Mumbai,2017-04-19,IT
8145,FirstName8145,LastName8145,38145,Pune,2017-04-20,HR
8146,FirstName8146,LastName8146,38146,Bangalore,2017-04-21,Finance
8147,FirstName8147,LastName8147,38147,Hyderabad,2017-04-22,Sales
8148,FirstName8148,LastName8148,38148,Chennai,2017-04-23,Marketing
8149,FirstName8149,LastName8149,38149,Delhi,2017-04-24,Support
8150,FirstName8150,LastName8150,38150,Noida,2017-04-25,Admin
8151,FirstName8151,LastName8151,38151,Gurgaon,2017-04-26,Operations
8152,FirstName8152,LastName8152,38152,Mumbai,2017-04-27,IT
8153,FirstName8153,LastName8153,38153,Pune,2017-04-28,HR
8154,FirstName8154,LastName8154,38154,Bangalore,2017-04-29,Finance
8155,FirstName8155,LastName8155,38155,Hyderabad,2017-04-30,Sales
8156,FirstName8156,LastName8156,38156,Chennai,2017-05-01,Marketing
8157,FirstName8157,LastName8157,38157,Delhi,2017-05-02,Support
8158,FirstName8158,LastName8158,38158,Noida,2017-05-03,Admin
8159,FirstName8159,LastName8159,38159,Gurgaon,2017-05-04,Operations
8160,FirstName8160,LastName8160,38160,Mumbai,2017-05-05,IT
8161,FirstName8161,LastName8161,38161,Pune,2017-05-06,HR
8162,FirstName8162,LastName8162,38162,Bangalore,2017-05-07,Finance
8163,FirstName8163,LastName8163,38163,Hyderabad,2017-05-08,Sales
8164,FirstName8164,LastName8164,38164,Chennai,2017-05-09,Marketing
8165,FirstName8165,LastName8165,38165,Delhi,2017-05-10,Support
8166,FirstName8166,LastName8166,38166,Noida,2017-05-11,Admin
8167,FirstName8167,LastName8167,38167,Gurgaon,2017-05-12,Operations
8168,FirstName8168,LastName8168,38168,Mumbai,2017-05-13,IT
8169,FirstName8169,LastName8169,38169,Pune,2017-05-14,HR
8170,FirstName8170,LastName8170,38170,Bangalore,2017-05-15,Finance
8171,FirstName8171,LastName8171,38171,Hyderabad,2017-05-16,Sales
8172,FirstName8172,LastName8172,38172,Chennai,2017-05-17,Marketing
8173,FirstName8173,LastName8173,38173,Delhi,2017-05-18,Support
8174,FirstName8174,LastName8174,38174,Noida,2017-05-19,Admin
8175,FirstName8175,LastName8175,38175,Gurgaon,2017-05-20,Operations
8176,FirstName8176,LastName8176,38176,Mumbai,2017-05-21,IT
8177,FirstName8177,LastName8177,38177,Pune,2017-05-22,HR
8178,FirstName8178,LastName8178,38178,Bangalore,2017-05-23,Finance
8179,FirstName8179,LastName8179,38179,Hyderabad,2017-05-24,Sales
8180,FirstName8180,LastName8180,38180,Chennai,2017-05-25,Marketing
8181,FirstName8181,LastName8181,38181,Delhi,2017-05-26,Support
8182,FirstName8182,LastName8182,38182,Noida,2017-05-27,Admin
8183,FirstName8183,LastName8183,38183,Gurgaon,2017-05-28,Operations
8184,FirstName8184,LastName8184,38184,Mumbai,2017-05-29,IT
8185,FirstName8185,LastName8185,38185,Pune,2017-05-30,HR
8186,FirstName8186,LastName8186,38186,Bangalore,2017-05-31,Finance
8187,FirstName8187,LastName8187,38187,Hyderabad,2017-06-01,Sales
8188,FirstName8188,LastName8188,38188,Chennai,2017-06-02,Marketing
8189,FirstName8189,LastName8189,38189,Delhi,2017-06-03,Support
8190,FirstName8190,LastName8190,38190,Noida,2017-06-04,Admin
8191,FirstName8191,LastName8191,38191,Gurgaon,2017-06-05,Operations
8192,FirstName8192,LastName8192,38192,Mumbai,2017-06-06,IT
8193,FirstName8193,LastName8193,38193,Pune,2017-06-07,HR
8194,FirstName8194,LastName8194,38194,Bangalore,2017-06-08,Finance
8195,FirstName8195,LastName8195,38195,Hyderabad,2017-06-09,Sales
8196,FirstName8196,LastName8196,38196,Chennai,2017-06-10,Marketing
8197,FirstName8197,LastName8197,38197,Delhi,2017-06-11,Support
8198,FirstName8198,LastName8198,38198,Noida,2017-06-12,Admin
8199,FirstName8199,LastName8199,38199,Gurgaon,2017-06-13,Operations
8200,FirstName8200,LastName8200,38200,Mumbai,2017-06-14,IT
8201,FirstName8201,LastName8201,38201,Pune,2017-06-15,HR
8202,FirstName8202,LastName8202,38202,Bangalore,2017-06-16,Finance
8203,FirstName8203,LastName8203,38203,Hyderabad,2017-06-17,Sales
8204,FirstName8204,LastName8204,38204,Chennai,2017-06-18,Marketing
8205,FirstName8205,LastName8205,38205,Delhi,2017-06-19,Support
8206,FirstName8206,LastName8206,38206,Noida,2017-06-20,Admin
8207,FirstName8207,LastName8207,38207,Gurgaon,2017-06-21,Operations
8208,FirstName8208,LastName8208,38208,Mumbai,2017-06-22,IT
8209,FirstName8209,LastName8209,38209,Pune,2017-06-23,HR
8210,FirstName8210,LastName8210,38210,Bangalore,2017-06-24,Finance
8211,FirstName8211,LastName8211,38211,Hyderabad,2017-06-25,Sales
8212,FirstName8212,LastName8212,38212,Chennai,2017-06-26,Marketing
8213,FirstName8213,LastName8213,38213,Delhi,2017-06-27,Support
8214,FirstName8214,LastName8214,38214,Noida,2017-06-28,Admin
8215,FirstName8215,LastName8215,38215,Gurgaon,2017-06-29,Operations
8216,FirstName8216,LastName8216,38216,Mumbai,2017-06-30,IT
8217,FirstName8217,LastName8217,38217,Pune,2017-07-01,HR
8218,FirstName8218,LastName8218,38218,Bangalore,2017-07-02,Finance
8219,FirstName8219,LastName8219,38219,Hyderabad,2017-07-03,Sales
8220,FirstName8220,LastName8220,38220,Chennai,2017-07-04,Marketing
8221,FirstName8221,LastName8221,38221,Delhi,2017-07-05,Support
8222,FirstName8222,LastName8222,38222,Noida,2017-07-06,Admin
8223,FirstName8223,LastName8223,38223,Gurgaon,2017-07-07,Operations
8224,FirstName8224,LastName8224,38224,Mumbai,2017-07-08,IT
8225,FirstName8225,LastName8225,38225,Pune,2017-07-09,HR
8226,FirstName8226,LastName8226,38226,Bangalore,2017-07-10,Finance
8227,FirstName8227,LastName8227,38227,Hyderabad,2017-07-11,Sales
8228,FirstName8228,LastName8228,38228,Chennai,2017-07-12,Marketing
8229,FirstName8229,LastName8229,38229,Delhi,2017-07-13,Support
8230,FirstName8230,LastName8230,38230,Noida,2017-07-14,Admin
8231,FirstName8231,LastName8231,38231,Gurgaon,2017-07-15,Operations
8232,FirstName8232,LastName8232,38232,Mumbai,2017-07-16,IT
8233,FirstName8233,LastName8233,38233,Pune,2017-07-17,HR
8234,FirstName8234,LastName8234,38234,Bangalore,2017-07-18,Finance
8235,FirstName8235,LastName8235,38235,Hyderabad,2017-07-19,Sales
8236,FirstName8236,LastName8236,38236,Chennai,2017-07-20,Marketing
8237,FirstName8237,LastName8237,38237,Delhi,2017-07-21,Support
8238,FirstName8238,LastName8238,38238,Noida,2017-07-22,Admin
8239,FirstName8239,LastName8239,38239,Gurgaon,2017-07-23,Operations
8240,FirstName8240,LastName8240,38240,Mumbai,2017-07-24,IT
8241,FirstName8241,LastName8241,38241,Pune,2017-07-25,HR
8242,FirstName8242,LastName8242,38242,Bangalore,2017-07-26,Finance
8243,FirstName8243,LastName8243,38243,Hyderabad,2017-07-27,Sales
8244,FirstName8244,LastName8244,38244,Chennai,2017-07-28,Marketing
8245,FirstName8245,LastName8245,38245,Delhi,2017-07-29,Support
8246,FirstName8246,LastName8246,38246,Noida,2017-07-30,Admin
8247,FirstName8247,LastName8247,38247,Gurgaon,2017-07-31,Operations
8248,FirstName8248,LastName8248,38248,Mumbai,2017-08-01,IT
8249,FirstName8249,LastName8249,38249,Pune,2017-08-02,HR
8250,FirstName8250,LastName8250,38250,Bangalore,2017-08-03,Finance
8251,FirstName8251,LastName8251,38251,Hyderabad,2017-08-04,Sales
8252,FirstName8252,LastName8252,38252,Chennai,2017-08-05,Marketing
8253,FirstName8253,LastName8253,38253,Delhi,2017-08-06,Support
8254,FirstName8254,LastName8254,38254,Noida,2017-08-07,Admin
8255,FirstName8255,LastName8255,38255,Gurgaon,2017-08-08,Operations
8256,FirstName8256,LastName8256,38256,Mumbai,2017-08-09,IT
8257,FirstName8257,LastName8257,38257,Pune,2017-08-10,HR
8258,FirstName8258,LastName8258,38258,Bangalore,2017-08-11,Finance
8259,FirstName8259,LastName8259,38259,Hyderabad,2017-08-12,Sales
8260,FirstName8260,LastName8260,38260,Chennai,2017-08-13,Marketing
8261,FirstName8261,LastName8261,38261,Delhi,2017-08-14,Support
8262,FirstName8262,LastName8262,38262,Noida,2017-08-15,Admin
8263,FirstName8263,LastName8263,38263,Gurgaon,2017-08-16,Operations
8264,FirstName8264,LastName8264,38264,Mumbai,2017-08-17,IT
8265,FirstName8265,LastName8265,38265,Pune,2017-08-18,HR
8266,FirstName8266,LastName8266,38266,Bangalore,2017-08-19,Finance
8267,FirstName8267,LastName8267,38267,Hyderabad,2017-08-20,Sales
8268,FirstName8268,LastName8268,38268,Chennai,2017-08-21,Marketing
8269,FirstName8269,LastName8269,38269,Delhi,2017-08-22,Support
8270,FirstName8270,LastName8270,38270,Noida,2017-08-23,Admin
8271,FirstName8271,LastName8271,38271,Gurgaon,2017-08-24,Operations
8272,FirstName8272,LastName8272,38272,Mumbai,2017-08-25,IT
8273,FirstName8273,LastName8273,38273,Pune,2017-08-26,HR
8274,FirstName8274,LastName8274,38274,Bangalore,2017-08-27,Finance
8275,FirstName8275,LastName8275,38275,Hyderabad,2017-08-28,Sales
8276,FirstName8276,LastName8276,38276,Chennai,2017-08-29,Marketing
8277,FirstName8277,LastName8277,38277,Delhi,2017-08-30,Support
8278,FirstName8278,LastName8278,38278,Noida,2017-08-31,Admin
8279,FirstName8279,LastName8279,38279,Gurgaon,2017-09-01,Operations
8280,FirstName8280,LastName8280,38280,Mumbai,2017-09-02,IT
8281,FirstName8281,LastName8281,38281,Pune,2017-09-03,HR
8282,FirstName8282,LastName8282,38282,Bangalore,2017-09-04,Finance
8283,FirstName8283,LastName8283,38283,Hyderabad,2017-09-05,Sales
8284,FirstName8284,LastName8284,38284,Chennai,2017-09-06,Marketing
8285,FirstName8285,LastName8285,38285,Delhi,2017-09-07,Support
8286,FirstName8286,LastName8286,38286,Noida,2017-09-08,Admin
8287,FirstName8287,LastName8287,38287,Gurgaon,2017-09-09,Operations
8288,FirstName8288,LastName8288,38288,Mumbai,2017-09-10,IT
8289,FirstName8289,LastName8289,38289,Pune,2017-09-11,HR
8290,FirstName8290,LastName8290,38290,Bangalore,2017-09-12,Finance
8291,FirstName8291,LastName8291,38291,Hyderabad,2017-09-13,Sales
8292,FirstName8292,LastName8292,38292,Chennai,2017-09-14,Marketing
8293,FirstName8293,LastName8293,38293,Delhi,2017-09-15,Support
8294,FirstName8294,LastName8294,38294,Noida,2017-09-16,Admin
8295,FirstName8295,LastName8295,38295,Gurgaon,2017-09-17,Operations
8296,FirstName8296,LastName8296,38296,Mumbai,2017-09-18,IT
8297,FirstName8297,LastName8297,38297,Pune,2017-09-19,HR
8298,FirstName8298,LastName8298,38298,Bangalore,2017-09-20,Finance
8299,FirstName8299,LastName8299,38299,Hyderabad,2017-09-21,Sales
8300,FirstName8300,LastName8300,38300,Chennai,2017-09-22,Marketing
8301,FirstName8301,LastName8301,38301,Delhi,2017-09-23,Support
8302,FirstName8302,LastName8302,38302,Noida,2017-09-24,Admin
8303,FirstName8303,LastName8303,38303,Gurgaon,2017-09-25,Operations
8304,FirstName8304,LastName8304,38304,Mumbai,2017-09-26,IT
8305,FirstName8305,LastName8305,38305,Pune,2017-09-27,HR
8306,FirstName8306,LastName8306,38306,Bangalore,2017-09-28,Finance
8307,FirstName8307,LastName8307,38307,Hyderabad,2017-09-29,Sales
8308,FirstName8308,LastName8308,38308,Chennai,2017-09-30,Marketing
8309,FirstName8309,LastName8309,38309,Delhi,2017-10-01,Support
8310,FirstName8310,LastName8310,38310,Noida,2017-10-02,Admin
8311,FirstName8311,LastName8311,38311,Gurgaon,2017-10-03,Operations
8312,FirstName8312,LastName8312,38312,Mumbai,2017-10-04,IT
8313,FirstName8313,LastName8313,38313,Pune,2017-10-05,HR
8314,FirstName8314,LastName8314,38314,Bangalore,2017-10-06,Finance
8315,FirstName8315,LastName8315,38315,Hyderabad,2017-10-07,Sales
8316,FirstName8316,LastName8316,38316,Chennai,2017-10-08,Marketing
8317,FirstName8317,LastName8317,38317,Delhi,2017-10-09,Support
8318,FirstName8318,LastName8318,38318,Noida,2017-10-10,Admin
8319,FirstName8319,LastName8319,38319,Gurgaon,2017-10-11,Operations
8320,FirstName8320,LastName8320,38320,Mumbai,2017-10-12,IT
8321,FirstName8321,LastName8321,38321,Pune,2017-10-13,HR
8322,FirstName8322,LastName8322,38322,Bangalore,2017-10-14,Finance
8323,FirstName8323,LastName8323,38323,Hyderabad,2017-10-15,Sales
8324,FirstName8324,LastName8324,38324,Chennai,2017-10-16,Marketing
8325,FirstName8325,LastName8325,38325,Delhi,2017-10-17,Support
8326,FirstName8326,LastName8326,38326,Noida,2017-10-18,Admin
8327,FirstName8327,LastName8327,38327,Gurgaon,2017-10-19,Operations
8328,FirstName8328,LastName8328,38328,Mumbai,2017-10-20,IT
8329,FirstName8329,LastName8329,38329,Pune,2017-10-21,HR
8330,FirstName8330,LastName8330,38330,Bangalore,2017-10-22,Finance
8331,FirstName8331,LastName8331,38331,Hyderabad,2017-10-23,Sales
8332,FirstName8332,LastName8332,38332,Chennai,2017-10-24,Marketing
8333,FirstName8333,LastName8333,38333,Delhi,2017-10-25,Support
8334,FirstName8334,LastName8334,38334,Noida,2017-10-26,Admin
8335,FirstName8335,LastName8335,38335,Gurgaon,2017-10-27,Operations
8336,FirstName8336,LastName8336,38336,Mumbai,2017-10-28,IT
8337,FirstName8337,LastName8337,38337,Pune,2017-10-29,HR
8338,FirstName8338,LastName8338,38338,Bangalore,2017-10-30,Finance
8339,FirstName8339,LastName8339,38339,Hyderabad,2017-10-31,Sales
8340,FirstName8340,LastName8340,38340,Chennai,2017-11-01,Marketing
8341,FirstName8341,LastName8341,38341,Delhi,2017-11-02,Support
8342,FirstName8342,LastName8342,38342,Noida,2017-11-03,Admin
8343,FirstName8343,LastName8343,38343,Gurgaon,2017-11-04,Operations
8344,FirstName8344,LastName8344,38344,Mumbai,2017-11-05,IT
8345,FirstName8345,LastName8345,38345,Pune,2017-11-06,HR
8346,FirstName8346,LastName8346,38346,Bangalore,2017-11-07,Finance
8347,FirstName8347,LastName8347,38347,Hyderabad,2017-11-08,Sales
8348,FirstName8348,LastName8348,38348,Chennai,2017-11-09,Marketing
8349,FirstName8349,LastName8349,38349,Delhi,2017-11-10,Support
8350,FirstName8350,LastName8350,38350,Noida,2017-11-11,Admin
8351,FirstName8351,LastName8351,38351,Gurgaon,2017-11-12,Operations
8352,FirstName8352,LastName8352,38352,Mumbai,2017-11-13,IT
8353,FirstName8353,LastName8353,38353,Pune,2017-11-14,HR
8354,FirstName8354,LastName8354,38354,Bangalore,2017-11-15,Finance
8355,FirstName8355,LastName8355,38355,Hyderabad,2017-11-16,Sales
8356,FirstName8356,LastName8356,38356,Chennai,2017-11-17,Marketing
8357,FirstName8357,LastName8357,38357,Delhi,2017-11-18,Support
8358,FirstName8358,LastName8358,38358,Noida,2017-11-19,Admin
8359,FirstName8359,LastName8359,38359,Gurgaon,2017-11-20,Operations
8360,FirstName8360,LastName8360,38360,Mumbai,2017-11-21,IT
8361,FirstName8361,LastName8361,38361,Pune,2017-11-22,HR
8362,FirstName8362,LastName8362,38362,Bangalore,2017-11-23,Finance
8363,FirstName8363,LastName8363,38363,Hyderabad,2017-11-24,Sales
8364,FirstName8364,LastName8364,38364,Chennai,2017-11-25,Marketing
8365,FirstName8365,LastName8365,38365,Delhi,2017-11-26,Support
8366,FirstName8366,LastName8366,38366,Noida,2017-11-27,Admin
8367,FirstName8367,LastName8367,38367,Gurgaon,2017-11-28,Operations
8368,FirstName8368,LastName8368,38368,Mumbai,2017-11-29,IT
8369,FirstName8369,LastName8369,38369,Pune,2017-11-30,HR
8370,FirstName8370,LastName8370,38370,Bangalore,2017-12-01,Finance
8371,FirstName8371,LastName8371,38371,Hyderabad,2017-12-02,Sales
8372,FirstName8372,LastName8372,38372,Chennai,2017-12-03,Marketing
8373,FirstName8373,LastName8373,38373,Delhi,2017-12-04,Support
8374,FirstName8374,LastName8374,38374,Noida,2017-12-05,Admin
8375,FirstName8375,LastName8375,38375,Gurgaon,2017-12-06,Operations
8376,FirstName8376,LastName8376,38376,Mumbai,2017-12-07,IT
8377,FirstName8377,LastName8377,38377,Pune,2017-12-08,HR
8378,FirstName8378,LastName8378,38378,Bangalore,2017-12-09,Finance
8379,FirstName8379,LastName8379,38379,Hyderabad,2017-12-10,Sales
8380,FirstName8380,LastName8380,38380,Chennai,2017-12-11,Marketing
8381,FirstName8381,LastName8381,38381,Delhi,2017-12-12,Support
8382,FirstName8382,LastName8382,38382,Noida,2017-12-13,Admin
8383,FirstName8383,LastName8383,38383,Gurgaon,2017-12-14,Operations
8384,FirstName8384,LastName8384,38384,Mumbai,2017-12-15,IT
8385,FirstName8385,LastName8385,38385,Pune,2017-12-16,HR
8386,FirstName8386,LastName8386,38386,Bangalore,2017-12-17,Finance
8387,FirstName8387,LastName8387,38387,Hyderabad,2017-12-18,Sales
8388,FirstName8388,LastName8388,38388,Chennai,2017-12-19,Marketing
8389,FirstName8389,LastName8389,38389,Delhi,2017-12-20,Support
8390,FirstName8390,LastName8390,38390,Noida,2017-12-21,Admin
8391,FirstName8391,LastName8391,38391,Gurgaon,2017-12-22,Operations
8392,FirstName8392,LastName8392,38392,Mumbai,2017-12-23,IT
8393,FirstName8393,LastName8393,38393,Pune,2017-12-24,HR
8394,FirstName8394,LastName8394,38394,Bangalore,2017-12-25,Finance
8395,FirstName8395,LastName8395,38395,Hyderabad,2017-12-26,Sales
8396,FirstName8396,LastName8396,38396,Chennai,2017-12-27,Marketing
8397,FirstName8397,LastName8397,38397,Delhi,2017-12-28,Support
8398,FirstName8398,LastName8398,38398,Noida,2017-12-29,Admin
8399,FirstName8399,LastName8399,38399,Gurgaon,2017-12-30,Operations
8400,FirstName8400,LastName8400,38400,Mumbai,2017-12-31,IT
8401,FirstName8401,LastName8401,38401,Pune,2018-01-01,HR
8402,FirstName8402,LastName8402,38402,Bangalore,2018-01-02,Finance
8403,FirstName8403,LastName8403,38403,Hyderabad,2018-01-03,Sales
8404,FirstName8404,LastName8404,38404,Chennai,2018-01-04,Marketing
8405,FirstName8405,LastName8405,38405,Delhi,2018-01-05,Support
8406,FirstName8406,LastName8406,38406,Noida,2018-01-06,Admin
8407,FirstName8407,LastName8407,38407,Gurgaon,2018-01-07,Operations
8408,FirstName8408,LastName8408,38408,Mumbai,2018-01-08,IT
8409,FirstName8409,LastName8409,38409,Pune,2018-01-09,HR
8410,FirstName8410,LastName8410,38410,Bangalore,2018-01-10,Finance
8411,FirstName8411,LastName8411,38411,Hyderabad,2018-01-11,Sales
8412,FirstName8412,LastName8412,38412,Chennai,2018-01-12,Marketing
8413,FirstName8413,LastName8413,38413,Delhi,2018-01-13,Support
8414,FirstName8414,LastName8414,38414,Noida,2018-01-14,Admin
8415,FirstName8415,LastName8415,38415,Gurgaon,2018-01-15,Operations
8416,FirstName8416,LastName8416,38416,Mumbai,2018-01-16,IT
8417,FirstName8417,LastName8417,38417,Pune,2018-01-17,HR
8418,FirstName8418,LastName8418,38418,Bangalore,2018-01-18,Finance
8419,FirstName8419,LastName8419,38419,Hyderabad,2018-01-19,Sales
8420,FirstName8420,LastName8420,38420,Chennai,2018-01-20,Marketing
8421,FirstName8421,LastName8421,38421,Delhi,2018-01-21,Support
8422,FirstName8422,LastName8422,38422,Noida,2018-01-22,Admin
8423,FirstName8423,LastName8423,38423,Gurgaon,2018-01-23,Operations
8424,FirstName8424,LastName8424,38424,Mumbai,2018-01-24,IT
8425,FirstName8425,LastName8425,38425,Pune,2018-01-25,HR
8426,FirstName8426,LastName8426,38426,Bangalore,2018-01-26,Finance
8427,FirstName8427,LastName8427,38427,Hyderabad,2018-01-27,Sales
8428,FirstName8428,LastName8428,38428,Chennai,2018-01-28,Marketing
8429,FirstName8429,LastName8429,38429,Delhi,2018-01-29,Support
8430,FirstName8430,LastName8430,38430,Noida,2018-01-30,Admin
8431,FirstName8431,LastName8431,38431,Gurgaon,2018-01-31,Operations
8432,FirstName8432,LastName8432,38432,Mumbai,2018-02-01,IT
8433,FirstName8433,LastName8433,38433,Pune,2018-02-02,HR
8434,FirstName8434,LastName8434,38434,Bangalore,2018-02-03,Finance
8435,FirstName8435,LastName8435,38435,Hyderabad,2018-02-04,Sales
8436,FirstName8436,LastName8436,38436,Chennai,2018-02-05,Marketing
8437,FirstName8437,LastName8437,38437,Delhi,2018-02-06,Support
8438,FirstName8438,LastName8438,38438,Noida,2018-02-07,Admin
8439,FirstName8439,LastName8439,38439,Gurgaon,2018-02-08,Operations
8440,FirstName8440,LastName8440,38440,Mumbai,2018-02-09,IT
8441,FirstName8441,LastName8441,38441,Pune,2018-02-10,HR
8442,FirstName8442,LastName8442,38442,Bangalore,2018-02-11,Finance
8443,FirstName8443,LastName8443,38443,Hyderabad,2018-02-12,Sales
8444,FirstName8444,LastName8444,38444,Chennai,2018-02-13,Marketing
8445,FirstName8445,LastName8445,38445,Delhi,2018-02-14,Support
8446,FirstName8446,LastName8446,38446,Noida,2018-02-15,Admin
8447,FirstName8447,LastName8447,38447,Gurgaon,2018-02-16,Operations
8448,FirstName8448,LastName8448,38448,Mumbai,2018-02-17,IT
8449,FirstName8449,LastName8449,38449,Pune,2018-02-18,HR
8450,FirstName8450,LastName8450,38450,Bangalore,2018-02-19,Finance
8451,FirstName8451,LastName8451,38451,Hyderabad,2018-02-20,Sales
8452,FirstName8452,LastName8452,38452,Chennai,2018-02-21,Marketing
8453,FirstName8453,LastName8453,38453,Delhi,2018-02-22,Support
8454,FirstName8454,LastName8454,38454,Noida,2018-02-23,Admin
8455,FirstName8455,LastName8455,38455,Gurgaon,2018-02-24,Operations
8456,FirstName8456,LastName8456,38456,Mumbai,2018-02-25,IT
8457,FirstName8457,LastName8457,38457,Pune,2018-02-26,HR
8458,FirstName8458,LastName8458,38458,Bangalore,2018-02-27,Finance
8459,FirstName8459,LastName8459,38459,Hyderabad,2018-02-28,Sales
8460,FirstName8460,LastName8460,38460,Chennai,2018-03-01,Marketing
8461,FirstName8461,LastName8461,38461,Delhi,2018-03-02,Support
8462,FirstName8462,LastName8462,38462,Noida,2018-03-03,Admin
8463,FirstName8463,LastName8463,38463,Gurgaon,2018-03-04,Operations
8464,FirstName8464,LastName8464,38464,Mumbai,2018-03-05,IT
8465,FirstName8465,LastName8465,38465,Pune,2018-03-06,HR
8466,FirstName8466,LastName8466,38466,Bangalore,2018-03-07,Finance
8467,FirstName8467,LastName8467,38467,Hyderabad,2018-03-08,Sales
8468,FirstName8468,LastName8468,38468,Chennai,2018-03-09,Marketing
8469,FirstName8469,LastName8469,38469,Delhi,2018-03-10,Support
8470,FirstName8470,LastName8470,38470,Noida,2018-03-11,Admin
8471,FirstName8471,LastName8471,38471,Gurgaon,2018-03-12,Operations
8472,FirstName8472,LastName8472,38472,Mumbai,2018-03-13,IT
8473,FirstName8473,LastName8473,38473,Pune,2018-03-14,HR
8474,FirstName8474,LastName8474,38474,Bangalore,2018-03-15,Finance
8475,FirstName8475,LastName8475,38475,Hyderabad,2018-03-16,Sales
8476,FirstName8476,LastName8476,38476,Chennai,2018-03-17,Marketing
8477,FirstName8477,LastName8477,38477,Delhi,2018-03-18,Support
8478,FirstName8478,LastName8478,38478,Noida,2018-03-19,Admin
8479,FirstName8479,LastName8479,38479,Gurgaon,2018-03-20,Operations
8480,FirstName8480,LastName8480,38480,Mumbai,2018-03-21,IT
8481,FirstName8481,LastName8481,38481,Pune,2018-03-22,HR
8482,FirstName8482,LastName8482,38482,Bangalore,2018-03-23,Finance
8483,FirstName8483,LastName8483,38483,Hyderabad,2018-03-24,Sales
8484,FirstName8484,LastName8484,38484,Chennai,2018-03-25,Marketing
8485,FirstName8485,LastName8485,38485,Delhi,2018-03-26,Support
8486,FirstName8486,LastName8486,38486,Noida,2018-03-27,Admin
8487,FirstName8487,LastName8487,38487,Gurgaon,2018-03-28,Operations
8488,FirstName8488,LastName8488,38488,Mumbai,2018-03-29,IT
8489,FirstName8489,LastName8489,38489,Pune,2018-03-30,HR
8490,FirstName8490,LastName8490,38490,Bangalore,2018-03-31,Finance
8491,FirstName8491,LastName8491,38491,Hyderabad,2018-04-01,Sales
8492,FirstName8492,LastName8492,38492,Chennai,2018-04-02,Marketing
8493,FirstName8493,LastName8493,38493,Delhi,2018-04-03,Support
8494,FirstName8494,LastName8494,38494,Noida,2018-04-04,Admin
8495,FirstName8495,LastName8495,38495,Gurgaon,2018-04-05,Operations
8496,FirstName8496,LastName8496,38496,Mumbai,2018-04-06,IT
8497,FirstName8497,LastName8497,38497,Pune,2018-04-07,HR
8498,FirstName8498,LastName8498,38498,Bangalore,2018-04-08,Finance
8499,FirstName8499,LastName8499,38499,Hyderabad,2018-04-09,Sales
8500,FirstName8500,LastName8500,38500,Chennai,2018-04-10,Marketing
8501,FirstName8501,LastName8501,38501,Delhi,2018-04-11,Support
8502,FirstName8502,LastName8502,38502,Noida,2018-04-12,Admin
8503,FirstName8503,LastName8503,38503,Gurgaon,2018-04-13,Operations
8504,FirstName8504,LastName8504,38504,Mumbai,2018-04-14,IT
8505,FirstName8505,LastName8505,38505,Pune,2018-04-15,HR
8506,FirstName8506,LastName8506,38506,Bangalore,2018-04-16,Finance
8507,FirstName8507,LastName8507,38507,Hyderabad,2018-04-17,Sales
8508,FirstName8508,LastName8508,38508,Chennai,2018-04-18,Marketing
8509,FirstName8509,LastName8509,38509,Delhi,2018-04-19,Support
8510,FirstName8510,LastName8510,38510,Noida,2018-04-20,Admin
8511,FirstName8511,LastName8511,38511,Gurgaon,2018-04-21,Operations
8512,FirstName8512,LastName8512,38512,Mumbai,2018-04-22,IT
8513,FirstName8513,LastName8513,38513,Pune,2018-04-23,HR
8514,FirstName8514,LastName8514,38514,Bangalore,2018-04-24,Finance
8515,FirstName8515,LastName8515,38515,Hyderabad,2018-04-25,Sales
8516,FirstName8516,LastName8516,38516,Chennai,2018-04-26,Marketing
8517,FirstName8517,LastName8517,38517,Delhi,2018-04-27,Support
8518,FirstName8518,LastName8518,38518,Noida,2018-04-28,Admin
8519,FirstName8519,LastName8519,38519,Gurgaon,2018-04-29,Operations
8520,FirstName8520,LastName8520,38520,Mumbai,2018-04-30,IT
8521,FirstName8521,LastName8521,38521,Pune,2018-05-01,HR
8522,FirstName8522,LastName8522,38522,Bangalore,2018-05-02,Finance
8523,FirstName8523,LastName8523,38523,Hyderabad,2018-05-03,Sales
8524,FirstName8524,LastName8524,38524,Chennai,2018-05-04,Marketing
8525,FirstName8525,LastName8525,38525,Delhi,2018-05-05,Support
8526,FirstName8526,LastName8526,38526,Noida,2018-05-06,Admin
8527,FirstName8527,LastName8527,38527,Gurgaon,2018-05-07,Operations
8528,FirstName8528,LastName8528,38528,Mumbai,2018-05-08,IT
8529,FirstName8529,LastName8529,38529,Pune,2018-05-09,HR
8530,FirstName8530,LastName8530,38530,Bangalore,2018-05-10,Finance
8531,FirstName8531,LastName8531,38531,Hyderabad,2018-05-11,Sales
8532,FirstName8532,LastName8532,38532,Chennai,2018-05-12,Marketing
8533,FirstName8533,LastName8533,38533,Delhi,2018-05-13,Support
8534,FirstName8534,LastName8534,38534,Noida,2018-05-14,Admin
8535,FirstName8535,LastName8535,38535,Gurgaon,2018-05-15,Operations
8536,FirstName8536,LastName8536,38536,Mumbai,2018-05-16,IT
8537,FirstName8537,LastName8537,38537,Pune,2018-05-17,HR
8538,FirstName8538,LastName8538,38538,Bangalore,2018-05-18,Finance
8539,FirstName8539,LastName8539,38539,Hyderabad,2018-05-19,Sales
8540,FirstName8540,LastName8540,38540,Chennai,2018-05-20,Marketing
8541,FirstName8541,LastName8541,38541,Delhi,2018-05-21,Support
8542,FirstName8542,LastName8542,38542,Noida,2018-05-22,Admin
8543,FirstName8543,LastName8543,38543,Gurgaon,2018-05-23,Operations
8544,FirstName8544,LastName8544,38544,Mumbai,2018-05-24,IT
8545,FirstName8545,LastName8545,38545,Pune,2018-05-25,HR
8546,FirstName8546,LastName8546,38546,Bangalore,2018-05-26,Finance
8547,FirstName8547,LastName8547,38547,Hyderabad,2018-05-27,Sales
8548,FirstName8548,LastName8548,38548,Chennai,2018-05-28,Marketing
8549,FirstName8549,LastName8549,38549,Delhi,2018-05-29,Support
8550,FirstName8550,LastName8550,38550,Noida,2018-05-30,Admin
8551,FirstName8551,LastName8551,38551,Gurgaon,2018-05-31,Operations
8552,FirstName8552,LastName8552,38552,Mumbai,2018-06-01,IT
8553,FirstName8553,LastName8553,38553,Pune,2018-06-02,HR
8554,FirstName8554,LastName8554,38554,Bangalore,2018-06-03,Finance
8555,FirstName8555,LastName8555,38555,Hyderabad,2018-06-04,Sales
8556,FirstName8556,LastName8556,38556,Chennai,2018-06-05,Marketing
8557,FirstName8557,LastName8557,38557,Delhi,2018-06-06,Support
8558,FirstName8558,LastName8558,38558,Noida,2018-06-07,Admin
8559,FirstName8559,LastName8559,38559,Gurgaon,2018-06-08,Operations
8560,FirstName8560,LastName8560,38560,Mumbai,2018-06-09,IT
8561,FirstName8561,LastName8561,38561,Pune,2018-06-10,HR
8562,FirstName8562,LastName8562,38562,Bangalore,2018-06-11,Finance
8563,FirstName8563,LastName8563,38563,Hyderabad,2018-06-12,Sales
8564,FirstName8564,LastName8564,38564,Chennai,2018-06-13,Marketing
8565,FirstName8565,LastName8565,38565,Delhi,2018-06-14,Support
8566,FirstName8566,LastName8566,38566,Noida,2018-06-15,Admin
8567,FirstName8567,LastName8567,38567,Gurgaon,2018-06-16,Operations
8568,FirstName8568,LastName8568,38568,Mumbai,2018-06-17,IT
8569,FirstName8569,LastName8569,38569,Pune,2018-06-18,HR
8570,FirstName8570,LastName8570,38570,Bangalore,2018-06-19,Finance
8571,FirstName8571,LastName8571,38571,Hyderabad,2018-06-20,Sales
8572,FirstName8572,LastName8572,38572,Chennai,2018-06-21,Marketing
8573,FirstName8573,LastName8573,38573,Delhi,2018-06-22,Support
8574,FirstName8574,LastName8574,38574,Noida,2018-06-23,Admin
8575,FirstName8575,LastName8575,38575,Gurgaon,2018-06-24,Operations
8576,FirstName8576,LastName8576,38576,Mumbai,2018-06-25,IT
8577,FirstName8577,LastName8577,38577,Pune,2018-06-26,HR
8578,FirstName8578,LastName8578,38578,Bangalore,2018-06-27,Finance
8579,FirstName8579,LastName8579,38579,Hyderabad,2018-06-28,Sales
8580,FirstName8580,LastName8580,38580,Chennai,2018-06-29,Marketing
8581,FirstName8581,LastName8581,38581,Delhi,2018-06-30,Support
8582,FirstName8582,LastName8582,38582,Noida,2018-07-01,Admin
8583,FirstName8583,LastName8583,38583,Gurgaon,2018-07-02,Operations
8584,FirstName8584,LastName8584,38584,Mumbai,2018-07-03,IT
8585,FirstName8585,LastName8585,38585,Pune,2018-07-04,HR
8586,FirstName8586,LastName8586,38586,Bangalore,2018-07-05,Finance
8587,FirstName8587,LastName8587,38587,Hyderabad,2018-07-06,Sales
8588,FirstName8588,LastName8588,38588,Chennai,2018-07-07,Marketing
8589,FirstName8589,LastName8589,38589,Delhi,2018-07-08,Support
8590,FirstName8590,LastName8590,38590,Noida,2018-07-09,Admin
8591,FirstName8591,LastName8591,38591,Gurgaon,2018-07-10,Operations
8592,FirstName8592,LastName8592,38592,Mumbai,2018-07-11,IT
8593,FirstName8593,LastName8593,38593,Pune,2018-07-12,HR
8594,FirstName8594,LastName8594,38594,Bangalore,2018-07-13,Finance
8595,FirstName8595,LastName8595,38595,Hyderabad,2018-07-14,Sales
8596,FirstName8596,LastName8596,38596,Chennai,2018-07-15,Marketing
8597,FirstName8597,LastName8597,38597,Delhi,2018-07-16,Support
8598,FirstName8598,LastName8598,38598,Noida,2018-07-17,Admin
8599,FirstName8599,LastName8599,38599,Gurgaon,2018-07-18,Operations
8600,FirstName8600,LastName8600,38600,Mumbai,2018-07-19,IT
8601,FirstName8601,LastName8601,38601,Pune,2018-07-20,HR
8602,FirstName8602,LastName8602,38602,Bangalore,2018-07-21,Finance
8603,FirstName8603,LastName8603,38603,Hyderabad,2018-07-22,Sales
8604,FirstName8604,LastName8604,38604,Chennai,2018-07-23,Marketing
8605,FirstName8605,LastName8605,38605,Delhi,2018-07-24,Support
8606,FirstName8606,LastName8606,38606,Noida,2018-07-25,Admin
8607,FirstName8607,LastName8607,38607,Gurgaon,2018-07-26,Operations
8608,FirstName8608,LastName8608,38608,Mumbai,2018-07-27,IT
8609,FirstName8609,LastName8609,38609,Pune,2018-07-28,HR
8610,FirstName8610,LastName8610,38610,Bangalore,2018-07-29,Finance
8611,FirstName8611,LastName8611,38611,Hyderabad,2018-07-30,Sales
8612,FirstName8612,LastName8612,38612,Chennai,2018-07-31,Marketing
8613,FirstName8613,LastName8613,38613,Delhi,2018-08-01,Support
8614,FirstName8614,LastName8614,38614,Noida,2018-08-02,Admin
8615,FirstName8615,LastName8615,38615,Gurgaon,2018-08-03,Operations
8616,FirstName8616,LastName8616,38616,Mumbai,2018-08-04,IT
8617,FirstName8617,LastName8617,38617,Pune,2018-08-05,HR
8618,FirstName8618,LastName8618,38618,Bangalore,2018-08-06,Finance
8619,FirstName8619,LastName8619,38619,Hyderabad,2018-08-07,Sales
8620,FirstName8620,LastName8620,38620,Chennai,2018-08-08,Marketing
8621,FirstName8621,LastName8621,38621,Delhi,2018-08-09,Support
8622,FirstName8622,LastName8622,38622,Noida,2018-08-10,Admin
8623,FirstName8623,LastName8623,38623,Gurgaon,2018-08-11,Operations
8624,FirstName8624,LastName8624,38624,Mumbai,2018-08-12,IT
8625,FirstName8625,LastName8625,38625,Pune,2018-08-13,HR
8626,FirstName8626,LastName8626,38626,Bangalore,2018-08-14,Finance
8627,FirstName8627,LastName8627,38627,Hyderabad,2018-08-15,Sales
8628,FirstName8628,LastName8628,38628,Chennai,2018-08-16,Marketing
8629,FirstName8629,LastName8629,38629,Delhi,2018-08-17,Support
8630,FirstName8630,LastName8630,38630,Noida,2018-08-18,Admin
8631,FirstName8631,LastName8631,38631,Gurgaon,2018-08-19,Operations
8632,FirstName8632,LastName8632,38632,Mumbai,2018-08-20,IT
8633,FirstName8633,LastName8633,38633,Pune,2018-08-21,HR
8634,FirstName8634,LastName8634,38634,Bangalore,2018-08-22,Finance
8635,FirstName8635,LastName8635,38635,Hyderabad,2018-08-23,Sales
8636,FirstName8636,LastName8636,38636,Chennai,2018-08-24,Marketing
8637,FirstName8637,LastName8637,38637,Delhi,2018-08-25,Support
8638,FirstName8638,LastName8638,38638,Noida,2018-08-26,Admin
8639,FirstName8639,LastName8639,38639,Gurgaon,2018-08-27,Operations
8640,FirstName8640,LastName8640,38640,Mumbai,2018-08-28,IT
8641,FirstName8641,LastName8641,38641,Pune,2018-08-29,HR
8642,FirstName8642,LastName8642,38642,Bangalore,2018-08-30,Finance
8643,FirstName8643,LastName8643,38643,Hyderabad,2018-08-31,Sales
8644,FirstName8644,LastName8644,38644,Chennai,2018-09-01,Marketing
8645,FirstName8645,LastName8645,38645,Delhi,2018-09-02,Support
8646,FirstName8646,LastName8646,38646,Noida,2018-09-03,Admin
8647,FirstName8647,LastName8647,38647,Gurgaon,2018-09-04,Operations
8648,FirstName8648,LastName8648,38648,Mumbai,2018-09-05,IT
8649,FirstName8649,LastName8649,38649,Pune,2018-09-06,HR
8650,FirstName8650,LastName8650,38650,Bangalore,2018-09-07,Finance
8651,FirstName8651,LastName8651,38651,Hyderabad,2018-09-08,Sales
8652,FirstName8652,LastName8652,38652,Chennai,2018-09-09,Marketing
8653,FirstName8653,LastName8653,38653,Delhi,2018-09-10,Support
8654,FirstName8654,LastName8654,38654,Noida,2018-09-11,Admin
8655,FirstName8655,LastName8655,38655,Gurgaon,2018-09-12,Operations
8656,FirstName8656,LastName8656,38656,Mumbai,2018-09-13,IT
8657,FirstName8657,LastName8657,38657,Pune,2018-09-14,HR
8658,FirstName8658,LastName8658,38658,Bangalore,2018-09-15,Finance
8659,FirstName8659,LastName8659,38659,Hyderabad,2018-09-16,Sales
8660,FirstName8660,LastName8660,38660,Chennai,2018-09-17,Marketing
8661,FirstName8661,LastName8661,38661,Delhi,2018-09-18,Support
8662,FirstName8662,LastName8662,38662,Noida,2018-09-19,Admin
8663,FirstName8663,LastName8663,38663,Gurgaon,2018-09-20,Operations
8664,FirstName8664,LastName8664,38664,Mumbai,2018-09-21,IT
8665,FirstName8665,LastName8665,38665,Pune,2018-09-22,HR
8666,FirstName8666,LastName8666,38666,Bangalore,2018-09-23,Finance
8667,FirstName8667,LastName8667,38667,Hyderabad,2018-09-24,Sales
8668,FirstName8668,LastName8668,38668,Chennai,2018-09-25,Marketing
8669,FirstName8669,LastName8669,38669,Delhi,2018-09-26,Support
8670,FirstName8670,LastName8670,38670,Noida,2018-09-27,Admin
8671,FirstName8671,LastName8671,38671,Gurgaon,2018-09-28,Operations
8672,FirstName8672,LastName8672,38672,Mumbai,2018-09-29,IT
8673,FirstName8673,LastName8673,38673,Pune,2018-09-30,HR
8674,FirstName8674,LastName8674,38674,Bangalore,2018-10-01,Finance
8675,FirstName8675,LastName8675,38675,Hyderabad,2018-10-02,Sales
8676,FirstName8676,LastName8676,38676,Chennai,2018-10-03,Marketing
8677,FirstName8677,LastName8677,38677,Delhi,2018-10-04,Support
8678,FirstName8678,LastName8678,38678,Noida,2018-10-05,Admin
8679,FirstName8679,LastName8679,38679,Gurgaon,2018-10-06,Operations
8680,FirstName8680,LastName8680,38680,Mumbai,2018-10-07,IT
8681,FirstName8681,LastName8681,38681,Pune,2018-10-08,HR
8682,FirstName8682,LastName8682,38682,Bangalore,2018-10-09,Finance
8683,FirstName8683,LastName8683,38683,Hyderabad,2018-10-10,Sales
8684,FirstName8684,LastName8684,38684,Chennai,2018-10-11,Marketing
8685,FirstName8685,LastName8685,38685,Delhi,2018-10-12,Support
8686,FirstName8686,LastName8686,38686,Noida,2018-10-13,Admin
8687,FirstName8687,LastName8687,38687,Gurgaon,2018-10-14,Operations
8688,FirstName8688,LastName8688,38688,Mumbai,2018-10-15,IT
8689,FirstName8689,LastName8689,38689,Pune,2018-10-16,HR
8690,FirstName8690,LastName8690,38690,Bangalore,2018-10-17,Finance
8691,FirstName8691,LastName8691,38691,Hyderabad,2018-10-18,Sales
8692,FirstName8692,LastName8692,38692,Chennai,2018-10-19,Marketing
8693,FirstName8693,LastName8693,38693,Delhi,2018-10-20,Support
8694,FirstName8694,LastName8694,38694,Noida,2018-10-21,Admin
8695,FirstName8695,LastName8695,38695,Gurgaon,2018-10-22,Operations
8696,FirstName8696,LastName8696,38696,Mumbai,2018-10-23,IT
8697,FirstName8697,LastName8697,38697,Pune,2018-10-24,HR
8698,FirstName8698,LastName8698,38698,Bangalore,2018-10-25,Finance
8699,FirstName8699,LastName8699,38699,Hyderabad,2018-10-26,Sales
8700,FirstName8700,LastName8700,38700,Chennai,2018-10-27,Marketing
8701,FirstName8701,LastName8701,38701,Delhi,2018-10-28,Support
8702,FirstName8702,LastName8702,38702,Noida,2018-10-29,Admin
8703,FirstName8703,LastName8703,38703,Gurgaon,2018-10-30,Operations
8704,FirstName8704,LastName8704,38704,Mumbai,2018-10-31,IT
8705,FirstName8705,LastName8705,38705,Pune,2018-11-01,HR
8706,FirstName8706,LastName8706,38706,Bangalore,2018-11-02,Finance
8707,FirstName8707,LastName8707,38707,Hyderabad,2018-11-03,Sales
8708,FirstName8708,LastName8708,38708,Chennai,2018-11-04,Marketing
8709,FirstName8709,LastName8709,38709,Delhi,2018-11-05,Support
8710,FirstName8710,LastName8710,38710,Noida,2018-11-06,Admin
8711,FirstName8711,LastName8711,38711,Gurgaon,2018-11-07,Operations
8712,FirstName8712,LastName8712,38712,Mumbai,2018-11-08,IT
8713,FirstName8713,LastName8713,38713,Pune,2018-11-09,HR
8714,FirstName8714,LastName8714,38714,Bangalore,2018-11-10,Finance
8715,FirstName8715,LastName8715,38715,Hyderabad,2018-11-11,Sales
8716,FirstName8716,LastName8716,38716,Chennai,2018-11-12,Marketing
8717,FirstName8717,LastName8717,38717,Delhi,2018-11-13,Support
8718,FirstName8718,LastName8718,38718,Noida,2018-11-14,Admin
8719,FirstName8719,LastName8719,38719,Gurgaon,2018-11-15,Operations
8720,FirstName8720,LastName8720,38720,Mumbai,2018-11-16,IT
8721,FirstName8721,LastName8721,38721,Pune,2018-11-17,HR
8722,FirstName8722,LastName8722,38722,Bangalore,2018-11-18,Finance
8723,FirstName8723,LastName8723,38723,Hyderabad,2018-11-19,Sales
8724,FirstName8724,LastName8724,38724,Chennai,2018-11-20,Marketing
8725,FirstName8725,LastName8725,38725,Delhi,2018-11-21,Support
8726,FirstName8726,LastName8726,38726,Noida,2018-11-22,Admin
8727,FirstName8727,LastName8727,38727,Gurgaon,2018-11-23,Operations
8728,FirstName8728,LastName8728,38728,Mumbai,2018-11-24,IT
8729,FirstName8729,LastName8729,38729,Pune,2018-11-25,HR
8730,FirstName8730,LastName8730,38730,Bangalore,2018-11-26,Finance
8731,FirstName8731,LastName8731,38731,Hyderabad,2018-11-27,Sales
8732,FirstName8732,LastName8732,38732,Chennai,2018-11-28,Marketing
8733,FirstName8733,LastName8733,38733,Delhi,2018-11-29,Support
8734,FirstName8734,LastName8734,38734,Noida,2018-11-30,Admin
8735,FirstName8735,LastName8735,38735,Gurgaon,2018-12-01,Operations
8736,FirstName8736,LastName8736,38736,Mumbai,2018-12-02,IT
8737,FirstName8737,LastName8737,38737,Pune,2018-12-03,HR
8738,FirstName8738,LastName8738,38738,Bangalore,2018-12-04,Finance
8739,FirstName8739,LastName8739,38739,Hyderabad,2018-12-05,Sales
8740,FirstName8740,LastName8740,38740,Chennai,2018-12-06,Marketing
8741,FirstName8741,LastName8741,38741,Delhi,2018-12-07,Support
8742,FirstName8742,LastName8742,38742,Noida,2018-12-08,Admin
8743,FirstName8743,LastName8743,38743,Gurgaon,2018-12-09,Operations
8744,FirstName8744,LastName8744,38744,Mumbai,2018-12-10,IT
8745,FirstName8745,LastName8745,38745,Pune,2018-12-11,HR
8746,FirstName8746,LastName8746,38746,Bangalore,2018-12-12,Finance
8747,FirstName8747,LastName8747,38747,Hyderabad,2018-12-13,Sales
8748,FirstName8748,LastName8748,38748,Chennai,2018-12-14,Marketing
8749,FirstName8749,LastName8749,38749,Delhi,2018-12-15,Support
8750,FirstName8750,LastName8750,38750,Noida,2018-12-16,Admin
8751,FirstName8751,LastName8751,38751,Gurgaon,2018-12-17,Operations
8752,FirstName8752,LastName8752,38752,Mumbai,2018-12-18,IT
8753,FirstName8753,LastName8753,38753,Pune,2018-12-19,HR
8754,FirstName8754,LastName8754,38754,Bangalore,2018-12-20,Finance
8755,FirstName8755,LastName8755,38755,Hyderabad,2018-12-21,Sales
8756,FirstName8756,LastName8756,38756,Chennai,2018-12-22,Marketing
8757,FirstName8757,LastName8757,38757,Delhi,2018-12-23,Support
8758,FirstName8758,LastName8758,38758,Noida,2018-12-24,Admin
8759,FirstName8759,LastName8759,38759,Gurgaon,2018-12-25,Operations
8760,FirstName8760,LastName8760,38760,Mumbai,2018-12-26,IT
8761,FirstName8761,LastName8761,38761,Pune,2018-12-27,HR
8762,FirstName8762,LastName8762,38762,Bangalore,2018-12-28,Finance
8763,FirstName8763,LastName8763,38763,Hyderabad,2018-12-29,Sales
8764,FirstName8764,LastName8764,38764,Chennai,2018-12-30,Marketing
8765,FirstName8765,LastName8765,38765,Delhi,2018-12-31,Support
8766,FirstName8766,LastName8766,38766,Noida,2019-01-01,Admin
8767,FirstName8767,LastName8767,38767,Gurgaon,2019-01-02,Operations
8768,FirstName8768,LastName8768,38768,Mumbai,2019-01-03,IT
8769,FirstName8769,LastName8769,38769,Pune,2019-01-04,HR
8770,FirstName8770,LastName8770,38770,Bangalore,2019-01-05,Finance
8771,FirstName8771,LastName8771,38771,Hyderabad,2019-01-06,Sales
8772,FirstName8772,LastName8772,38772,Chennai,2019-01-07,Marketing
8773,FirstName8773,LastName8773,38773,Delhi,2019-01-08,Support
8774,FirstName8774,LastName8774,38774,Noida,2019-01-09,Admin
8775,FirstName8775,LastName8775,38775,Gurgaon,2019-01-10,Operations
8776,FirstName8776,LastName8776,38776,Mumbai,2019-01-11,IT
8777,FirstName8777,LastName8777,38777,Pune,2019-01-12,HR
8778,FirstName8778,LastName8778,38778,Bangalore,2019-01-13,Finance
8779,FirstName8779,LastName8779,38779,Hyderabad,2019-01-14,Sales
8780,FirstName8780,LastName8780,38780,Chennai,2019-01-15,Marketing
8781,FirstName8781,LastName8781,38781,Delhi,2019-01-16,Support
8782,FirstName8782,LastName8782,38782,Noida,2019-01-17,Admin
8783,FirstName8783,LastName8783,38783,Gurgaon,2019-01-18,Operations
8784,FirstName8784,LastName8784,38784,Mumbai,2019-01-19,IT
8785,FirstName8785,LastName8785,38785,Pune,2019-01-20,HR
8786,FirstName8786,LastName8786,38786,Bangalore,2019-01-21,Finance
8787,FirstName8787,LastName8787,38787,Hyderabad,2019-01-22,Sales
8788,FirstName8788,LastName8788,38788,Chennai,2019-01-23,Marketing
8789,FirstName8789,LastName8789,38789,Delhi,2019-01-24,Support
8790,FirstName8790,LastName8790,38790,Noida,2019-01-25,Admin
8791,FirstName8791,LastName8791,38791,Gurgaon,2019-01-26,Operations
8792,FirstName8792,LastName8792,38792,Mumbai,2019-01-27,IT
8793,FirstName8793,LastName8793,38793,Pune,2019-01-28,HR
8794,FirstName8794,LastName8794,38794,Bangalore,2019-01-29,Finance
8795,FirstName8795,LastName8795,38795,Hyderabad,2019-01-30,Sales
8796,FirstName8796,LastName8796,38796,Chennai,2019-01-31,Marketing
8797,FirstName8797,LastName8797,38797,Delhi,2019-02-01,Support
8798,FirstName8798,LastName8798,38798,Noida,2019-02-02,Admin
8799,FirstName8799,LastName8799,38799,Gurgaon,2019-02-03,Operations
8800,FirstName8800,LastName8800,38800,Mumbai,2019-02-04,IT
8801,FirstName8801,LastName8801,38801,Pune,2019-02-05,HR
8802,FirstName8802,LastName8802,38802,Bangalore,2019-02-06,Finance
8803,FirstName8803,LastName8803,38803,Hyderabad,2019-02-07,Sales
8804,FirstName8804,LastName8804,38804,Chennai,2019-02-08,Marketing
8805,FirstName8805,LastName8805,38805,Delhi,2019-02-09,Support
8806,FirstName8806,LastName8806,38806,Noida,2019-02-10,Admin
8807,FirstName8807,LastName8807,38807,Gurgaon,2019-02-11,Operations
8808,FirstName8808,LastName8808,38808,Mumbai,2019-02-12,IT
8809,FirstName8809,LastName8809,38809,Pune,2019-02-13,HR
8810,FirstName8810,LastName8810,38810,Bangalore,2019-02-14,Finance
8811,FirstName8811,LastName8811,38811,Hyderabad,2019-02-15,Sales
8812,FirstName8812,LastName8812,38812,Chennai,2019-02-16,Marketing
8813,FirstName8813,LastName8813,38813,Delhi,2019-02-17,Support
8814,FirstName8814,LastName8814,38814,Noida,2019-02-18,Admin
8815,FirstName8815,LastName8815,38815,Gurgaon,2019-02-19,Operations
8816,FirstName8816,LastName8816,38816,Mumbai,2019-02-20,IT
8817,FirstName8817,LastName8817,38817,Pune,2019-02-21,HR
8818,FirstName8818,LastName8818,38818,Bangalore,2019-02-22,Finance
8819,FirstName8819,LastName8819,38819,Hyderabad,2019-02-23,Sales
8820,FirstName8820,LastName8820,38820,Chennai,2019-02-24,Marketing
8821,FirstName8821,LastName8821,38821,Delhi,2019-02-25,Support
8822,FirstName8822,LastName8822,38822,Noida,2019-02-26,Admin
8823,FirstName8823,LastName8823,38823,Gurgaon,2019-02-27,Operations
8824,FirstName8824,LastName8824,38824,Mumbai,2019-02-28,IT
8825,FirstName8825,LastName8825,38825,Pune,2019-03-01,HR
8826,FirstName8826,LastName8826,38826,Bangalore,2019-03-02,Finance
8827,FirstName8827,LastName8827,38827,Hyderabad,2019-03-03,Sales
8828,FirstName8828,LastName8828,38828,Chennai,2019-03-04,Marketing
8829,FirstName8829,LastName8829,38829,Delhi,2019-03-05,Support
8830,FirstName8830,LastName8830,38830,Noida,2019-03-06,Admin
8831,FirstName8831,LastName8831,38831,Gurgaon,2019-03-07,Operations
8832,FirstName8832,LastName8832,38832,Mumbai,2019-03-08,IT
8833,FirstName8833,LastName8833,38833,Pune,2019-03-09,HR
8834,FirstName8834,LastName8834,38834,Bangalore,2019-03-10,Finance
8835,FirstName8835,LastName8835,38835,Hyderabad,2019-03-11,Sales
8836,FirstName8836,LastName8836,38836,Chennai,2019-03-12,Marketing
8837,FirstName8837,LastName8837,38837,Delhi,2019-03-13,Support
8838,FirstName8838,LastName8838,38838,Noida,2019-03-14,Admin
8839,FirstName8839,LastName8839,38839,Gurgaon,2019-03-15,Operations
8840,FirstName8840,LastName8840,38840,Mumbai,2019-03-16,IT
8841,FirstName8841,LastName8841,38841,Pune,2019-03-17,HR
8842,FirstName8842,LastName8842,38842,Bangalore,2019-03-18,Finance
8843,FirstName8843,LastName8843,38843,Hyderabad,2019-03-19,Sales
8844,FirstName8844,LastName8844,38844,Chennai,2019-03-20,Marketing
8845,FirstName8845,LastName8845,38845,Delhi,2019-03-21,Support
8846,FirstName8846,LastName8846,38846,Noida,2019-03-22,Admin
8847,FirstName8847,LastName8847,38847,Gurgaon,2019-03-23,Operations
8848,FirstName8848,LastName8848,38848,Mumbai,2019-03-24,IT
8849,FirstName8849,LastName8849,38849,Pune,2019-03-25,HR
8850,FirstName8850,LastName8850,38850,Bangalore,2019-03-26,Finance
8851,FirstName8851,LastName8851,38851,Hyderabad,2019-03-27,Sales
8852,FirstName8852,LastName8852,38852,Chennai,2019-03-28,Marketing
8853,FirstName8853,LastName8853,38853,Delhi,2019-03-29,Support
8854,FirstName8854,LastName8854,38854,Noida,2019-03-30,Admin
8855,FirstName8855,LastName8855,38855,Gurgaon,2019-03-31,Operations
8856,FirstName8856,LastName8856,38856,Mumbai,2019-04-01,IT
8857,FirstName8857,LastName8857,38857,Pune,2019-04-02,HR
8858,FirstName8858,LastName8858,38858,Bangalore,2019-04-03,Finance
8859,FirstName8859,LastName8859,38859,Hyderabad,2019-04-04,Sales
8860,FirstName8860,LastName8860,38860,Chennai,2019-04-05,Marketing
8861,FirstName8861,LastName8861,38861,Delhi,2019-04-06,Support
8862,FirstName8862,LastName8862,38862,Noida,2019-04-07,Admin
8863,FirstName8863,LastName8863,38863,Gurgaon,2019-04-08,Operations
8864,FirstName8864,LastName8864,38864,Mumbai,2019-04-09,IT
8865,FirstName8865,LastName8865,38865,Pune,2019-04-10,HR
8866,FirstName8866,LastName8866,38866,Bangalore,2019-04-11,Finance
8867,FirstName8867,LastName8867,38867,Hyderabad,2019-04-12,Sales
8868,FirstName8868,LastName8868,38868,Chennai,2019-04-13,Marketing
8869,FirstName8869,LastName8869,38869,Delhi,2019-04-14,Support
8870,FirstName8870,LastName8870,38870,Noida,2019-04-15,Admin
8871,FirstName8871,LastName8871,38871,Gurgaon,2019-04-16,Operations
8872,FirstName8872,LastName8872,38872,Mumbai,2019-04-17,IT
8873,FirstName8873,LastName8873,38873,Pune,2019-04-18,HR
8874,FirstName8874,LastName8874,38874,Bangalore,2019-04-19,Finance
8875,FirstName8875,LastName8875,38875,Hyderabad,2019-04-20,Sales
8876,FirstName8876,LastName8876,38876,Chennai,2019-04-21,Marketing
8877,FirstName8877,LastName8877,38877,Delhi,2019-04-22,Support
8878,FirstName8878,LastName8878,38878,Noida,2019-04-23,Admin
8879,FirstName8879,LastName8879,38879,Gurgaon,2019-04-24,Operations
8880,FirstName8880,LastName8880,38880,Mumbai,2019-04-25,IT
8881,FirstName8881,LastName8881,38881,Pune,2019-04-26,HR
8882,FirstName8882,LastName8882,38882,Bangalore,2019-04-27,Finance
8883,FirstName8883,LastName8883,38883,Hyderabad,2019-04-28,Sales
8884,FirstName8884,LastName8884,38884,Chennai,2019-04-29,Marketing
8885,FirstName8885,LastName8885,38885,Delhi,2019-04-30,Support
8886,FirstName8886,LastName8886,38886,Noida,2019-05-01,Admin
8887,FirstName8887,LastName8887,38887,Gurgaon,2019-05-02,Operations
8888,FirstName8888,LastName8888,38888,Mumbai,2019-05-03,IT
8889,FirstName8889,LastName8889,38889,Pune,2019-05-04,HR
8890,FirstName8890,LastName8890,38890,Bangalore,2019-05-05,Finance
8891,FirstName8891,LastName8891,38891,Hyderabad,2019-05-06,Sales
8892,FirstName8892,LastName8892,38892,Chennai,2019-05-07,Marketing
8893,FirstName8893,LastName8893,38893,Delhi,2019-05-08,Support
8894,FirstName8894,LastName8894,38894,Noida,2019-05-09,Admin
8895,FirstName8895,LastName8895,38895,Gurgaon,2019-05-10,Operations
8896,FirstName8896,LastName8896,38896,Mumbai,2019-05-11,IT
8897,FirstName8897,LastName8897,38897,Pune,2019-05-12,HR
8898,FirstName8898,LastName8898,38898,Bangalore,2019-05-13,Finance
8899,FirstName8899,LastName8899,38899,Hyderabad,2019-05-14,Sales
8900,FirstName8900,LastName8900,38900,Chennai,2019-05-15,Marketing
8901,FirstName8901,LastName8901,38901,Delhi,2019-05-16,Support
8902,FirstName8902,LastName8902,38902,Noida,2019-05-17,Admin
8903,FirstName8903,LastName8903,38903,Gurgaon,2019-05-18,Operations
8904,FirstName8904,LastName8904,38904,Mumbai,2019-05-19,IT
8905,FirstName8905,LastName8905,38905,Pune,2019-05-20,HR
8906,FirstName8906,LastName8906,38906,Bangalore,2019-05-21,Finance
8907,FirstName8907,LastName8907,38907,Hyderabad,2019-05-22,Sales
8908,FirstName8908,LastName8908,38908,Chennai,2019-05-23,Marketing
8909,FirstName8909,LastName8909,38909,Delhi,2019-05-24,Support
8910,FirstName8910,LastName8910,38910,Noida,2019-05-25,Admin
8911,FirstName8911,LastName8911,38911,Gurgaon,2019-05-26,Operations
8912,FirstName8912,LastName8912,38912,Mumbai,2019-05-27,IT
8913,FirstName8913,LastName8913,38913,Pune,2019-05-28,HR
8914,FirstName8914,LastName8914,38914,Bangalore,2019-05-29,Finance
8915,FirstName8915,LastName8915,38915,Hyderabad,2019-05-30,Sales
8916,FirstName8916,LastName8916,38916,Chennai,2019-05-31,Marketing
8917,FirstName8917,LastName8917,38917,Delhi,2019-06-01,Support
8918,FirstName8918,LastName8918,38918,Noida,2019-06-02,Admin
8919,FirstName8919,LastName8919,38919,Gurgaon,2019-06-03,Operations
8920,FirstName8920,LastName8920,38920,Mumbai,2019-06-04,IT
8921,FirstName8921,LastName8921,38921,Pune,2019-06-05,HR
8922,FirstName8922,LastName8922,38922,Bangalore,2019-06-06,Finance
8923,FirstName8923,LastName8923,38923,Hyderabad,2019-06-07,Sales
8924,FirstName8924,LastName8924,38924,Chennai,2019-06-08,Marketing
8925,FirstName8925,LastName8925,38925,Delhi,2019-06-09,Support
8926,FirstName8926,LastName8926,38926,Noida,2019-06-10,Admin
8927,FirstName8927,LastName8927,38927,Gurgaon,2019-06-11,Operations
8928,FirstName8928,LastName8928,38928,Mumbai,2019-06-12,IT
8929,FirstName8929,LastName8929,38929,Pune,2019-06-13,HR
8930,FirstName8930,LastName8930,38930,Bangalore,2019-06-14,Finance
8931,FirstName8931,LastName8931,38931,Hyderabad,2019-06-15,Sales
8932,FirstName8932,LastName8932,38932,Chennai,2019-06-16,Marketing
8933,FirstName8933,LastName8933,38933,Delhi,2019-06-17,Support
8934,FirstName8934,LastName8934,38934,Noida,2019-06-18,Admin
8935,FirstName8935,LastName8935,38935,Gurgaon,2019-06-19,Operations
8936,FirstName8936,LastName8936,38936,Mumbai,2019-06-20,IT
8937,FirstName8937,LastName8937,38937,Pune,2019-06-21,HR
8938,FirstName8938,LastName8938,38938,Bangalore,2019-06-22,Finance
8939,FirstName8939,LastName8939,38939,Hyderabad,2019-06-23,Sales
8940,FirstName8940,LastName8940,38940,Chennai,2019-06-24,Marketing
8941,FirstName8941,LastName8941,38941,Delhi,2019-06-25,Support
8942,FirstName8942,LastName8942,38942,Noida,2019-06-26,Admin
8943,FirstName8943,LastName8943,38943,Gurgaon,2019-06-27,Operations
8944,FirstName8944,LastName8944,38944,Mumbai,2019-06-28,IT
8945,FirstName8945,LastName8945,38945,Pune,2019-06-29,HR
8946,FirstName8946,LastName8946,38946,Bangalore,2019-06-30,Finance
8947,FirstName8947,LastName8947,38947,Hyderabad,2019-07-01,Sales
8948,FirstName8948,LastName8948,38948,Chennai,2019-07-02,Marketing
8949,FirstName8949,LastName8949,38949,Delhi,2019-07-03,Support
8950,FirstName8950,LastName8950,38950,Noida,2019-07-04,Admin
8951,FirstName8951,LastName8951,38951,Gurgaon,2019-07-05,Operations
8952,FirstName8952,LastName8952,38952,Mumbai,2019-07-06,IT
8953,FirstName8953,LastName8953,38953,Pune,2019-07-07,HR
8954,FirstName8954,LastName8954,38954,Bangalore,2019-07-08,Finance
8955,FirstName8955,LastName8955,38955,Hyderabad,2019-07-09,Sales
8956,FirstName8956,LastName8956,38956,Chennai,2019-07-10,Marketing
8957,FirstName8957,LastName8957,38957,Delhi,2019-07-11,Support
8958,FirstName8958,LastName8958,38958,Noida,2019-07-12,Admin
8959,FirstName8959,LastName8959,38959,Gurgaon,2019-07-13,Operations
8960,FirstName8960,LastName8960,38960,Mumbai,2019-07-14,IT
8961,FirstName8961,LastName8961,38961,Pune,2019-07-15,HR
8962,FirstName8962,LastName8962,38962,Bangalore,2019-07-16,Finance
8963,FirstName8963,LastName8963,38963,Hyderabad,2019-07-17,Sales
8964,FirstName8964,LastName8964,38964,Chennai,2019-07-18,Marketing
8965,FirstName8965,LastName8965,38965,Delhi,2019-07-19,Support
8966,FirstName8966,LastName8966,38966,Noida,2019-07-20,Admin
8967,FirstName8967,LastName8967,38967,Gurgaon,2019-07-21,Operations
8968,FirstName8968,LastName8968,38968,Mumbai,2019-07-22,IT
8969,FirstName8969,LastName8969,38969,Pune,2019-07-23,HR
8970,FirstName8970,LastName8970,38970,Bangalore,2019-07-24,Finance
8971,FirstName8971,LastName8971,38971,Hyderabad,2019-07-25,Sales
8972,FirstName8972,LastName8972,38972,Chennai,2019-07-26,Marketing
8973,FirstName8973,LastName8973,38973,Delhi,2019-07-27,Support
8974,FirstName8974,LastName8974,38974,Noida,2019-07-28,Admin
8975,FirstName8975,LastName8975,38975,Gurgaon,2019-07-29,Operations
8976,FirstName8976,LastName8976,38976,Mumbai,2019-07-30,IT
8977,FirstName8977,LastName8977,38977,Pune,2019-07-31,HR
8978,FirstName8978,LastName8978,38978,Bangalore,2019-08-01,Finance
8979,FirstName8979,LastName8979,38979,Hyderabad,2019-08-02,Sales
8980,FirstName8980,LastName8980,38980,Chennai,2019-08-03,Marketing
8981,FirstName8981,LastName8981,38981,Delhi,2019-08-04,Support
8982,FirstName8982,LastName8982,38982,Noida,2019-08-05,Admin
8983,FirstName8983,LastName8983,38983,Gurgaon,2019-08-06,Operations
8984,FirstName8984,LastName8984,38984,Mumbai,2019-08-07,IT
8985,FirstName8985,LastName8985,38985,Pune,2019-08-08,HR
8986,FirstName8986,LastName8986,38986,Bangalore,2019-08-09,Finance
8987,FirstName8987,LastName8987,38987,Hyderabad,2019-08-10,Sales
8988,FirstName8988,LastName8988,38988,Chennai,2019-08-11,Marketing
8989,FirstName8989,LastName8989,38989,Delhi,2019-08-12,Support
8990,FirstName8990,LastName8990,38990,Noida,2019-08-13,Admin
8991,FirstName8991,LastName8991,38991,Gurgaon,2019-08-14,Operations
8992,FirstName8992,LastName8992,38992,Mumbai,2019-08-15,IT
8993,FirstName8993,LastName8993,38993,Pune,2019-08-16,HR
8994,FirstName8994,LastName8994,38994,Bangalore,2019-08-17,Finance
8995,FirstName8995,LastName8995,38995,Hyderabad,2019-08-18,Sales
8996,FirstName8996,LastName8996,38996,Chennai,2019-08-19,Marketing
8997,FirstName8997,LastName8997,38997,Delhi,2019-08-20,Support
8998,FirstName8998,LastName8998,38998,Noida,2019-08-21,Admin
8999,FirstName8999,LastName8999,38999,Gurgaon,2019-08-22,Operations
9000,FirstName9000,LastName9000,39000,Mumbai,2019-08-23,IT
9001,FirstName9001,LastName9001,39001,Pune,2019-08-24,HR
9002,FirstName9002,LastName9002,39002,Bangalore,2019-08-25,Finance
9003,FirstName9003,LastName9003,39003,Hyderabad,2019-08-26,Sales
9004,FirstName9004,LastName9004,39004,Chennai,2019-08-27,Marketing
9005,FirstName9005,LastName9005,39005,Delhi,2019-08-28,Support
9006,FirstName9006,LastName9006,39006,Noida,2019-08-29,Admin
9007,FirstName9007,LastName9007,39007,Gurgaon,2019-08-30,Operations
9008,FirstName9008,LastName9008,39008,Mumbai,2019-08-31,IT
9009,FirstName9009,LastName9009,39009,Pune,2019-09-01,HR
9010,FirstName9010,LastName9010,39010,Bangalore,2019-09-02,Finance
9011,FirstName9011,LastName9011,39011,Hyderabad,2019-09-03,Sales
9012,FirstName9012,LastName9012,39012,Chennai,2019-09-04,Marketing
9013,FirstName9013,LastName9013,39013,Delhi,2019-09-05,Support
9014,FirstName9014,LastName9014,39014,Noida,2019-09-06,Admin
9015,FirstName9015,LastName9015,39015,Gurgaon,2019-09-07,Operations
9016,FirstName9016,LastName9016,39016,Mumbai,2019-09-08,IT
9017,FirstName9017,LastName9017,39017,Pune,2019-09-09,HR
9018,FirstName9018,LastName9018,39018,Bangalore,2019-09-10,Finance
9019,FirstName9019,LastName9019,39019,Hyderabad,2019-09-11,Sales
9020,FirstName9020,LastName9020,39020,Chennai,2019-09-12,Marketing
9021,FirstName9021,LastName9021,39021,Delhi,2019-09-13,Support
9022,FirstName9022,LastName9022,39022,Noida,2019-09-14,Admin
9023,FirstName9023,LastName9023,39023,Gurgaon,2019-09-15,Operations
9024,FirstName9024,LastName9024,39024,Mumbai,2019-09-16,IT
9025,FirstName9025,LastName9025,39025,Pune,2019-09-17,HR
9026,FirstName9026,LastName9026,39026,Bangalore,2019-09-18,Finance
9027,FirstName9027,LastName9027,39027,Hyderabad,2019-09-19,Sales
9028,FirstName9028,LastName9028,39028,Chennai,2019-09-20,Marketing
9029,FirstName9029,LastName9029,39029,Delhi,2019-09-21,Support
9030,FirstName9030,LastName9030,39030,Noida,2019-09-22,Admin
9031,FirstName9031,LastName9031,39031,Gurgaon,2019-09-23,Operations
9032,FirstName9032,LastName9032,39032,Mumbai,2019-09-24,IT
9033,FirstName9033,LastName9033,39033,Pune,2019-09-25,HR
9034,FirstName9034,LastName9034,39034,Bangalore,2019-09-26,Finance
9035,FirstName9035,LastName9035,39035,Hyderabad,2019-09-27,Sales
9036,FirstName9036,LastName9036,39036,Chennai,2019-09-28,Marketing
9037,FirstName9037,LastName9037,39037,Delhi,2019-09-29,Support
9038,FirstName9038,LastName9038,39038,Noida,2019-09-30,Admin
9039,FirstName9039,LastName9039,39039,Gurgaon,2019-10-01,Operations
9040,FirstName9040,LastName9040,39040,Mumbai,2019-10-02,IT
9041,FirstName9041,LastName9041,39041,Pune,2019-10-03,HR
9042,FirstName9042,LastName9042,39042,Bangalore,2019-10-04,Finance
9043,FirstName9043,LastName9043,39043,Hyderabad,2019-10-05,Sales
9044,FirstName9044,LastName9044,39044,Chennai,2019-10-06,Marketing
9045,FirstName9045,LastName9045,39045,Delhi,2019-10-07,Support
9046,FirstName9046,LastName9046,39046,Noida,2019-10-08,Admin
9047,FirstName9047,LastName9047,39047,Gurgaon,2019-10-09,Operations
9048,FirstName9048,LastName9048,39048,Mumbai,2019-10-10,IT
9049,FirstName9049,LastName9049,39049,Pune,2019-10-11,HR
9050,FirstName9050,LastName9050,39050,Bangalore,2019-10-12,Finance
9051,FirstName9051,LastName9051,39051,Hyderabad,2019-10-13,Sales
9052,FirstName9052,LastName9052,39052,Chennai,2019-10-14,Marketing
9053,FirstName9053,LastName9053,39053,Delhi,2019-10-15,Support
9054,FirstName9054,LastName9054,39054,Noida,2019-10-16,Admin
9055,FirstName9055,LastName9055,39055,Gurgaon,2019-10-17,Operations
9056,FirstName9056,LastName9056,39056,Mumbai,2019-10-18,IT
9057,FirstName9057,LastName9057,39057,Pune,2019-10-19,HR
9058,FirstName9058,LastName9058,39058,Bangalore,2019-10-20,Finance
9059,FirstName9059,LastName9059,39059,Hyderabad,2019-10-21,Sales
9060,FirstName9060,LastName9060,39060,Chennai,2019-10-22,Marketing
9061,FirstName9061,LastName9061,39061,Delhi,2019-10-23,Support
9062,FirstName9062,LastName9062,39062,Noida,2019-10-24,Admin
9063,FirstName9063,LastName9063,39063,Gurgaon,2019-10-25,Operations
9064,FirstName9064,LastName9064,39064,Mumbai,2019-10-26,IT
9065,FirstName9065,LastName9065,39065,Pune,2019-10-27,HR
9066,FirstName9066,LastName9066,39066,Bangalore,2019-10-28,Finance
9067,FirstName9067,LastName9067,39067,Hyderabad,2019-10-29,Sales
9068,FirstName9068,LastName9068,39068,Chennai,2019-10-30,Marketing
9069,FirstName9069,LastName9069,39069,Delhi,2019-10-31,Support
9070,FirstName9070,LastName9070,39070,Noida,2019-11-01,Admin
9071,FirstName9071,LastName9071,39071,Gurgaon,2019-11-02,Operations
9072,FirstName9072,LastName9072,39072,Mumbai,2019-11-03,IT
9073,FirstName9073,LastName9073,39073,Pune,2019-11-04,HR
9074,FirstName9074,LastName9074,39074,Bangalore,2019-11-05,Finance
9075,FirstName9075,LastName9075,39075,Hyderabad,2019-11-06,Sales
9076,FirstName9076,LastName9076,39076,Chennai,2019-11-07,Marketing
9077,FirstName9077,LastName9077,39077,Delhi,2019-11-08,Support
9078,FirstName9078,LastName9078,39078,Noida,2019-11-09,Admin
9079,FirstName9079,LastName9079,39079,Gurgaon,2019-11-10,Operations
9080,FirstName9080,LastName9080,39080,Mumbai,2019-11-11,IT
9081,FirstName9081,LastName9081,39081,Pune,2019-11-12,HR
9082,FirstName9082,LastName9082,39082,Bangalore,2019-11-13,Finance
9083,FirstName9083,LastName9083,39083,Hyderabad,2019-11-14,Sales
9084,FirstName9084,LastName9084,39084,Chennai,2019-11-15,Marketing
9085,FirstName9085,LastName9085,39085,Delhi,2019-11-16,Support
9086,FirstName9086,LastName9086,39086,Noida,2019-11-17,Admin
9087,FirstName9087,LastName9087,39087,Gurgaon,2019-11-18,Operations
9088,FirstName9088,LastName9088,39088,Mumbai,2019-11-19,IT
9089,FirstName9089,LastName9089,39089,Pune,2019-11-20,HR
9090,FirstName9090,LastName9090,39090,Bangalore,2019-11-21,Finance
9091,FirstName9091,LastName9091,39091,Hyderabad,2019-11-22,Sales
9092,FirstName9092,LastName9092,39092,Chennai,2019-11-23,Marketing
9093,FirstName9093,LastName9093,39093,Delhi,2019-11-24,Support
9094,FirstName9094,LastName9094,39094,Noida,2019-11-25,Admin
9095,FirstName9095,LastName9095,39095,Gurgaon,2019-11-26,Operations
9096,FirstName9096,LastName9096,39096,Mumbai,2019-11-27,IT
9097,FirstName9097,LastName9097,39097,Pune,2019-11-28,HR
9098,FirstName9098,LastName9098,39098,Bangalore,2019-11-29,Finance
9099,FirstName9099,LastName9099,39099,Hyderabad,2019-11-30,Sales
9100,FirstName9100,LastName9100,39100,Chennai,2019-12-01,Marketing
9101,FirstName9101,LastName9101,39101,Delhi,2019-12-02,Support
9102,FirstName9102,LastName9102,39102,Noida,2019-12-03,Admin
9103,FirstName9103,LastName9103,39103,Gurgaon,2019-12-04,Operations
9104,FirstName9104,LastName9104,39104,Mumbai,2019-12-05,IT
9105,FirstName9105,LastName9105,39105,Pune,2019-12-06,HR
9106,FirstName9106,LastName9106,39106,Bangalore,2019-12-07,Finance
9107,FirstName9107,LastName9107,39107,Hyderabad,2019-12-08,Sales
9108,FirstName9108,LastName9108,39108,Chennai,2019-12-09,Marketing
9109,FirstName9109,LastName9109,39109,Delhi,2019-12-10,Support
9110,FirstName9110,LastName9110,39110,Noida,2019-12-11,Admin
9111,FirstName9111,LastName9111,39111,Gurgaon,2019-12-12,Operations
9112,FirstName9112,LastName9112,39112,Mumbai,2019-12-13,IT
9113,FirstName9113,LastName9113,39113,Pune,2019-12-14,HR
9114,FirstName9114,LastName9114,39114,Bangalore,2019-12-15,Finance
9115,FirstName9115,LastName9115,39115,Hyderabad,2019-12-16,Sales
9116,FirstName9116,LastName9116,39116,Chennai,2019-12-17,Marketing
9117,FirstName9117,LastName9117,39117,Delhi,2019-12-18,Support
9118,FirstName9118,LastName9118,39118,Noida,2019-12-19,Admin
9119,FirstName9119,LastName9119,39119,Gurgaon,2019-12-20,Operations
9120,FirstName9120,LastName9120,39120,Mumbai,2019-12-21,IT
9121,FirstName9121,LastName9121,39121,Pune,2019-12-22,HR
9122,FirstName9122,LastName9122,39122,Bangalore,2019-12-23,Finance
9123,FirstName9123,LastName9123,39123,Hyderabad,2019-12-24,Sales
9124,FirstName9124,LastName9124,39124,Chennai,2019-12-25,Marketing
9125,FirstName9125,LastName9125,39125,Delhi,2019-12-26,Support
9126,FirstName9126,LastName9126,39126,Noida,2019-12-27,Admin
9127,FirstName9127,LastName9127,39127,Gurgaon,2019-12-28,Operations
9128,FirstName9128,LastName9128,39128,Mumbai,2019-12-29,IT
9129,FirstName9129,LastName9129,39129,Pune,2019-12-30,HR
9130,FirstName9130,LastName9130,39130,Bangalore,2019-12-31,Finance
9131,FirstName9131,LastName9131,39131,Hyderabad,2020-01-01,Sales
9132,FirstName9132,LastName9132,39132,Chennai,2020-01-02,Marketing
9133,FirstName9133,LastName9133,39133,Delhi,2020-01-03,Support
9134,FirstName9134,LastName9134,39134,Noida,2020-01-04,Admin
9135,FirstName9135,LastName9135,39135,Gurgaon,2020-01-05,Operations
9136,FirstName9136,LastName9136,39136,Mumbai,2020-01-06,IT
9137,FirstName9137,LastName9137,39137,Pune,2020-01-07,HR
9138,FirstName9138,LastName9138,39138,Bangalore,2020-01-08,Finance
9139,FirstName9139,LastName9139,39139,Hyderabad,2020-01-09,Sales
9140,FirstName9140,LastName9140,39140,Chennai,2020-01-10,Marketing
9141,FirstName9141,LastName9141,39141,Delhi,2020-01-11,Support
9142,FirstName9142,LastName9142,39142,Noida,2020-01-12,Admin
9143,FirstName9143,LastName9143,39143,Gurgaon,2020-01-13,Operations
9144,FirstName9144,LastName9144,39144,Mumbai,2020-01-14,IT
9145,FirstName9145,LastName9145,39145,Pune,2020-01-15,HR
9146,FirstName9146,LastName9146,39146,Bangalore,2020-01-16,Finance
9147,FirstName9147,LastName9147,39147,Hyderabad,2020-01-17,Sales
9148,FirstName9148,LastName9148,39148,Chennai,2020-01-18,Marketing
9149,FirstName9149,LastName9149,39149,Delhi,2020-01-19,Support
9150,FirstName9150,LastName9150,39150,Noida,2020-01-20,Admin
9151,FirstName9151,LastName9151,39151,Gurgaon,2020-01-21,Operations
9152,FirstName9152,LastName9152,39152,Mumbai,2020-01-22,IT
9153,FirstName9153,LastName9153,39153,Pune,2020-01-23,HR
9154,FirstName9154,LastName9154,39154,Bangalore,2020-01-24,Finance
9155,FirstName9155,LastName9155,39155,Hyderabad,2020-01-25,Sales
9156,FirstName9156,LastName9156,39156,Chennai,2020-01-26,Marketing
9157,FirstName9157,LastName9157,39157,Delhi,2020-01-27,Support
9158,FirstName9158,LastName9158,39158,Noida,2020-01-28,Admin
9159,FirstName9159,LastName9159,39159,Gurgaon,2020-01-29,Operations
9160,FirstName9160,LastName9160,39160,Mumbai,2020-01-30,IT
9161,FirstName9161,LastName9161,39161,Pune,2020-01-31,HR
9162,FirstName9162,LastName9162,39162,Bangalore,2020-02-01,Finance
9163,FirstName9163,LastName9163,39163,Hyderabad,2020-02-02,Sales
9164,FirstName9164,LastName9164,39164,Chennai,2020-02-03,Marketing
9165,FirstName9165,LastName9165,39165,Delhi,2020-02-04,Support
9166,FirstName9166,LastName9166,39166,Noida,2020-02-05,Admin
9167,FirstName9167,LastName9167,39167,Gurgaon,2020-02-06,Operations
9168,FirstName9168,LastName9168,39168,Mumbai,2020-02-07,IT
9169,FirstName9169,LastName9169,39169,Pune,2020-02-08,HR
9170,FirstName9170,LastName9170,39170,Bangalore,2020-02-09,Finance
9171,FirstName9171,LastName9171,39171,Hyderabad,2020-02-10,Sales
9172,FirstName9172,LastName9172,39172,Chennai,2020-02-11,Marketing
9173,FirstName9173,LastName9173,39173,Delhi,2020-02-12,Support
9174,FirstName9174,LastName9174,39174,Noida,2020-02-13,Admin
9175,FirstName9175,LastName9175,39175,Gurgaon,2020-02-14,Operations
9176,FirstName9176,LastName9176,39176,Mumbai,2020-02-15,IT
9177,FirstName9177,LastName9177,39177,Pune,2020-02-16,HR
9178,FirstName9178,LastName9178,39178,Bangalore,2020-02-17,Finance
9179,FirstName9179,LastName9179,39179,Hyderabad,2020-02-18,Sales
9180,FirstName9180,LastName9180,39180,Chennai,2020-02-19,Marketing
9181,FirstName9181,LastName9181,39181,Delhi,2020-02-20,Support
9182,FirstName9182,LastName9182,39182,Noida,2020-02-21,Admin
9183,FirstName9183,LastName9183,39183,Gurgaon,2020-02-22,Operations
9184,FirstName9184,LastName9184,39184,Mumbai,2020-02-23,IT
9185,FirstName9185,LastName9185,39185,Pune,2020-02-24,HR
9186,FirstName9186,LastName9186,39186,Bangalore,2020-02-25,Finance
9187,FirstName9187,LastName9187,39187,Hyderabad,2020-02-26,Sales
9188,FirstName9188,LastName9188,39188,Chennai,2020-02-27,Marketing
9189,FirstName9189,LastName9189,39189,Delhi,2020-02-28,Support
9190,FirstName9190,LastName9190,39190,Noida,2020-02-29,Admin
9191,FirstName9191,LastName9191,39191,Gurgaon,2020-03-01,Operations
9192,FirstName9192,LastName9192,39192,Mumbai,2020-03-02,IT
9193,FirstName9193,LastName9193,39193,Pune,2020-03-03,HR
9194,FirstName9194,LastName9194,39194,Bangalore,2020-03-04,Finance
9195,FirstName9195,LastName9195,39195,Hyderabad,2020-03-05,Sales
9196,FirstName9196,LastName9196,39196,Chennai,2020-03-06,Marketing
9197,FirstName9197,LastName9197,39197,Delhi,2020-03-07,Support
9198,FirstName9198,LastName9198,39198,Noida,2020-03-08,Admin
9199,FirstName9199,LastName9199,39199,Gurgaon,2020-03-09,Operations
9200,FirstName9200,LastName9200,39200,Mumbai,2020-03-10,IT
9201,FirstName9201,LastName9201,39201,Pune,2020-03-11,HR
9202,FirstName9202,LastName9202,39202,Bangalore,2020-03-12,Finance
9203,FirstName9203,LastName9203,39203,Hyderabad,2020-03-13,Sales
9204,FirstName9204,LastName9204,39204,Chennai,2020-03-14,Marketing
9205,FirstName9205,LastName9205,39205,Delhi,2020-03-15,Support
9206,FirstName9206,LastName9206,39206,Noida,2020-03-16,Admin
9207,FirstName9207,LastName9207,39207,Gurgaon,2020-03-17,Operations
9208,FirstName9208,LastName9208,39208,Mumbai,2020-03-18,IT
9209,FirstName9209,LastName9209,39209,Pune,2020-03-19,HR
9210,FirstName9210,LastName9210,39210,Bangalore,2020-03-20,Finance
9211,FirstName9211,LastName9211,39211,Hyderabad,2020-03-21,Sales
9212,FirstName9212,LastName9212,39212,Chennai,2020-03-22,Marketing
9213,FirstName9213,LastName9213,39213,Delhi,2020-03-23,Support
9214,FirstName9214,LastName9214,39214,Noida,2020-03-24,Admin
9215,FirstName9215,LastName9215,39215,Gurgaon,2020-03-25,Operations
9216,FirstName9216,LastName9216,39216,Mumbai,2020-03-26,IT
9217,FirstName9217,LastName9217,39217,Pune,2020-03-27,HR
9218,FirstName9218,LastName9218,39218,Bangalore,2020-03-28,Finance
9219,FirstName9219,LastName9219,39219,Hyderabad,2020-03-29,Sales
9220,FirstName9220,LastName9220,39220,Chennai,2020-03-30,Marketing
9221,FirstName9221,LastName9221,39221,Delhi,2020-03-31,Support
9222,FirstName9222,LastName9222,39222,Noida,2020-04-01,Admin
9223,FirstName9223,LastName9223,39223,Gurgaon,2020-04-02,Operations
9224,FirstName9224,LastName9224,39224,Mumbai,2020-04-03,IT
9225,FirstName9225,LastName9225,39225,Pune,2020-04-04,HR
9226,FirstName9226,LastName9226,39226,Bangalore,2020-04-05,Finance
9227,FirstName9227,LastName9227,39227,Hyderabad,2020-04-06,Sales
9228,FirstName9228,LastName9228,39228,Chennai,2020-04-07,Marketing
9229,FirstName9229,LastName9229,39229,Delhi,2020-04-08,Support
9230,FirstName9230,LastName9230,39230,Noida,2020-04-09,Admin
9231,FirstName9231,LastName9231,39231,Gurgaon,2020-04-10,Operations
9232,FirstName9232,LastName9232,39232,Mumbai,2020-04-11,IT
9233,FirstName9233,LastName9233,39233,Pune,2020-04-12,HR
9234,FirstName9234,LastName9234,39234,Bangalore,2020-04-13,Finance
9235,FirstName9235,LastName9235,39235,Hyderabad,2020-04-14,Sales
9236,FirstName9236,LastName9236,39236,Chennai,2020-04-15,Marketing
9237,FirstName9237,LastName9237,39237,Delhi,2020-04-16,Support
9238,FirstName9238,LastName9238,39238,Noida,2020-04-17,Admin
9239,FirstName9239,LastName9239,39239,Gurgaon,2020-04-18,Operations
9240,FirstName9240,LastName9240,39240,Mumbai,2020-04-19,IT
9241,FirstName9241,LastName9241,39241,Pune,2020-04-20,HR
9242,FirstName9242,LastName9242,39242,Bangalore,2020-04-21,Finance
9243,FirstName9243,LastName9243,39243,Hyderabad,2020-04-22,Sales
9244,FirstName9244,LastName9244,39244,Chennai,2020-04-23,Marketing
9245,FirstName9245,LastName9245,39245,Delhi,2020-04-24,Support
9246,FirstName9246,LastName9246,39246,Noida,2020-04-25,Admin
9247,FirstName9247,LastName9247,39247,Gurgaon,2020-04-26,Operations
9248,FirstName9248,LastName9248,39248,Mumbai,2020-04-27,IT
9249,FirstName9249,LastName9249,39249,Pune,2020-04-28,HR
9250,FirstName9250,LastName9250,39250,Bangalore,2020-04-29,Finance
9251,FirstName9251,LastName9251,39251,Hyderabad,2020-04-30,Sales
9252,FirstName9252,LastName9252,39252,Chennai,2020-05-01,Marketing
9253,FirstName9253,LastName9253,39253,Delhi,2020-05-02,Support
9254,FirstName9254,LastName9254,39254,Noida,2020-05-03,Admin
9255,FirstName9255,LastName9255,39255,Gurgaon,2020-05-04,Operations
9256,FirstName9256,LastName9256,39256,Mumbai,2020-05-05,IT
9257,FirstName9257,LastName9257,39257,Pune,2020-05-06,HR
9258,FirstName9258,LastName9258,39258,Bangalore,2020-05-07,Finance
9259,FirstName9259,LastName9259,39259,Hyderabad,2020-05-08,Sales
9260,FirstName9260,LastName9260,39260,Chennai,2020-05-09,Marketing
9261,FirstName9261,LastName9261,39261,Delhi,2020-05-10,Support
9262,FirstName9262,LastName9262,39262,Noida,2020-05-11,Admin
9263,FirstName9263,LastName9263,39263,Gurgaon,2020-05-12,Operations
9264,FirstName9264,LastName9264,39264,Mumbai,2020-05-13,IT
9265,FirstName9265,LastName9265,39265,Pune,2020-05-14,HR
9266,FirstName9266,LastName9266,39266,Bangalore,2020-05-15,Finance
9267,FirstName9267,LastName9267,39267,Hyderabad,2020-05-16,Sales
9268,FirstName9268,LastName9268,39268,Chennai,2020-05-17,Marketing
9269,FirstName9269,LastName9269,39269,Delhi,2020-05-18,Support
9270,FirstName9270,LastName9270,39270,Noida,2020-05-19,Admin
9271,FirstName9271,LastName9271,39271,Gurgaon,2020-05-20,Operations
9272,FirstName9272,LastName9272,39272,Mumbai,2020-05-21,IT
9273,FirstName9273,LastName9273,39273,Pune,2020-05-22,HR
9274,FirstName9274,LastName9274,39274,Bangalore,2020-05-23,Finance
9275,FirstName9275,LastName9275,39275,Hyderabad,2020-05-24,Sales
9276,FirstName9276,LastName9276,39276,Chennai,2020-05-25,Marketing
9277,FirstName9277,LastName9277,39277,Delhi,2020-05-26,Support
9278,FirstName9278,LastName9278,39278,Noida,2020-05-27,Admin
9279,FirstName9279,LastName9279,39279,Gurgaon,2020-05-28,Operations
9280,FirstName9280,LastName9280,39280,Mumbai,2020-05-29,IT
9281,FirstName9281,LastName9281,39281,Pune,2020-05-30,HR
9282,FirstName9282,LastName9282,39282,Bangalore,2020-05-31,Finance
9283,FirstName9283,LastName9283,39283,Hyderabad,2020-06-01,Sales
9284,FirstName9284,LastName9284,39284,Chennai,2020-06-02,Marketing
9285,FirstName9285,LastName9285,39285,Delhi,2020-06-03,Support
9286,FirstName9286,LastName9286,39286,Noida,2020-06-04,Admin
9287,FirstName9287,LastName9287,39287,Gurgaon,2020-06-05,Operations
9288,FirstName9288,LastName9288,39288,Mumbai,2020-06-06,IT
9289,FirstName9289,LastName9289,39289,Pune,2020-06-07,HR
9290,FirstName9290,LastName9290,39290,Bangalore,2020-06-08,Finance
9291,FirstName9291,LastName9291,39291,Hyderabad,2020-06-09,Sales
9292,FirstName9292,LastName9292,39292,Chennai,2020-06-10,Marketing
9293,FirstName9293,LastName9293,39293,Delhi,2020-06-11,Support
9294,FirstName9294,LastName9294,39294,Noida,2020-06-12,Admin
9295,FirstName9295,LastName9295,39295,Gurgaon,2020-06-13,Operations
9296,FirstName9296,LastName9296,39296,Mumbai,2020-06-14,IT
9297,FirstName9297,LastName9297,39297,Pune,2020-06-15,HR
9298,FirstName9298,LastName9298,39298,Bangalore,2020-06-16,Finance
9299,FirstName9299,LastName9299,39299,Hyderabad,2020-06-17,Sales
9300,FirstName9300,LastName9300,39300,Chennai,2020-06-18,Marketing
9301,FirstName9301,LastName9301,39301,Delhi,2020-06-19,Support
9302,FirstName9302,LastName9302,39302,Noida,2020-06-20,Admin
9303,FirstName9303,LastName9303,39303,Gurgaon,2020-06-21,Operations
9304,FirstName9304,LastName9304,39304,Mumbai,2020-06-22,IT
9305,FirstName9305,LastName9305,39305,Pune,2020-06-23,HR
9306,FirstName9306,LastName9306,39306,Bangalore,2020-06-24,Finance
9307,FirstName9307,LastName9307,39307,Hyderabad,2020-06-25,Sales
9308,FirstName9308,LastName9308,39308,Chennai,2020-06-26,Marketing
9309,FirstName9309,LastName9309,39309,Delhi,2020-06-27,Support
9310,FirstName9310,LastName9310,39310,Noida,2020-06-28,Admin
9311,FirstName9311,LastName9311,39311,Gurgaon,2020-06-29,Operations
9312,FirstName9312,LastName9312,39312,Mumbai,2020-06-30,IT
9313,FirstName9313,LastName9313,39313,Pune,2020-07-01,HR
9314,FirstName9314,LastName9314,39314,Bangalore,2020-07-02,Finance
9315,FirstName9315,LastName9315,39315,Hyderabad,2020-07-03,Sales
9316,FirstName9316,LastName9316,39316,Chennai,2020-07-04,Marketing
9317,FirstName9317,LastName9317,39317,Delhi,2020-07-05,Support
9318,FirstName9318,LastName9318,39318,Noida,2020-07-06,Admin
9319,FirstName9319,LastName9319,39319,Gurgaon,2020-07-07,Operations
9320,FirstName9320,LastName9320,39320,Mumbai,2020-07-08,IT
9321,FirstName9321,LastName9321,39321,Pune,2020-07-09,HR
9322,FirstName9322,LastName9322,39322,Bangalore,2020-07-10,Finance
9323,FirstName9323,LastName9323,39323,Hyderabad,2020-07-11,Sales
9324,FirstName9324,LastName9324,39324,Chennai,2020-07-12,Marketing
9325,FirstName9325,LastName9325,39325,Delhi,2020-07-13,Support
9326,FirstName9326,LastName9326,39326,Noida,2020-07-14,Admin
9327,FirstName9327,LastName9327,39327,Gurgaon,2020-07-15,Operations
9328,FirstName9328,LastName9328,39328,Mumbai,2020-07-16,IT
9329,FirstName9329,LastName9329,39329,Pune,2020-07-17,HR
9330,FirstName9330,LastName9330,39330,Bangalore,2020-07-18,Finance
9331,FirstName9331,LastName9331,39331,Hyderabad,2020-07-19,Sales
9332,FirstName9332,LastName9332,39332,Chennai,2020-07-20,Marketing
9333,FirstName9333,LastName9333,39333,Delhi,2020-07-21,Support
9334,FirstName9334,LastName9334,39334,Noida,2020-07-22,Admin
9335,FirstName9335,LastName9335,39335,Gurgaon,2020-07-23,Operations
9336,FirstName9336,LastName9336,39336,Mumbai,2020-07-24,IT
9337,FirstName9337,LastName9337,39337,Pune,2020-07-25,HR
9338,FirstName9338,LastName9338,39338,Bangalore,2020-07-26,Finance
9339,FirstName9339,LastName9339,39339,Hyderabad,2020-07-27,Sales
9340,FirstName9340,LastName9340,39340,Chennai,2020-07-28,Marketing
9341,FirstName9341,LastName9341,39341,Delhi,2020-07-29,Support
9342,FirstName9342,LastName9342,39342,Noida,2020-07-30,Admin
9343,FirstName9343,LastName9343,39343,Gurgaon,2020-07-31,Operations
9344,FirstName9344,LastName9344,39344,Mumbai,2020-08-01,IT
9345,FirstName9345,LastName9345,39345,Pune,2020-08-02,HR
9346,FirstName9346,LastName9346,39346,Bangalore,2020-08-03,Finance
9347,FirstName9347,LastName9347,39347,Hyderabad,2020-08-04,Sales
9348,FirstName9348,LastName9348,39348,Chennai,2020-08-05,Marketing
9349,FirstName9349,LastName9349,39349,Delhi,2020-08-06,Support
9350,FirstName9350,LastName9350,39350,Noida,2020-08-07,Admin
9351,FirstName9351,LastName9351,39351,Gurgaon,2020-08-08,Operations
9352,FirstName9352,LastName9352,39352,Mumbai,2020-08-09,IT
9353,FirstName9353,LastName9353,39353,Pune,2020-08-10,HR
9354,FirstName9354,LastName9354,39354,Bangalore,2020-08-11,Finance
9355,FirstName9355,LastName9355,39355,Hyderabad,2020-08-12,Sales
9356,FirstName9356,LastName9356,39356,Chennai,2020-08-13,Marketing
9357,FirstName9357,LastName9357,39357,Delhi,2020-08-14,Support
9358,FirstName9358,LastName9358,39358,Noida,2020-08-15,Admin
9359,FirstName9359,LastName9359,39359,Gurgaon,2020-08-16,Operations
9360,FirstName9360,LastName9360,39360,Mumbai,2020-08-17,IT
9361,FirstName9361,LastName9361,39361,Pune,2020-08-18,HR
9362,FirstName9362,LastName9362,39362,Bangalore,2020-08-19,Finance
9363,FirstName9363,LastName9363,39363,Hyderabad,2020-08-20,Sales
9364,FirstName9364,LastName9364,39364,Chennai,2020-08-21,Marketing
9365,FirstName9365,LastName9365,39365,Delhi,2020-08-22,Support
9366,FirstName9366,LastName9366,39366,Noida,2020-08-23,Admin
9367,FirstName9367,LastName9367,39367,Gurgaon,2020-08-24,Operations
9368,FirstName9368,LastName9368,39368,Mumbai,2020-08-25,IT
9369,FirstName9369,LastName9369,39369,Pune,2020-08-26,HR
9370,FirstName9370,LastName9370,39370,Bangalore,2020-08-27,Finance
9371,FirstName9371,LastName9371,39371,Hyderabad,2020-08-28,Sales
9372,FirstName9372,LastName9372,39372,Chennai,2020-08-29,Marketing
9373,FirstName9373,LastName9373,39373,Delhi,2020-08-30,Support
9374,FirstName9374,LastName9374,39374,Noida,2020-08-31,Admin
9375,FirstName9375,LastName9375,39375,Gurgaon,2020-09-01,Operations
9376,FirstName9376,LastName9376,39376,Mumbai,2020-09-02,IT
9377,FirstName9377,LastName9377,39377,Pune,2020-09-03,HR
9378,FirstName9378,LastName9378,39378,Bangalore,2020-09-04,Finance
9379,FirstName9379,LastName9379,39379,Hyderabad,2020-09-05,Sales
9380,FirstName9380,LastName9380,39380,Chennai,2020-09-06,Marketing
9381,FirstName9381,LastName9381,39381,Delhi,2020-09-07,Support
9382,FirstName9382,LastName9382,39382,Noida,2020-09-08,Admin
9383,FirstName9383,LastName9383,39383,Gurgaon,2020-09-09,Operations
9384,FirstName9384,LastName9384,39384,Mumbai,2020-09-10,IT
9385,FirstName9385,LastName9385,39385,Pune,2020-09-11,HR
9386,FirstName9386,LastName9386,39386,Bangalore,2020-09-12,Finance
9387,FirstName9387,LastName9387,39387,Hyderabad,2020-09-13,Sales
9388,FirstName9388,LastName9388,39388,Chennai,2020-09-14,Marketing
9389,FirstName9389,LastName9389,39389,Delhi,2020-09-15,Support
9390,FirstName9390,LastName9390,39390,Noida,2020-09-16,Admin
9391,FirstName9391,LastName9391,39391,Gurgaon,2020-09-17,Operations
9392,FirstName9392,LastName9392,39392,Mumbai,2020-09-18,IT
9393,FirstName9393,LastName9393,39393,Pune,2020-09-19,HR
9394,FirstName9394,LastName9394,39394,Bangalore,2020-09-20,Finance
9395,FirstName9395,LastName9395,39395,Hyderabad,2020-09-21,Sales
9396,FirstName9396,LastName9396,39396,Chennai,2020-09-22,Marketing
9397,FirstName9397,LastName9397,39397,Delhi,2020-09-23,Support
9398,FirstName9398,LastName9398,39398,Noida,2020-09-24,Admin
9399,FirstName9399,LastName9399,39399,Gurgaon,2020-09-25,Operations
9400,FirstName9400,LastName9400,39400,Mumbai,2020-09-26,IT
9401,FirstName9401,LastName9401,39401,Pune,2020-09-27,HR
9402,FirstName9402,LastName9402,39402,Bangalore,2020-09-28,Finance
9403,FirstName9403,LastName9403,39403,Hyderabad,2020-09-29,Sales
9404,FirstName9404,LastName9404,39404,Chennai,2020-09-30,Marketing
9405,FirstName9405,LastName9405,39405,Delhi,2020-10-01,Support
9406,FirstName9406,LastName9406,39406,Noida,2020-10-02,Admin
9407,FirstName9407,LastName9407,39407,Gurgaon,2020-10-03,Operations
9408,FirstName9408,LastName9408,39408,Mumbai,2020-10-04,IT
9409,FirstName9409,LastName9409,39409,Pune,2020-10-05,HR
9410,FirstName9410,LastName9410,39410,Bangalore,2020-10-06,Finance
9411,FirstName9411,LastName9411,39411,Hyderabad,2020-10-07,Sales
9412,FirstName9412,LastName9412,39412,Chennai,2020-10-08,Marketing
9413,FirstName9413,LastName9413,39413,Delhi,2020-10-09,Support
9414,FirstName9414,LastName9414,39414,Noida,2020-10-10,Admin
9415,FirstName9415,LastName9415,39415,Gurgaon,2020-10-11,Operations
9416,FirstName9416,LastName9416,39416,Mumbai,2020-10-12,IT
9417,FirstName9417,LastName9417,39417,Pune,2020-10-13,HR
9418,FirstName9418,LastName9418,39418,Bangalore,2020-10-14,Finance
9419,FirstName9419,LastName9419,39419,Hyderabad,2020-10-15,Sales
9420,FirstName9420,LastName9420,39420,Chennai,2020-10-16,Marketing
9421,FirstName9421,LastName9421,39421,Delhi,2020-10-17,Support
9422,FirstName9422,LastName9422,39422,Noida,2020-10-18,Admin
9423,FirstName9423,LastName9423,39423,Gurgaon,2020-10-19,Operations
9424,FirstName9424,LastName9424,39424,Mumbai,2020-10-20,IT
9425,FirstName9425,LastName9425,39425,Pune,2020-10-21,HR
9426,FirstName9426,LastName9426,39426,Bangalore,2020-10-22,Finance
9427,FirstName9427,LastName9427,39427,Hyderabad,2020-10-23,Sales
9428,FirstName9428,LastName9428,39428,Chennai,2020-10-24,Marketing
9429,FirstName9429,LastName9429,39429,Delhi,2020-10-25,Support
9430,FirstName9430,LastName9430,39430,Noida,2020-10-26,Admin
9431,FirstName9431,LastName9431,39431,Gurgaon,2020-10-27,Operations
9432,FirstName9432,LastName9432,39432,Mumbai,2020-10-28,IT
9433,FirstName9433,LastName9433,39433,Pune,2020-10-29,HR
9434,FirstName9434,LastName9434,39434,Bangalore,2020-10-30,Finance
9435,FirstName9435,LastName9435,39435,Hyderabad,2020-10-31,Sales
9436,FirstName9436,LastName9436,39436,Chennai,2020-11-01,Marketing
9437,FirstName9437,LastName9437,39437,Delhi,2020-11-02,Support
9438,FirstName9438,LastName9438,39438,Noida,2020-11-03,Admin
9439,FirstName9439,LastName9439,39439,Gurgaon,2020-11-04,Operations
9440,FirstName9440,LastName9440,39440,Mumbai,2020-11-05,IT
9441,FirstName9441,LastName9441,39441,Pune,2020-11-06,HR
9442,FirstName9442,LastName9442,39442,Bangalore,2020-11-07,Finance
9443,FirstName9443,LastName9443,39443,Hyderabad,2020-11-08,Sales
9444,FirstName9444,LastName9444,39444,Chennai,2020-11-09,Marketing
9445,FirstName9445,LastName9445,39445,Delhi,2020-11-10,Support
9446,FirstName9446,LastName9446,39446,Noida,2020-11-11,Admin
9447,FirstName9447,LastName9447,39447,Gurgaon,2020-11-12,Operations
9448,FirstName9448,LastName9448,39448,Mumbai,2020-11-13,IT
9449,FirstName9449,LastName9449,39449,Pune,2020-11-14,HR
9450,FirstName9450,LastName9450,39450,Bangalore,2020-11-15,Finance
9451,FirstName9451,LastName9451,39451,Hyderabad,2020-11-16,Sales
9452,FirstName9452,LastName9452,39452,Chennai,2020-11-17,Marketing
9453,FirstName9453,LastName9453,39453,Delhi,2020-11-18,Support
9454,FirstName9454,LastName9454,39454,Noida,2020-11-19,Admin
9455,FirstName9455,LastName9455,39455,Gurgaon,2020-11-20,Operations
9456,FirstName9456,LastName9456,39456,Mumbai,2020-11-21,IT
9457,FirstName9457,LastName9457,39457,Pune,2020-11-22,HR
9458,FirstName9458,LastName9458,39458,Bangalore,2020-11-23,Finance
9459,FirstName9459,LastName9459,39459,Hyderabad,2020-11-24,Sales
9460,FirstName9460,LastName9460,39460,Chennai,2020-11-25,Marketing
9461,FirstName9461,LastName9461,39461,Delhi,2020-11-26,Support
9462,FirstName9462,LastName9462,39462,Noida,2020-11-27,Admin
9463,FirstName9463,LastName9463,39463,Gurgaon,2020-11-28,Operations
9464,FirstName9464,LastName9464,39464,Mumbai,2020-11-29,IT
9465,FirstName9465,LastName9465,39465,Pune,2020-11-30,HR
9466,FirstName9466,LastName9466,39466,Bangalore,2020-12-01,Finance
9467,FirstName9467,LastName9467,39467,Hyderabad,2020-12-02,Sales
9468,FirstName9468,LastName9468,39468,Chennai,2020-12-03,Marketing
9469,FirstName9469,LastName9469,39469,Delhi,2020-12-04,Support
9470,FirstName9470,LastName9470,39470,Noida,2020-12-05,Admin
9471,FirstName9471,LastName9471,39471,Gurgaon,2020-12-06,Operations
9472,FirstName9472,LastName9472,39472,Mumbai,2020-12-07,IT
9473,FirstName9473,LastName9473,39473,Pune,2020-12-08,HR
9474,FirstName9474,LastName9474,39474,Bangalore,2020-12-09,Finance
9475,FirstName9475,LastName9475,39475,Hyderabad,2020-12-10,Sales
9476,FirstName9476,LastName9476,39476,Chennai,2020-12-11,Marketing
9477,FirstName9477,LastName9477,39477,Delhi,2020-12-12,Support
9478,FirstName9478,LastName9478,39478,Noida,2020-12-13,Admin
9479,FirstName9479,LastName9479,39479,Gurgaon,2020-12-14,Operations
9480,FirstName9480,LastName9480,39480,Mumbai,2020-12-15,IT
9481,FirstName9481,LastName9481,39481,Pune,2020-12-16,HR
9482,FirstName9482,LastName9482,39482,Bangalore,2020-12-17,Finance
9483,FirstName9483,LastName9483,39483,Hyderabad,2020-12-18,Sales
9484,FirstName9484,LastName9484,39484,Chennai,2020-12-19,Marketing
9485,FirstName9485,LastName9485,39485,Delhi,2020-12-20,Support
9486,FirstName9486,LastName9486,39486,Noida,2020-12-21,Admin
9487,FirstName9487,LastName9487,39487,Gurgaon,2020-12-22,Operations
9488,FirstName9488,LastName9488,39488,Mumbai,2020-12-23,IT
9489,FirstName9489,LastName9489,39489,Pune,2020-12-24,HR
9490,FirstName9490,LastName9490,39490,Bangalore,2020-12-25,Finance
9491,FirstName9491,LastName9491,39491,Hyderabad,2020-12-26,Sales
9492,FirstName9492,LastName9492,39492,Chennai,2020-12-27,Marketing
9493,FirstName9493,LastName9493,39493,Delhi,2020-12-28,Support
9494,FirstName9494,LastName9494,39494,Noida,2020-12-29,Admin
9495,FirstName9495,LastName9495,39495,Gurgaon,2020-12-30,Operations
9496,FirstName9496,LastName9496,39496,Mumbai,2020-12-31,IT
9497,FirstName9497,LastName9497,39497,Pune,2021-01-01,HR
9498,FirstName9498,LastName9498,39498,Bangalore,2021-01-02,Finance
9499,FirstName9499,LastName9499,39499,Hyderabad,2021-01-03,Sales
9500,FirstName9500,LastName9500,39500,Chennai,2021-01-04,Marketing
9501,FirstName9501,LastName9501,39501,Delhi,2021-01-05,Support
9502,FirstName9502,LastName9502,39502,Noida,2021-01-06,Admin
9503,FirstName9503,LastName9503,39503,Gurgaon,2021-01-07,Operations
9504,FirstName9504,LastName9504,39504,Mumbai,2021-01-08,IT
9505,FirstName9505,LastName9505,39505,Pune,2021-01-09,HR
9506,FirstName9506,LastName9506,39506,Bangalore,2021-01-10,Finance
9507,FirstName9507,LastName9507,39507,Hyderabad,2021-01-11,Sales
9508,FirstName9508,LastName9508,39508,Chennai,2021-01-12,Marketing
9509,FirstName9509,LastName9509,39509,Delhi,2021-01-13,Support
9510,FirstName9510,LastName9510,39510,Noida,2021-01-14,Admin
9511,FirstName9511,LastName9511,39511,Gurgaon,2021-01-15,Operations
9512,FirstName9512,LastName9512,39512,Mumbai,2021-01-16,IT
9513,FirstName9513,LastName9513,39513,Pune,2021-01-17,HR
9514,FirstName9514,LastName9514,39514,Bangalore,2021-01-18,Finance
9515,FirstName9515,LastName9515,39515,Hyderabad,2021-01-19,Sales
9516,FirstName9516,LastName9516,39516,Chennai,2021-01-20,Marketing
9517,FirstName9517,LastName9517,39517,Delhi,2021-01-21,Support
9518,FirstName9518,LastName9518,39518,Noida,2021-01-22,Admin
9519,FirstName9519,LastName9519,39519,Gurgaon,2021-01-23,Operations
9520,FirstName9520,LastName9520,39520,Mumbai,2021-01-24,IT
9521,FirstName9521,LastName9521,39521,Pune,2021-01-25,HR
9522,FirstName9522,LastName9522,39522,Bangalore,2021-01-26,Finance
9523,FirstName9523,LastName9523,39523,Hyderabad,2021-01-27,Sales
9524,FirstName9524,LastName9524,39524,Chennai,2021-01-28,Marketing
9525,FirstName9525,LastName9525,39525,Delhi,2021-01-29,Support
9526,FirstName9526,LastName9526,39526,Noida,2021-01-30,Admin
9527,FirstName9527,LastName9527,39527,Gurgaon,2021-01-31,Operations
9528,FirstName9528,LastName9528,39528,Mumbai,2021-02-01,IT
9529,FirstName9529,LastName9529,39529,Pune,2021-02-02,HR
9530,FirstName9530,LastName9530,39530,Bangalore,2021-02-03,Finance
9531,FirstName9531,LastName9531,39531,Hyderabad,2021-02-04,Sales
9532,FirstName9532,LastName9532,39532,Chennai,2021-02-05,Marketing
9533,FirstName9533,LastName9533,39533,Delhi,2021-02-06,Support
9534,FirstName9534,LastName9534,39534,Noida,2021-02-07,Admin
9535,FirstName9535,LastName9535,39535,Gurgaon,2021-02-08,Operations
9536,FirstName9536,LastName9536,39536,Mumbai,2021-02-09,IT
9537,FirstName9537,LastName9537,39537,Pune,2021-02-10,HR
9538,FirstName9538,LastName9538,39538,Bangalore,2021-02-11,Finance
9539,FirstName9539,LastName9539,39539,Hyderabad,2021-02-12,Sales
9540,FirstName9540,LastName9540,39540,Chennai,2021-02-13,Marketing
9541,FirstName9541,LastName9541,39541,Delhi,2021-02-14,Support
9542,FirstName9542,LastName9542,39542,Noida,2021-02-15,Admin
9543,FirstName9543,LastName9543,39543,Gurgaon,2021-02-16,Operations
9544,FirstName9544,LastName9544,39544,Mumbai,2021-02-17,IT
9545,FirstName9545,LastName9545,39545,Pune,2021-02-18,HR
9546,FirstName9546,LastName9546,39546,Bangalore,2021-02-19,Finance
9547,FirstName9547,LastName9547,39547,Hyderabad,2021-02-20,Sales
9548,FirstName9548,LastName9548,39548,Chennai,2021-02-21,Marketing
9549,FirstName9549,LastName9549,39549,Delhi,2021-02-22,Support
9550,FirstName9550,LastName9550,39550,Noida,2021-02-23,Admin
9551,FirstName9551,LastName9551,39551,Gurgaon,2021-02-24,Operations
9552,FirstName9552,LastName9552,39552,Mumbai,2021-02-25,IT
9553,FirstName9553,LastName9553,39553,Pune,2021-02-26,HR
9554,FirstName9554,LastName9554,39554,Bangalore,2021-02-27,Finance
9555,FirstName9555,LastName9555,39555,Hyderabad,2021-02-28,Sales
9556,FirstName9556,LastName9556,39556,Chennai,2021-03-01,Marketing
9557,FirstName9557,LastName9557,39557,Delhi,2021-03-02,Support
9558,FirstName9558,LastName9558,39558,Noida,2021-03-03,Admin
9559,FirstName9559,LastName9559,39559,Gurgaon,2021-03-04,Operations
9560,FirstName9560,LastName9560,39560,Mumbai,2021-03-05,IT
9561,FirstName9561,LastName9561,39561,Pune,2021-03-06,HR
9562,FirstName9562,LastName9562,39562,Bangalore,2021-03-07,Finance
9563,FirstName9563,LastName9563,39563,Hyderabad,2021-03-08,Sales
9564,FirstName9564,LastName9564,39564,Chennai,2021-03-09,Marketing
9565,FirstName9565,LastName9565,39565,Delhi,2021-03-10,Support
9566,FirstName9566,LastName9566,39566,Noida,2021-03-11,Admin
9567,FirstName9567,LastName9567,39567,Gurgaon,2021-03-12,Operations
9568,FirstName9568,LastName9568,39568,Mumbai,2021-03-13,IT
9569,FirstName9569,LastName9569,39569,Pune,2021-03-14,HR
9570,FirstName9570,LastName9570,39570,Bangalore,2021-03-15,Finance
9571,FirstName9571,LastName9571,39571,Hyderabad,2021-03-16,Sales
9572,FirstName9572,LastName9572,39572,Chennai,2021-03-17,Marketing
9573,FirstName9573,LastName9573,39573,Delhi,2021-03-18,Support
9574,FirstName9574,LastName9574,39574,Noida,2021-03-19,Admin
9575,FirstName9575,LastName9575,39575,Gurgaon,2021-03-20,Operations
9576,FirstName9576,LastName9576,39576,Mumbai,2021-03-21,IT
9577,FirstName9577,LastName9577,39577,Pune,2021-03-22,HR
9578,FirstName9578,LastName9578,39578,Bangalore,2021-03-23,Finance
9579,FirstName9579,LastName9579,39579,Hyderabad,2021-03-24,Sales
9580,FirstName9580,LastName9580,39580,Chennai,2021-03-25,Marketing
9581,FirstName9581,LastName9581,39581,Delhi,2021-03-26,Support
9582,FirstName9582,LastName9582,39582,Noida,2021-03-27,Admin
9583,FirstName9583,LastName9583,39583,Gurgaon,2021-03-28,Operations
9584,FirstName9584,LastName9584,39584,Mumbai,2021-03-29,IT
9585,FirstName9585,LastName9585,39585,Pune,2021-03-30,HR
9586,FirstName9586,LastName9586,39586,Bangalore,2021-03-31,Finance
9587,FirstName9587,LastName9587,39587,Hyderabad,2021-04-01,Sales
9588,FirstName9588,LastName9588,39588,Chennai,2021-04-02,Marketing
9589,FirstName9589,LastName9589,39589,Delhi,2021-04-03,Support
9590,FirstName9590,LastName9590,39590,Noida,2021-04-04,Admin
9591,FirstName9591,LastName9591,39591,Gurgaon,2021-04-05,Operations
9592,FirstName9592,LastName9592,39592,Mumbai,2021-04-06,IT
9593,FirstName9593,LastName9593,39593,Pune,2021-04-07,HR
9594,FirstName9594,LastName9594,39594,Bangalore,2021-04-08,Finance
9595,FirstName9595,LastName9595,39595,Hyderabad,2021-04-09,Sales
9596,FirstName9596,LastName9596,39596,Chennai,2021-04-10,Marketing
9597,FirstName9597,LastName9597,39597,Delhi,2021-04-11,Support
9598,FirstName9598,LastName9598,39598,Noida,2021-04-12,Admin
9599,FirstName9599,LastName9599,39599,Gurgaon,2021-04-13,Operations
9600,FirstName9600,LastName9600,39600,Mumbai,2021-04-14,IT
9601,FirstName9601,LastName9601,39601,Pune,2021-04-15,HR
9602,FirstName9602,LastName9602,39602,Bangalore,2021-04-16,Finance
9603,FirstName9603,LastName9603,39603,Hyderabad,2021-04-17,Sales
9604,FirstName9604,LastName9604,39604,Chennai,2021-04-18,Marketing
9605,FirstName9605,LastName9605,39605,Delhi,2021-04-19,Support
9606,FirstName9606,LastName9606,39606,Noida,2021-04-20,Admin
9607,FirstName9607,LastName9607,39607,Gurgaon,2021-04-21,Operations
9608,FirstName9608,LastName9608,39608,Mumbai,2021-04-22,IT
9609,FirstName9609,LastName9609,39609,Pune,2021-04-23,HR
9610,FirstName9610,LastName9610,39610,Bangalore,2021-04-24,Finance
9611,FirstName9611,LastName9611,39611,Hyderabad,2021-04-25,Sales
9612,FirstName9612,LastName9612,39612,Chennai,2021-04-26,Marketing
9613,FirstName9613,LastName9613,39613,Delhi,2021-04-27,Support
9614,FirstName9614,LastName9614,39614,Noida,2021-04-28,Admin
9615,FirstName9615,LastName9615,39615,Gurgaon,2021-04-29,Operations
9616,FirstName9616,LastName9616,39616,Mumbai,2021-04-30,IT
9617,FirstName9617,LastName9617,39617,Pune,2021-05-01,HR
9618,FirstName9618,LastName9618,39618,Bangalore,2021-05-02,Finance
9619,FirstName9619,LastName9619,39619,Hyderabad,2021-05-03,Sales
9620,FirstName9620,LastName9620,39620,Chennai,2021-05-04,Marketing
9621,FirstName9621,LastName9621,39621,Delhi,2021-05-05,Support
9622,FirstName9622,LastName9622,39622,Noida,2021-05-06,Admin
9623,FirstName9623,LastName9623,39623,Gurgaon,2021-05-07,Operations
9624,FirstName9624,LastName9624,39624,Mumbai,2021-05-08,IT
9625,FirstName9625,LastName9625,39625,Pune,2021-05-09,HR
9626,FirstName9626,LastName9626,39626,Bangalore,2021-05-10,Finance
9627,FirstName9627,LastName9627,39627,Hyderabad,2021-05-11,Sales
9628,FirstName9628,LastName9628,39628,Chennai,2021-05-12,Marketing
9629,FirstName9629,LastName9629,39629,Delhi,2021-05-13,Support
9630,FirstName9630,LastName9630,39630,Noida,2021-05-14,Admin
9631,FirstName9631,LastName9631,39631,Gurgaon,2021-05-15,Operations
9632,FirstName9632,LastName9632,39632,Mumbai,2021-05-16,IT
9633,FirstName9633,LastName9633,39633,Pune,2021-05-17,HR
9634,FirstName9634,LastName9634,39634,Bangalore,2021-05-18,Finance
9635,FirstName9635,LastName9635,39635,Hyderabad,2021-05-19,Sales
9636,FirstName9636,LastName9636,39636,Chennai,2021-05-20,Marketing
9637,FirstName9637,LastName9637,39637,Delhi,2021-05-21,Support
9638,FirstName9638,LastName9638,39638,Noida,2021-05-22,Admin
9639,FirstName9639,LastName9639,39639,Gurgaon,2021-05-23,Operations
9640,FirstName9640,LastName9640,39640,Mumbai,2021-05-24,IT
9641,FirstName9641,LastName9641,39641,Pune,2021-05-25,HR
9642,FirstName9642,LastName9642,39642,Bangalore,2021-05-26,Finance
9643,FirstName9643,LastName9643,39643,Hyderabad,2021-05-27,Sales
9644,FirstName9644,LastName9644,39644,Chennai,2021-05-28,Marketing
9645,FirstName9645,LastName9645,39645,Delhi,2021-05-29,Support
9646,FirstName9646,LastName9646,39646,Noida,2021-05-30,Admin
9647,FirstName9647,LastName9647,39647,Gurgaon,2021-05-31,Operations
9648,FirstName9648,LastName9648,39648,Mumbai,2021-06-01,IT
9649,FirstName9649,LastName9649,39649,Pune,2021-06-02,HR
9650,FirstName9650,LastName9650,39650,Bangalore,2021-06-03,Finance
9651,FirstName9651,LastName9651,39651,Hyderabad,2021-06-04,Sales
9652,FirstName9652,LastName9652,39652,Chennai,2021-06-05,Marketing
9653,FirstName9653,LastName9653,39653,Delhi,2021-06-06,Support
9654,FirstName9654,LastName9654,39654,Noida,2021-06-07,Admin
9655,FirstName9655,LastName9655,39655,Gurgaon,2021-06-08,Operations
9656,FirstName9656,LastName9656,39656,Mumbai,2021-06-09,IT
9657,FirstName9657,LastName9657,39657,Pune,2021-06-10,HR
9658,FirstName9658,LastName9658,39658,Bangalore,2021-06-11,Finance
9659,FirstName9659,LastName9659,39659,Hyderabad,2021-06-12,Sales
9660,FirstName9660,LastName9660,39660,Chennai,2021-06-13,Marketing
9661,FirstName9661,LastName9661,39661,Delhi,2021-06-14,Support
9662,FirstName9662,LastName9662,39662,Noida,2021-06-15,Admin
9663,FirstName9663,LastName9663,39663,Gurgaon,2021-06-16,Operations
9664,FirstName9664,LastName9664,39664,Mumbai,2021-06-17,IT
9665,FirstName9665,LastName9665,39665,Pune,2021-06-18,HR
9666,FirstName9666,LastName9666,39666,Bangalore,2021-06-19,Finance
9667,FirstName9667,LastName9667,39667,Hyderabad,2021-06-20,Sales
9668,FirstName9668,LastName9668,39668,Chennai,2021-06-21,Marketing
9669,FirstName9669,LastName9669,39669,Delhi,2021-06-22,Support
9670,FirstName9670,LastName9670,39670,Noida,2021-06-23,Admin
9671,FirstName9671,LastName9671,39671,Gurgaon,2021-06-24,Operations
9672,FirstName9672,LastName9672,39672,Mumbai,2021-06-25,IT
9673,FirstName9673,LastName9673,39673,Pune,2021-06-26,HR
9674,FirstName9674,LastName9674,39674,Bangalore,2021-06-27,Finance
9675,FirstName9675,LastName9675,39675,Hyderabad,2021-06-28,Sales
9676,FirstName9676,LastName9676,39676,Chennai,2021-06-29,Marketing
9677,FirstName9677,LastName9677,39677,Delhi,2021-06-30,Support
9678,FirstName9678,LastName9678,39678,Noida,2021-07-01,Admin
9679,FirstName9679,LastName9679,39679,Gurgaon,2021-07-02,Operations
9680,FirstName9680,LastName9680,39680,Mumbai,2021-07-03,IT
9681,FirstName9681,LastName9681,39681,Pune,2021-07-04,HR
9682,FirstName9682,LastName9682,39682,Bangalore,2021-07-05,Finance
9683,FirstName9683,LastName9683,39683,Hyderabad,2021-07-06,Sales
9684,FirstName9684,LastName9684,39684,Chennai,2021-07-07,Marketing
9685,FirstName9685,LastName9685,39685,Delhi,2021-07-08,Support
9686,FirstName9686,LastName9686,39686,Noida,2021-07-09,Admin
9687,FirstName9687,LastName9687,39687,Gurgaon,2021-07-10,Operations
9688,FirstName9688,LastName9688,39688,Mumbai,2021-07-11,IT
9689,FirstName9689,LastName9689,39689,Pune,2021-07-12,HR
9690,FirstName9690,LastName9690,39690,Bangalore,2021-07-13,Finance
9691,FirstName9691,LastName9691,39691,Hyderabad,2021-07-14,Sales
9692,FirstName9692,LastName9692,39692,Chennai,2021-07-15,Marketing
9693,FirstName9693,LastName9693,39693,Delhi,2021-07-16,Support
9694,FirstName9694,LastName9694,39694,Noida,2021-07-17,Admin
9695,FirstName9695,LastName9695,39695,Gurgaon,2021-07-18,Operations
9696,FirstName9696,LastName9696,39696,Mumbai,2021-07-19,IT
9697,FirstName9697,LastName9697,39697,Pune,2021-07-20,HR
9698,FirstName9698,LastName9698,39698,Bangalore,2021-07-21,Finance
9699,FirstName9699,LastName9699,39699,Hyderabad,2021-07-22,Sales
9700,FirstName9700,LastName9700,39700,Chennai,2021-07-23,Marketing
9701,FirstName9701,LastName9701,39701,Delhi,2021-07-24,Support
9702,FirstName9702,LastName9702,39702,Noida,2021-07-25,Admin
9703,FirstName9703,LastName9703,39703,Gurgaon,2021-07-26,Operations
9704,FirstName9704,LastName9704,39704,Mumbai,2021-07-27,IT
9705,FirstName9705,LastName9705,39705,Pune,2021-07-28,HR
9706,FirstName9706,LastName9706,39706,Bangalore,2021-07-29,Finance
9707,FirstName9707,LastName9707,39707,Hyderabad,2021-07-30,Sales
9708,FirstName9708,LastName9708,39708,Chennai,2021-07-31,Marketing
9709,FirstName9709,LastName9709,39709,Delhi,2021-08-01,Support
9710,FirstName9710,LastName9710,39710,Noida,2021-08-02,Admin
9711,FirstName9711,LastName9711,39711,Gurgaon,2021-08-03,Operations
9712,FirstName9712,LastName9712,39712,Mumbai,2021-08-04,IT
9713,FirstName9713,LastName9713,39713,Pune,2021-08-05,HR
9714,FirstName9714,LastName9714,39714,Bangalore,2021-08-06,Finance
9715,FirstName9715,LastName9715,39715,Hyderabad,2021-08-07,Sales
9716,FirstName9716,LastName9716,39716,Chennai,2021-08-08,Marketing
9717,FirstName9717,LastName9717,39717,Delhi,2021-08-09,Support
9718,FirstName9718,LastName9718,39718,Noida,2021-08-10,Admin
9719,FirstName9719,LastName9719,39719,Gurgaon,2021-08-11,Operations
9720,FirstName9720,LastName9720,39720,Mumbai,2021-08-12,IT
9721,FirstName9721,LastName9721,39721,Pune,2021-08-13,HR
9722,FirstName9722,LastName9722,39722,Bangalore,2021-08-14,Finance
9723,FirstName9723,LastName9723,39723,Hyderabad,2021-08-15,Sales
9724,FirstName9724,LastName9724,39724,Chennai,2021-08-16,Marketing
9725,FirstName9725,LastName9725,39725,Delhi,2021-08-17,Support
9726,FirstName9726,LastName9726,39726,Noida,2021-08-18,Admin
9727,FirstName9727,LastName9727,39727,Gurgaon,2021-08-19,Operations
9728,FirstName9728,LastName9728,39728,Mumbai,2021-08-20,IT
9729,FirstName9729,LastName9729,39729,Pune,2021-08-21,HR
9730,FirstName9730,LastName9730,39730,Bangalore,2021-08-22,Finance
9731,FirstName9731,LastName9731,39731,Hyderabad,2021-08-23,Sales
9732,FirstName9732,LastName9732,39732,Chennai,2021-08-24,Marketing
9733,FirstName9733,LastName9733,39733,Delhi,2021-08-25,Support
9734,FirstName9734,LastName9734,39734,Noida,2021-08-26,Admin
9735,FirstName9735,LastName9735,39735,Gurgaon,2021-08-27,Operations
9736,FirstName9736,LastName9736,39736,Mumbai,2021-08-28,IT
9737,FirstName9737,LastName9737,39737,Pune,2021-08-29,HR
9738,FirstName9738,LastName9738,39738,Bangalore,2021-08-30,Finance
9739,FirstName9739,LastName9739,39739,Hyderabad,2021-08-31,Sales
9740,FirstName9740,LastName9740,39740,Chennai,2021-09-01,Marketing
9741,FirstName9741,LastName9741,39741,Delhi,2021-09-02,Support
9742,FirstName9742,LastName9742,39742,Noida,2021-09-03,Admin
9743,FirstName9743,LastName9743,39743,Gurgaon,2021-09-04,Operations
9744,FirstName9744,LastName9744,39744,Mumbai,2021-09-05,IT
9745,FirstName9745,LastName9745,39745,Pune,2021-09-06,HR
9746,FirstName9746,LastName9746,39746,Bangalore,2021-09-07,Finance
9747,FirstName9747,LastName9747,39747,Hyderabad,2021-09-08,Sales
9748,FirstName9748,LastName9748,39748,Chennai,2021-09-09,Marketing
9749,FirstName9749,LastName9749,39749,Delhi,2021-09-10,Support
9750,FirstName9750,LastName9750,39750,Noida,2021-09-11,Admin
9751,FirstName9751,LastName9751,39751,Gurgaon,2021-09-12,Operations
9752,FirstName9752,LastName9752,39752,Mumbai,2021-09-13,IT
9753,FirstName9753,LastName9753,39753,Pune,2021-09-14,HR
9754,FirstName9754,LastName9754,39754,Bangalore,2021-09-15,Finance
9755,FirstName9755,LastName9755,39755,Hyderabad,2021-09-16,Sales
9756,FirstName9756,LastName9756,39756,Chennai,2021-09-17,Marketing
9757,FirstName9757,LastName9757,39757,Delhi,2021-09-18,Support
9758,FirstName9758,LastName9758,39758,Noida,2021-09-19,Admin
9759,FirstName9759,LastName9759,39759,Gurgaon,2021-09-20,Operations
9760,FirstName9760,LastName9760,39760,Mumbai,2021-09-21,IT
9761,FirstName9761,LastName9761,39761,Pune,2021-09-22,HR
9762,FirstName9762,LastName9762,39762,Bangalore,2021-09-23,Finance
9763,FirstName9763,LastName9763,39763,Hyderabad,2021-09-24,Sales
9764,FirstName9764,LastName9764,39764,Chennai,2021-09-25,Marketing
9765,FirstName9765,LastName9765,39765,Delhi,2021-09-26,Support
9766,FirstName9766,LastName9766,39766,Noida,2021-09-27,Admin
9767,FirstName9767,LastName9767,39767,Gurgaon,2021-09-28,Operations
9768,FirstName9768,LastName9768,39768,Mumbai,2021-09-29,IT
9769,FirstName9769,LastName9769,39769,Pune,2021-09-30,HR
9770,FirstName9770,LastName9770,39770,Bangalore,2021-10-01,Finance
9771,FirstName9771,LastName9771,39771,Hyderabad,2021-10-02,Sales
9772,FirstName9772,LastName9772,39772,Chennai,2021-10-03,Marketing
9773,FirstName9773,LastName9773,39773,Delhi,2021-10-04,Support
9774,FirstName9774,LastName9774,39774,Noida,2021-10-05,Admin
9775,FirstName9775,LastName9775,39775,Gurgaon,2021-10-06,Operations
9776,FirstName9776,LastName9776,39776,Mumbai,2021-10-07,IT
9777,FirstName9777,LastName9777,39777,Pune,2021-10-08,HR
9778,FirstName9778,LastName9778,39778,Bangalore,2021-10-09,Finance
9779,FirstName9779,LastName9779,39779,Hyderabad,2021-10-10,Sales
9780,FirstName9780,LastName9780,39780,Chennai,2021-10-11,Marketing
9781,FirstName9781,LastName9781,39781,Delhi,2021-10-12,Support
9782,FirstName9782,LastName9782,39782,Noida,2021-10-13,Admin
9783,FirstName9783,LastName9783,39783,Gurgaon,2021-10-14,Operations
9784,FirstName9784,LastName9784,39784,Mumbai,2021-10-15,IT
9785,FirstName9785,LastName9785,39785,Pune,2021-10-16,HR
9786,FirstName9786,LastName9786,39786,Bangalore,2021-10-17,Finance
9787,FirstName9787,LastName9787,39787,Hyderabad,2021-10-18,Sales
9788,FirstName9788,LastName9788,39788,Chennai,2021-10-19,Marketing
9789,FirstName9789,LastName9789,39789,Delhi,2021-10-20,Support
9790,FirstName9790,LastName9790,39790,Noida,2021-10-21,Admin
9791,FirstName9791,LastName9791,39791,Gurgaon,2021-10-22,Operations
9792,FirstName9792,LastName9792,39792,Mumbai,2021-10-23,IT
9793,FirstName9793,LastName9793,39793,Pune,2021-10-24,HR
9794,FirstName9794,LastName9794,39794,Bangalore,2021-10-25,Finance
9795,FirstName9795,LastName9795,39795,Hyderabad,2021-10-26,Sales
9796,FirstName9796,LastName9796,39796,Chennai,2021-10-27,Marketing
9797,FirstName9797,LastName9797,39797,Delhi,2021-10-28,Support
9798,FirstName9798,LastName9798,39798,Noida,2021-10-29,Admin
9799,FirstName9799,LastName9799,39799,Gurgaon,2021-10-30,Operations
9800,FirstName9800,LastName9800,39800,Mumbai,2021-10-31,IT
9801,FirstName9801,LastName9801,39801,Pune,2021-11-01,HR
9802,FirstName9802,LastName9802,39802,Bangalore,2021-11-02,Finance
9803,FirstName9803,LastName9803,39803,Hyderabad,2021-11-03,Sales
9804,FirstName9804,LastName9804,39804,Chennai,2021-11-04,Marketing
9805,FirstName9805,LastName9805,39805,Delhi,2021-11-05,Support
9806,FirstName9806,LastName9806,39806,Noida,2021-11-06,Admin
9807,FirstName9807,LastName9807,39807,Gurgaon,2021-11-07,Operations
9808,FirstName9808,LastName9808,39808,Mumbai,2021-11-08,IT
9809,FirstName9809,LastName9809,39809,Pune,2021-11-09,HR
9810,FirstName9810,LastName9810,39810,Bangalore,2021-11-10,Finance
9811,FirstName9811,LastName9811,39811,Hyderabad,2021-11-11,Sales
9812,FirstName9812,LastName9812,39812,Chennai,2021-11-12,Marketing
9813,FirstName9813,LastName9813,39813,Delhi,2021-11-13,Support
9814,FirstName9814,LastName9814,39814,Noida,2021-11-14,Admin
9815,FirstName9815,LastName9815,39815,Gurgaon,2021-11-15,Operations
9816,FirstName9816,LastName9816,39816,Mumbai,2021-11-16,IT
9817,FirstName9817,LastName9817,39817,Pune,2021-11-17,HR
9818,FirstName9818,LastName9818,39818,Bangalore,2021-11-18,Finance
9819,FirstName9819,LastName9819,39819,Hyderabad,2021-11-19,Sales
9820,FirstName9820,LastName9820,39820,Chennai,2021-11-20,Marketing
9821,FirstName9821,LastName9821,39821,Delhi,2021-11-21,Support
9822,FirstName9822,LastName9822,39822,Noida,2021-11-22,Admin
9823,FirstName9823,LastName9823,39823,Gurgaon,2021-11-23,Operations
9824,FirstName9824,LastName9824,39824,Mumbai,2021-11-24,IT
9825,FirstName9825,LastName9825,39825,Pune,2021-11-25,HR
9826,FirstName9826,LastName9826,39826,Bangalore,2021-11-26,Finance
9827,FirstName9827,LastName9827,39827,Hyderabad,2021-11-27,Sales
9828,FirstName9828,LastName9828,39828,Chennai,2021-11-28,Marketing
9829,FirstName9829,LastName9829,39829,Delhi,2021-11-29,Support
9830,FirstName9830,LastName9830,39830,Noida,2021-11-30,Admin
9831,FirstName9831,LastName9831,39831,Gurgaon,2021-12-01,Operations
9832,FirstName9832,LastName9832,39832,Mumbai,2021-12-02,IT
9833,FirstName9833,LastName9833,39833,Pune,2021-12-03,HR
9834,FirstName9834,LastName9834,39834,Bangalore,2021-12-04,Finance
9835,FirstName9835,LastName9835,39835,Hyderabad,2021-12-05,Sales
9836,FirstName9836,LastName9836,39836,Chennai,2021-12-06,Marketing
9837,FirstName9837,LastName9837,39837,Delhi,2021-12-07,Support
9838,FirstName9838,LastName9838,39838,Noida,2021-12-08,Admin
9839,FirstName9839,LastName9839,39839,Gurgaon,2021-12-09,Operations
9840,FirstName9840,LastName9840,39840,Mumbai,2021-12-10,IT
9841,FirstName9841,LastName9841,39841,Pune,2021-12-11,HR
9842,FirstName9842,LastName9842,39842,Bangalore,2021-12-12,Finance
9843,FirstName9843,LastName9843,39843,Hyderabad,2021-12-13,Sales
9844,FirstName9844,LastName9844,39844,Chennai,2021-12-14,Marketing
9845,FirstName9845,LastName9845,39845,Delhi,2021-12-15,Support
9846,FirstName9846,LastName9846,39846,Noida,2021-12-16,Admin
9847,FirstName9847,LastName9847,39847,Gurgaon,2021-12-17,Operations
9848,FirstName9848,LastName9848,39848,Mumbai,2021-12-18,IT
9849,FirstName9849,LastName9849,39849,Pune,2021-12-19,HR
9850,FirstName9850,LastName9850,39850,Bangalore,2021-12-20,Finance
9851,FirstName9851,LastName9851,39851,Hyderabad,2021-12-21,Sales
9852,FirstName9852,LastName9852,39852,Chennai,2021-12-22,Marketing
9853,FirstName9853,LastName9853,39853,Delhi,2021-12-23,Support
9854,FirstName9854,LastName9854,39854,Noida,2021-12-24,Admin
9855,FirstName9855,LastName9855,39855,Gurgaon,2021-12-25,Operations
9856,FirstName9856,LastName9856,39856,Mumbai,2021-12-26,IT
9857,FirstName9857,LastName9857,39857,Pune,2021-12-27,HR
9858,FirstName9858,LastName9858,39858,Bangalore,2021-12-28,Finance
9859,FirstName9859,LastName9859,39859,Hyderabad,2021-12-29,Sales
9860,FirstName9860,LastName9860,39860,Chennai,2021-12-30,Marketing
9861,FirstName9861,LastName9861,39861,Delhi,2021-12-31,Support
9862,FirstName9862,LastName9862,39862,Noida,2022-01-01,Admin
9863,FirstName9863,LastName9863,39863,Gurgaon,2022-01-02,Operations
9864,FirstName9864,LastName9864,39864,Mumbai,2022-01-03,IT
9865,FirstName9865,LastName9865,39865,Pune,2022-01-04,HR
9866,FirstName9866,LastName9866,39866,Bangalore,2022-01-05,Finance
9867,FirstName9867,LastName9867,39867,Hyderabad,2022-01-06,Sales
9868,FirstName9868,LastName9868,39868,Chennai,2022-01-07,Marketing
9869,FirstName9869,LastName9869,39869,Delhi,2022-01-08,Support
9870,FirstName9870,LastName9870,39870,Noida,2022-01-09,Admin
9871,FirstName9871,LastName9871,39871,Gurgaon,2022-01-10,Operations
9872,FirstName9872,LastName9872,39872,Mumbai,2022-01-11,IT
9873,FirstName9873,LastName9873,39873,Pune,2022-01-12,HR
9874,FirstName9874,LastName9874,39874,Bangalore,2022-01-13,Finance
9875,FirstName9875,LastName9875,39875,Hyderabad,2022-01-14,Sales
9876,FirstName9876,LastName9876,39876,Chennai,2022-01-15,Marketing
9877,FirstName9877,LastName9877,39877,Delhi,2022-01-16,Support
9878,FirstName9878,LastName9878,39878,Noida,2022-01-17,Admin
9879,FirstName9879,LastName9879,39879,Gurgaon,2022-01-18,Operations
9880,FirstName9880,LastName9880,39880,Mumbai,2022-01-19,IT
9881,FirstName9881,LastName9881,39881,Pune,2022-01-20,HR
9882,FirstName9882,LastName9882,39882,Bangalore,2022-01-21,Finance
9883,FirstName9883,LastName9883,39883,Hyderabad,2022-01-22,Sales
9884,FirstName9884,LastName9884,39884,Chennai,2022-01-23,Marketing
9885,FirstName9885,LastName9885,39885,Delhi,2022-01-24,Support
9886,FirstName9886,LastName9886,39886,Noida,2022-01-25,Admin
9887,FirstName9887,LastName9887,39887,Gurgaon,2022-01-26,Operations
9888,FirstName9888,LastName9888,39888,Mumbai,2022-01-27,IT
9889,FirstName9889,LastName9889,39889,Pune,2022-01-28,HR
9890,FirstName9890,LastName9890,39890,Bangalore,2022-01-29,Finance
9891,FirstName9891,LastName9891,39891,Hyderabad,2022-01-30,Sales
9892,FirstName9892,LastName9892,39892,Chennai,2022-01-31,Marketing
9893,FirstName9893,LastName9893,39893,Delhi,2022-02-01,Support
9894,FirstName9894,LastName9894,39894,Noida,2022-02-02,Admin
9895,FirstName9895,LastName9895,39895,Gurgaon,2022-02-03,Operations
9896,FirstName9896,LastName9896,39896,Mumbai,2022-02-04,IT
9897,FirstName9897,LastName9897,39897,Pune,2022-02-05,HR
9898,FirstName9898,LastName9898,39898,Bangalore,2022-02-06,Finance
9899,FirstName9899,LastName9899,39899,Hyderabad,2022-02-07,Sales
9900,FirstName9900,LastName9900,39900,Chennai,2022-02-08,Marketing
9901,FirstName9901,LastName9901,39901,Delhi,2022-02-09,Support
9902,FirstName9902,LastName9902,39902,Noida,2022-02-10,Admin
9903,FirstName9903,LastName9903,39903,Gurgaon,2022-02-11,Operations
9904,FirstName9904,LastName9904,39904,Mumbai,2022-02-12,IT
9905,FirstName9905,LastName9905,39905,Pune,2022-02-13,HR
9906,FirstName9906,LastName9906,39906,Bangalore,2022-02-14,Finance
9907,FirstName9907,LastName9907,39907,Hyderabad,2022-02-15,Sales
9908,FirstName9908,LastName9908,39908,Chennai,2022-02-16,Marketing
9909,FirstName9909,LastName9909,39909,Delhi,2022-02-17,Support
9910,FirstName9910,LastName9910,39910,Noida,2022-02-18,Admin
9911,FirstName9911,LastName9911,39911,Gurgaon,2022-02-19,Operations
9912,FirstName9912,LastName9912,39912,Mumbai,2022-02-20,IT
9913,FirstName9913,LastName9913,39913,Pune,2022-02-21,HR
9914,FirstName9914,LastName9914,39914,Bangalore,2022-02-22,Finance
9915,FirstName9915,LastName9915,39915,Hyderabad,2022-02-23,Sales
9916,FirstName9916,LastName9916,39916,Chennai,2022-02-24,Marketing
9917,FirstName9917,LastName9917,39917,Delhi,2022-02-25,Support
9918,FirstName9918,LastName9918,39918,Noida,2022-02-26,Admin
9919,FirstName9919,LastName9919,39919,Gurgaon,2022-02-27,Operations
9920,FirstName9920,LastName9920,39920,Mumbai,2022-02-28,IT
9921,FirstName9921,LastName9921,39921,Pune,2022-03-01,HR
9922,FirstName9922,LastName9922,39922,Bangalore,2022-03-02,Finance
9923,FirstName9923,LastName9923,39923,Hyderabad,2022-03-03,Sales
9924,FirstName9924,LastName9924,39924,Chennai,2022-03-04,Marketing
9925,FirstName9925,LastName9925,39925,Delhi,2022-03-05,Support
9926,FirstName9926,LastName9926,39926,Noida,2022-03-06,Admin
9927,FirstName9927,LastName9927,39927,Gurgaon,2022-03-07,Operations
9928,FirstName9928,LastName9928,39928,Mumbai,2022-03-08,IT
9929,FirstName9929,LastName9929,39929,Pune,2022-03-09,HR
9930,FirstName9930,LastName9930,39930,Bangalore,2022-03-10,Finance
9931,FirstName9931,LastName9931,39931,Hyderabad,2022-03-11,Sales
9932,FirstName9932,LastName9932,39932,Chennai,2022-03-12,Marketing
9933,FirstName9933,LastName9933,39933,Delhi,2022-03-13,Support
9934,FirstName9934,LastName9934,39934,Noida,2022-03-14,Admin
9935,FirstName9935,LastName9935,39935,Gurgaon,2022-03-15,Operations
9936,FirstName9936,LastName9936,39936,Mumbai,2022-03-16,IT
9937,FirstName9937,LastName9937,39937,Pune,2022-03-17,HR
9938,FirstName9938,LastName9938,39938,Bangalore,2022-03-18,Finance
9939,FirstName9939,LastName9939,39939,Hyderabad,2022-03-19,Sales
9940,FirstName9940,LastName9940,39940,Chennai,2022-03-20,Marketing
9941,FirstName9941,LastName9941,39941,Delhi,2022-03-21,Support
9942,FirstName9942,LastName9942,39942,Noida,2022-03-22,Admin
9943,FirstName9943,LastName9943,39943,Gurgaon,2022-03-23,Operations
9944,FirstName9944,LastName9944,39944,Mumbai,2022-03-24,IT
9945,FirstName9945,LastName9945,39945,Pune,2022-03-25,HR
9946,FirstName9946,LastName9946,39946,Bangalore,2022-03-26,Finance
9947,FirstName9947,LastName9947,39947,Hyderabad,2022-03-27,Sales
9948,FirstName9948,LastName9948,39948,Chennai,2022-03-28,Marketing
9949,FirstName9949,LastName9949,39949,Delhi,2022-03-29,Support
9950,FirstName9950,LastName9950,39950,Noida,2022-03-30,Admin
9951,FirstName9951,LastName9951,39951,Gurgaon,2022-03-31,Operations
9952,FirstName9952,LastName9952,39952,Mumbai,2022-04-01,IT
9953,FirstName9953,LastName9953,39953,Pune,2022-04-02,HR
9954,FirstName9954,LastName9954,39954,Bangalore,2022-04-03,Finance
9955,FirstName9955,LastName9955,39955,Hyderabad,2022-04-04,Sales
9956,FirstName9956,LastName9956,39956,Chennai,2022-04-05,Marketing
9957,FirstName9957,LastName9957,39957,Delhi,2022-04-06,Support
9958,FirstName9958,LastName9958,39958,Noida,2022-04-07,Admin
9959,FirstName9959,LastName9959,39959,Gurgaon,2022-04-08,Operations
9960,FirstName9960,LastName9960,39960,Mumbai,2022-04-09,IT
9961,FirstName9961,LastName9961,39961,Pune,2022-04-10,HR
9962,FirstName9962,LastName9962,39962,Bangalore,2022-04-11,Finance
9963,FirstName9963,LastName9963,39963,Hyderabad,2022-04-12,Sales
9964,FirstName9964,LastName9964,39964,Chennai,2022-04-13,Marketing
9965,FirstName9965,LastName9965,39965,Delhi,2022-04-14,Support
9966,FirstName9966,LastName9966,39966,Noida,2022-04-15,Admin
9967,FirstName9967,LastName9967,39967,Gurgaon,2022-04-16,Operations
9968,FirstName9968,LastName9968,39968,Mumbai,2022-04-17,IT
9969,FirstName9969,LastName9969,39969,Pune,2022-04-18,HR
9970,FirstName9970,LastName9970,39970,Bangalore,2022-04-19,Finance
9971,FirstName9971,LastName9971,39971,Hyderabad,2022-04-20,Sales
9972,FirstName9972,LastName9972,39972,Chennai,2022-04-21,Marketing
9973,FirstName9973,LastName9973,39973,Delhi,2022-04-22,Support
9974,FirstName9974,LastName9974,39974,Noida,2022-04-23,Admin
9975,FirstName9975,LastName9975,39975,Gurgaon,2022-04-24,Operations
9976,FirstName9976,LastName9976,39976,Mumbai,2022-04-25,IT
9977,FirstName9977,LastName9977,39977,Pune,2022-04-26,HR
9978,FirstName9978,LastName9978,39978,Bangalore,2022-04-27,Finance
9979,FirstName9979,LastName9979,39979,Hyderabad,2022-04-28,Sales
9980,FirstName9980,LastName9980,39980,Chennai,2022-04-29,Marketing
9981,FirstName9981,LastName9981,39981,Delhi,2022-04-30,Support
9982,FirstName9982,LastName9982,39982,Noida,2022-05-01,Admin
9983,FirstName9983,LastName9983,39983,Gurgaon,2022-05-02,Operations
9984,FirstName9984,LastName9984,39984,Mumbai,2022-05-03,IT
9985,FirstName9985,LastName9985,39985,Pune,2022-05-04,HR
9986,FirstName9986,LastName9986,39986,Bangalore,2022-05-05,Finance
9987,FirstName9987,LastName9987,39987,Hyderabad,2022-05-06,Sales
9988,FirstName9988,LastName9988,39988,Chennai,2022-05-07,Marketing
9989,FirstName9989,LastName9989,39989,Delhi,2022-05-08,Support
9990,FirstName9990,LastName9990,39990,Noida,2022-05-09,Admin
9991,FirstName9991,LastName9991,39991,Gurgaon,2022-05-10,Operations
9992,FirstName9992,LastName9992,39992,Mumbai,2022-05-11,IT
9993,FirstName9993,LastName9993,39993,Pune,2022-05-12,HR
9994,FirstName9994,LastName9994,39994,Bangalore,2022-05-13,Finance
9995,FirstName9995,LastName9995,39995,Hyderabad,2022-05-14,Sales
9996,FirstName9996,LastName9996,39996,Chennai,2022-05-15,Marketing
9997,FirstName9997,LastName9997,39997,Delhi,2022-05-16,Support
9998,FirstName9998,LastName9998,39998,Noida,2022-05-17,Admin
9999,FirstName9999,LastName9999,39999,Gurgaon,2022-05-18,Operations
10000,FirstName10000,LastName10000,40000,Mumbai,2022-05-19,IT
